Date,Open,High,Low,Close,Volume
2010-01-04 16:00:00.288,26.62,26.8,26.28,26.71,555336
2010-01-05 16:00:00.288,26.79,26.99,26.49,26.62,336596
2010-01-06 16:00:00.288,26.66,26.83,26.23,26.3,363571
2010-01-07 16:00:00.288,26.06,26.27,25.64,26.17,558979
2010-01-08 16:00:00.288,25.96,26.53,25.85,26.5,296863
2010-01-11 16:00:00.288,26.56,27.0,26.55,26.98,387800
2010-01-12 16:00:00.288,26.91,27.15,26.62,26.88,314568
2010-01-13 16:00:00.288,26.88,27.0,26.52,26.85,207759
2010-01-14 16:00:00.288,26.76,26.85,26.52,26.65,203052
2010-01-15 16:00:00.288,26.66,26.77,26.35,26.35,307014
2010-01-19 16:00:00.288,26.42,26.55,26.35,26.36,407466
2010-01-20 16:00:00.288,26.37,26.41,26.18,26.28,271771
2010-01-21 16:00:00.288,26.31,26.4,25.86,25.97,416929
2010-01-22 16:00:00.288,25.99,26.33,25.9,26.12,336215
2010-01-25 16:00:00.288,26.24,26.34,26.13,26.29,299843
2010-01-26 16:00:00.288,26.33,26.44,26.15,26.18,334905
2010-01-27 16:00:00.288,26.16,26.5,26.1,26.44,310945
2010-01-28 16:00:00.288,26.56,26.87,26.27,26.66,327181
2010-01-29 16:00:00.288,26.74,27.08,26.67,26.69,415301
2010-02-01 16:00:00.288,26.91,27.14,26.25,26.32,389317
2010-02-02 16:00:00.288,26.39,26.76,26.33,26.66,320553
2010-02-03 16:00:00.288,26.85,27.04,26.75,27.01,355460
2010-02-04 16:00:00.288,27.07,27.1,26.51,26.56,339395
2010-02-05 16:00:00.288,26.56,26.7,26.0,26.68,424168
2010-02-08 16:00:00.288,27.16,27.5,26.71,27.22,882087
2010-02-09 16:00:00.288,27.28,27.38,26.85,26.94,468298
2010-02-10 16:00:00.288,27.01,27.12,26.31,26.43,427547
2010-02-11 16:00:00.288,26.56,26.62,25.13,25.64,1591273
2010-02-12 16:00:00.288,25.52,25.68,25.22,25.36,731848
2010-02-16 16:00:00.288,25.51,25.6,25.46,25.57,559270
2010-02-17 16:00:00.288,25.52,25.58,24.64,24.94,1440553
2010-02-18 16:00:00.288,24.95,25.08,23.61,25.03,1908834
2010-02-19 16:00:00.288,24.76,25.01,24.45,24.8,699462
2010-02-22 16:00:00.288,24.86,24.98,24.58,24.88,401002
2010-02-23 16:00:00.288,24.89,25.04,24.75,24.96,519929
2010-02-24 16:00:00.288,24.92,25.13,24.9,25.0,517251
2010-02-25 16:00:00.288,24.9,24.9,24.61,24.76,571155
2010-02-26 16:00:00.288,24.71,25.33,24.66,25.32,528469
2010-03-01 16:00:00.288,25.61,26.37,25.4,26.09,671051
2010-03-02 16:00:00.288,26.21,26.5,26.14,26.49,463234
2010-03-03 16:00:00.288,26.54,26.81,26.51,26.58,490149
2010-03-04 16:00:00.288,26.57,26.9,26.55,26.9,381054
2010-03-05 16:00:00.288,27.05,27.45,26.91,27.41,503451
2010-03-08 16:00:00.288,27.47,27.52,26.9,26.95,832424
2010-03-09 16:00:00.288,26.75,26.97,26.52,26.65,813723
2010-03-10 16:00:00.288,26.77,26.88,26.53,26.67,728401
2010-03-11 16:00:00.288,26.7,26.73,26.32,26.41,746152
2010-03-12 16:00:00.288,26.54,26.8,26.33,26.35,719076
2010-03-15 16:00:00.288,26.46,26.77,26.35,26.77,455762
2010-03-16 16:00:00.288,26.87,27.35,26.83,27.31,739873
2010-03-17 16:00:00.288,27.86,28.24,27.6,28.21,1184453
2010-03-18 16:00:00.288,28.24,28.3,27.96,28.01,918402
2010-03-19 16:00:00.288,28.17,28.17,27.64,27.8,936858
2010-03-22 16:00:00.288,27.82,28.49,27.62,28.39,1062047
2010-03-23 16:00:00.288,28.35,28.48,28.05,28.1,1101754
2010-03-24 16:00:00.288,28.16,28.25,28.05,28.12,916460
2010-03-25 16:00:00.288,28.21,28.33,28.11,28.13,991427
2010-03-26 16:00:00.288,28.14,28.25,27.62,27.7,2105500
2010-03-29 16:00:00.288,26.44,26.5,25.7,26.02,1341951
2010-03-30 16:00:00.288,26.07,26.18,25.68,25.73,955854
2010-03-31 16:00:00.288,25.58,25.94,25.41,25.6,677960
2010-04-01 16:00:00.288,25.69,26.12,25.6,26.12,489698
2010-04-05 16:00:00.288,26.15,26.28,25.99,26.12,519863
2010-04-06 16:00:00.288,26.17,26.26,26.04,26.26,437267
2010-04-07 16:00:00.288,26.16,26.37,26.13,26.33,396394
2010-04-08 16:00:00.288,26.29,26.37,26.06,26.27,387866
2010-04-09 16:00:00.288,26.23,26.35,26.13,26.26,320578
2010-04-12 16:00:00.288,26.3,26.35,26.0,26.11,448833
2010-04-13 16:00:00.288,26.04,26.38,25.95,26.38,467393
2010-04-14 16:00:00.288,26.44,26.5,26.01,26.29,425083
2010-04-15 16:00:00.288,26.25,26.36,26.01,26.08,414872
2010-04-16 16:00:00.288,26.16,26.33,25.78,26.13,420908
2010-04-19 16:00:00.288,26.11,26.21,25.9,26.1,341726
2010-04-20 16:00:00.288,26.14,26.46,26.1,26.39,342945
2010-04-21 16:00:00.288,26.39,26.65,26.36,26.59,314125
2010-04-22 16:00:00.288,26.57,26.68,26.34,26.68,259874
2010-04-23 16:00:00.288,26.7,27.08,26.68,27.0,438096
2010-04-26 16:00:00.288,27.11,27.48,27.06,27.2,568081
2010-04-27 16:00:00.288,27.57,27.85,27.3,27.35,912759
2010-04-28 16:00:00.288,27.78,27.92,27.57,27.63,697864
2010-04-29 16:00:00.288,27.8,28.0,27.68,27.97,672203
2010-04-30 16:00:00.288,27.99,28.0,27.42,27.51,654630
2010-05-03 16:00:00.288,27.82,27.95,27.57,27.79,552034
2010-05-04 16:00:00.288,27.55,27.7,27.02,27.43,676852
2010-05-05 16:00:00.288,27.05,27.16,26.2,27.02,978325
2010-05-06 16:00:00.288,26.87,27.02,24.51,25.93,1277237
2010-05-07 16:00:00.288,26.1,26.64,25.81,26.53,853318
2010-05-10 16:00:00.288,27.4,27.64,27.21,27.5,662760
2010-05-11 16:00:00.288,27.42,27.8,27.3,27.64,471855
2010-05-12 16:00:00.288,27.73,27.97,27.62,27.92,544179
2010-05-13 16:00:00.288,27.88,27.98,27.5,27.54,726149
2010-05-14 16:00:00.288,25.55,25.68,25.12,25.55,5707048
2010-05-17 16:00:00.288,25.62,25.85,25.5,25.85,1590230
2010-05-18 16:00:00.288,25.91,26.0,25.55,25.68,888960
2010-05-19 16:00:00.288,25.64,25.72,25.04,25.37,1006639
2010-05-20 16:00:00.288,25.05,25.17,24.62,24.91,1467395
2010-05-21 16:00:00.288,24.63,25.56,24.06,25.46,1330402
2010-05-24 16:00:00.288,25.51,25.74,25.35,25.55,690845
2010-05-25 16:00:00.288,25.07,25.47,24.61,25.42,1051789
2010-05-26 16:00:00.288,25.69,25.75,25.23,25.34,801774
2010-05-27 16:00:00.288,25.7,25.75,25.51,25.67,841892
2010-05-28 16:00:00.288,25.72,26.5,25.7,26.26,1562235
2010-06-01 16:00:00.288,26.35,27.1,26.26,26.59,1198207
2010-06-02 16:00:00.288,26.82,27.18,26.36,27.17,1019625
2010-06-03 16:00:00.288,27.38,27.41,26.68,26.79,883172
2010-06-04 16:00:00.288,26.54,26.83,26.46,26.5,800547
2010-06-07 16:00:00.288,26.72,26.74,26.36,26.44,634438
2010-06-08 16:00:00.288,26.49,26.63,26.25,26.58,572178
2010-06-09 16:00:00.288,26.71,27.0,26.55,26.67,529887
2010-06-10 16:00:00.288,26.8,27.23,26.79,27.2,457796
2010-06-11 16:00:00.288,27.07,27.67,27.0,27.67,572593
2010-06-14 16:00:00.288,28.0,28.24,27.75,27.98,1100414
2010-06-15 16:00:00.288,28.2,28.2,27.77,27.98,883108
2010-06-16 16:00:00.288,28.25,28.25,28.0,28.11,1011061
2010-06-17 16:00:00.288,28.25,28.34,28.11,28.33,1026913
2010-06-18 16:00:00.288,28.38,28.38,28.16,28.3,804848
2010-06-21 16:00:00.288,28.39,28.56,28.36,28.47,1082780
2010-06-22 16:00:00.288,28.6,28.6,28.33,28.33,1042032
2010-06-23 16:00:00.288,28.5,28.56,28.24,28.42,1059174
2010-06-24 16:00:00.288,28.49,28.5,28.28,28.44,1215210
2010-06-25 16:00:00.288,28.5,29.02,28.32,28.97,4262299
2010-06-28 16:00:00.288,27.2,27.46,26.77,26.97,1815421
2010-06-29 16:00:00.288,26.67,26.85,26.5,26.59,895988
2010-06-30 16:00:00.288,26.5,26.98,26.38,26.42,757860
2010-07-01 16:00:00.288,26.37,26.48,25.37,25.77,1458097
2010-07-02 16:00:00.288,25.7,25.92,25.42,25.7,652890
2010-07-06 16:00:00.288,25.84,26.51,25.82,25.97,724690
2010-07-07 16:00:00.288,26.19,26.89,26.01,26.83,740965
2010-07-08 16:00:00.288,26.95,27.39,26.83,27.34,856256
2010-07-09 16:00:00.288,27.42,27.5,27.2,27.44,400919
2010-07-12 16:00:00.288,27.49,27.7,27.25,27.62,714021
2010-07-13 16:00:00.288,27.73,27.92,27.66,27.92,702257
2010-07-14 16:00:00.288,27.88,27.88,27.17,27.2,836143
2010-07-15 16:00:00.288,27.31,27.38,26.84,27.04,707543
2010-07-16 16:00:00.288,27.05,27.18,26.65,26.97,593972
2010-07-19 16:00:00.288,27.12,27.29,26.69,26.93,691746
2010-07-20 16:00:00.288,26.8,27.6,26.69,27.53,612447
2010-07-21 16:00:00.288,27.56,27.65,27.2,27.25,441363
2010-07-22 16:00:00.288,27.6,27.75,27.34,27.42,422442
2010-07-23 16:00:00.288,27.47,27.9,27.4,27.82,648868
2010-07-26 16:00:00.288,27.95,28.18,27.8,28.16,673881
2010-07-27 16:00:00.288,28.2,28.34,27.9,28.1,584314
2010-07-28 16:00:00.288,28.24,28.25,27.6,28.04,798461
2010-07-29 16:00:00.288,28.17,28.18,27.02,27.28,1256623
2010-07-30 16:00:00.288,27.16,27.68,27.07,27.52,494114
2010-08-02 16:00:00.288,27.68,27.88,27.58,27.72,575865
2010-08-03 16:00:00.288,27.76,27.99,27.63,27.85,438384
2010-08-04 16:00:00.288,27.87,27.99,27.7,27.97,416278
2010-08-05 16:00:00.288,28.0,28.08,27.66,27.82,575969
2010-08-06 16:00:00.288,27.63,28.08,27.59,28.08,465197
2010-08-09 16:00:00.288,28.27,28.46,28.12,28.42,524665
2010-08-10 16:00:00.288,28.43,28.48,28.2,28.25,580959
2010-08-11 16:00:00.288,28.05,28.18,27.91,28.13,682076
2010-08-12 16:00:00.288,27.89,28.3,27.84,27.86,680064
2010-08-13 16:00:00.288,27.88,27.97,27.32,27.36,782838
2010-08-16 16:00:00.288,27.35,27.63,27.27,27.44,799217
2010-08-17 16:00:00.288,27.44,27.69,27.2,27.2,948620
2010-08-18 16:00:00.288,27.24,27.29,27.03,27.2,1012300
2010-08-19 16:00:00.288,27.2,27.25,26.99,27.0,1123087
2010-08-20 16:00:00.288,27.0,27.15,26.91,26.98,771561
2010-08-23 16:00:00.288,27.13,27.5,27.07,27.28,675436
2010-08-24 16:00:00.288,27.24,27.6,27.15,27.45,654905
2010-08-25 16:00:00.288,27.45,27.5,27.02,27.37,931864
2010-08-26 16:00:00.288,27.4,27.5,27.08,27.08,684651
2010-08-27 16:00:00.288,27.1,27.37,27.0,27.35,724377
2010-08-30 16:00:00.288,27.29,27.43,27.13,27.13,570415
2010-08-31 16:00:00.288,27.08,27.39,27.05,27.24,703923
2010-09-01 16:00:00.288,27.44,27.9,27.33,27.82,822487
2010-09-02 16:00:00.288,27.82,28.32,27.64,28.28,987772
2010-09-03 16:00:00.288,28.33,28.42,28.12,28.37,949981
2010-09-07 16:00:00.288,28.41,28.52,28.37,28.45,655618
2010-09-08 16:00:00.288,28.59,28.59,28.33,28.39,836876
2010-09-09 16:00:00.288,28.5,28.51,27.95,28.05,1196150
2010-09-10 16:00:00.288,28.19,28.42,28.01,28.17,912485
2010-09-13 16:00:00.288,28.37,28.43,28.18,28.23,1006266
2010-09-14 16:00:00.288,28.27,28.45,28.17,28.35,1256788
2010-09-15 16:00:00.288,28.69,28.93,28.69,28.8,1526397
2010-09-16 16:00:00.288,28.95,29.18,28.86,29.15,1437258
2010-09-17 16:00:00.288,29.4,29.71,29.29,29.62,1399012
2010-09-20 16:00:00.288,29.75,30.07,29.75,30.0,2028698
2010-09-21 16:00:00.288,30.08,30.09,29.45,29.56,2015676
2010-09-22 16:00:00.288,29.83,29.83,29.35,29.38,1721612
2010-09-23 16:00:00.288,29.5,29.68,29.23,29.27,2512435
2010-09-24 16:00:00.288,27.9,28.43,27.55,28.19,2010405
2010-09-27 16:00:00.288,28.15,28.16,27.8,27.99,1314642
2010-09-28 16:00:00.288,26.09,26.9,26.05,26.89,15974557
2010-09-29 16:00:00.288,26.93,27.22,26.8,26.85,3157426
2010-09-30 16:00:00.288,26.99,26.99,26.47,26.57,2013947
2010-10-01 16:00:00.288,26.67,27.01,26.6,26.98,1459691
2010-10-04 16:00:00.288,27.05,27.06,26.71,26.95,1190336
2010-10-05 16:00:00.288,27.06,27.15,26.91,27.01,1316785
2010-10-06 16:00:00.288,27.05,27.3,27.0,27.3,941289
2010-10-07 16:00:00.288,27.48,27.49,27.22,27.25,843074
2010-10-08 16:00:00.288,27.22,27.5,27.18,27.46,1001610
2010-10-11 16:00:00.288,27.49,27.8,27.45,27.71,1141615
2010-10-12 16:00:00.288,27.73,27.99,27.62,27.97,1377689
2010-10-13 16:00:00.288,27.98,28.04,27.75,27.78,1271500
2010-10-14 16:00:00.288,27.71,27.75,27.5,27.65,1259424
2010-10-15 16:00:00.288,27.78,27.8,27.53,27.61,763292
2010-10-18 16:00:00.288,27.65,27.86,27.65,27.85,876799
2010-10-19 16:00:00.288,27.85,27.97,27.71,27.88,1133913
2010-10-20 16:00:00.288,27.98,28.07,27.82,27.95,1211325
2010-10-21 16:00:00.288,28.03,28.03,27.84,27.96,907096
2010-10-22 16:00:00.288,28.0,28.0,27.82,27.9,777273
2010-10-25 16:00:00.288,28.0,28.0,27.72,27.83,1063672
2010-10-26 16:00:00.288,27.75,27.85,27.73,27.83,1208980
2010-10-27 16:00:00.288,28.16,28.35,28.0,28.32,1936897
2010-10-28 16:00:00.288,28.45,28.86,28.4,28.71,2054329
2010-10-29 16:00:00.288,28.7,28.74,28.36,28.64,3690706
2010-11-01 16:00:00.288,28.67,28.75,28.2,28.4,1401132
2010-11-02 16:00:00.288,28.5,28.81,28.44,28.76,1157423
2010-11-03 16:00:00.288,28.76,28.95,28.73,28.9,996217
2010-11-04 16:00:00.288,29.0,29.45,28.98,29.31,1418658
2010-11-05 16:00:00.288,29.4,29.48,29.32,29.43,938077
2010-11-08 16:00:00.288,29.43,29.49,29.34,29.37,996935
2010-11-09 16:00:00.288,29.37,29.37,29.02,29.18,1352486
2010-11-10 16:00:00.288,29.16,29.26,29.01,29.25,1090909
2010-11-11 16:00:00.288,29.17,29.38,29.07,29.36,772660
2010-11-12 16:00:00.288,28.52,28.65,28.36,28.37,3831082
2010-11-15 16:00:00.288,28.56,28.99,28.51,28.73,1581400
2010-11-16 16:00:00.288,28.75,28.76,28.22,28.44,1489591
2010-11-17 16:00:00.288,28.58,28.64,28.4,28.47,1163090
2010-11-18 16:00:00.288,28.63,28.65,28.41,28.46,1353934
2010-11-19 16:00:00.288,28.45,28.62,28.45,28.61,1672480
2010-11-22 16:00:00.288,28.74,28.9,28.7,28.87,1933241
2010-11-23 16:00:00.288,28.88,28.97,28.8,28.93,910400
2010-11-24 16:00:00.288,29.17,29.36,29.14,29.29,1368017
2010-11-26 16:00:00.288,29.29,29.49,29.29,29.3,574709
2010-11-29 16:00:00.288,29.43,29.43,29.26,29.42,1360297
2010-11-30 16:00:00.288,29.43,29.45,29.3,29.31,1205881
2010-12-01 16:00:00.288,29.49,29.51,29.36,29.43,1040262
2010-12-02 16:00:00.288,29.42,29.52,29.4,29.43,1413770
2010-12-03 16:00:00.288,29.42,29.54,29.37,29.47,1260390
2010-12-06 16:00:00.288,29.57,29.63,29.48,29.5,1337114
2010-12-07 16:00:00.288,29.6,29.85,29.55,29.71,1411768
2010-12-08 16:00:00.288,29.8,29.8,29.4,29.51,1527567
2010-12-09 16:00:00.288,27.8,28.85,27.7,28.64,11540599
2010-12-10 16:00:00.288,28.69,29.39,28.6,29.31,2549035
2010-12-13 16:00:00.288,29.48,29.79,29.36,29.69,2217979
2010-12-14 16:00:00.288,29.75,29.75,29.33,29.49,1821111
2010-12-15 16:00:00.288,29.57,29.57,29.18,29.24,1342197
2010-12-16 16:00:00.288,29.25,29.27,28.58,29.11,1779751
2010-12-17 16:00:00.288,29.16,29.43,29.01,29.32,1890080
2010-12-20 16:00:00.288,29.75,29.85,29.7,29.84,2682219
2010-12-21 16:00:00.288,29.91,29.98,29.86,29.95,1914860
2010-12-22 16:00:00.288,29.99,29.99,29.7,29.79,2397931
2010-12-23 16:00:00.288,29.9,29.9,29.72,29.86,1995645
2010-12-27 16:00:00.288,29.93,29.93,29.78,29.87,2671601
2010-12-28 16:00:00.288,29.9,29.9,29.5,29.57,4288872
2010-12-29 16:00:00.288,28.29,28.92,28.2,28.75,3820145
2010-12-30 16:00:00.288,28.75,28.99,28.72,28.88,1325687
2010-12-31 16:00:00.288,28.93,28.99,28.74,28.74,876968
2011-01-03 16:00:00.288,28.75,28.8,28.46,28.69,2390589
2011-01-04 16:00:00.288,28.7,28.7,28.37,28.4,2058014
2011-01-05 16:00:00.288,28.4,28.71,28.31,28.69,1511133
2011-01-06 16:00:00.288,28.9,29.28,28.88,29.23,1836898
2011-01-07 16:00:00.288,29.29,29.49,29.22,29.47,1696307
2011-01-10 16:00:00.288,29.5,29.62,29.36,29.59,1952542
2011-01-11 16:00:00.288,29.61,29.63,29.5,29.55,1286924
2011-01-12 16:00:00.288,29.64,29.75,29.57,29.68,1932316
2011-01-13 16:00:00.288,29.3,29.35,28.54,28.64,8025191
2011-01-14 16:00:00.288,28.4,29.2,28.36,29.0,29124322
2011-01-18 16:00:00.288,29.02,29.18,28.81,28.93,3555702
2011-01-19 16:00:00.288,28.96,28.98,28.54,28.72,3366970
2011-01-20 16:00:00.288,28.7,28.74,28.45,28.63,3215453
2011-01-21 16:00:00.288,28.65,28.76,28.45,28.45,2482953
2011-01-24 16:00:00.288,28.67,28.67,28.38,28.55,2472294
2011-01-25 16:00:00.288,28.57,28.69,28.53,28.54,1878604
2011-01-26 16:00:00.288,28.67,28.77,28.57,28.66,2174664
2011-01-27 16:00:00.288,28.84,28.85,28.67,28.79,2092972
2011-01-28 16:00:00.288,28.91,28.95,28.62,28.69,3365624
2011-01-31 16:00:00.288,28.7,28.76,28.5,28.69,9065626
2011-02-01 16:00:00.288,28.71,28.95,28.62,28.88,2810252
2011-02-02 16:00:00.288,28.95,29.08,28.89,28.98,1294773
2011-02-03 16:00:00.288,28.97,28.99,28.81,28.9,1288380
2011-02-04 16:00:00.288,29.0,29.0,28.7,28.87,1999680
2011-02-07 16:00:00.288,28.92,29.16,28.9,29.07,1664465
2011-02-08 16:00:00.288,29.14,29.29,28.95,29.26,2592329
2011-02-09 16:00:00.288,29.48,29.52,29.26,29.35,3187810
2011-02-10 16:00:00.288,29.35,29.35,29.08,29.2,1574204
2011-02-11 16:00:00.288,29.35,29.58,29.32,29.55,2186041
2011-02-14 16:00:00.288,29.6,29.69,29.5,29.6,2650337
2011-02-15 16:00:00.288,29.55,29.57,28.95,28.95,4695769
2011-02-16 16:00:00.288,29.26,29.3,29.1,29.16,2017884
2011-02-17 16:00:00.288,29.25,29.41,29.21,29.36,1428656
2011-02-18 16:00:00.288,29.49,29.49,29.2,29.27,1671356
2011-02-22 16:00:00.288,29.26,29.3,29.05,29.1,2110486
2011-02-23 16:00:00.288,29.24,29.28,28.95,29.08,2086325
2011-02-24 16:00:00.288,29.16,29.3,29.09,29.27,2316621
2011-02-25 16:00:00.288,29.45,29.51,29.32,29.4,1737029
2011-02-28 16:00:00.288,29.5,29.51,29.35,29.45,2347967
2011-03-01 16:00:00.288,29.55,29.58,29.35,29.44,2395289
2011-03-02 16:00:00.288,29.53,29.59,29.4,29.57,2295617
2011-03-03 16:00:00.288,29.7,29.74,29.57,29.62,2199233
2011-03-04 16:00:00.288,29.73,29.75,29.6,29.64,1589919
2011-03-07 16:00:00.288,29.75,29.75,29.6,29.62,2554095
2011-03-08 16:00:00.288,29.8,30.02,29.7,29.79,4517445
2011-03-09 16:00:00.288,29.94,30.09,29.86,30.05,2517712
2011-03-10 16:00:00.288,30.11,30.15,29.98,30.06,2834632
2011-03-11 16:00:00.288,30.04,30.13,29.9,30.02,3241802
2011-03-14 16:00:00.288,30.1,30.28,30.02,30.2,3274393
2011-03-15 16:00:00.288,30.0,30.22,29.93,30.09,4196322
2011-03-16 16:00:00.288,30.25,30.41,30.17,30.26,3793396
2011-03-17 16:00:00.288,30.43,30.46,30.25,30.35,3792540
2011-03-18 16:00:00.288,30.46,30.68,30.27,30.67,7702521
2011-03-21 16:00:00.288,29.5,29.58,29.08,29.1,8682148
2011-03-22 16:00:00.288,28.05,28.49,28.02,28.29,39384092
2011-03-23 16:00:00.288,28.35,28.76,28.26,28.71,6910428
2011-03-24 16:00:00.288,28.86,28.88,28.6,28.73,3497352
2011-03-25 16:00:00.288,28.84,29.13,28.78,29.02,4452816
2011-03-28 16:00:00.288,29.14,29.38,29.05,29.06,4670803
2011-03-29 16:00:00.288,29.15,29.23,28.68,28.8,4139619
2011-03-30 16:00:00.288,28.86,28.95,28.65,28.7,2837511
2011-03-31 16:00:00.288,28.7,29.14,28.65,29.14,7031472
2011-04-01 16:00:00.288,29.06,29.1,28.79,29.02,3812313
2011-04-04 16:00:00.288,29.0,29.0,28.7,28.73,3060369
2011-04-05 16:00:00.288,28.72,28.86,28.65,28.79,2798890
2011-04-06 16:00:00.288,28.84,28.84,28.5,28.63,2788316
2011-04-07 16:00:00.288,28.7,28.77,28.5,28.5,2282614
2011-04-08 16:00:00.288,28.53,28.6,28.0,28.31,4859692
2011-04-11 16:00:00.288,28.34,28.48,28.03,28.18,3062334
2011-04-12 16:00:00.288,28.15,28.27,27.7,27.83,3888249
2011-04-13 16:00:00.288,27.9,28.16,27.88,28.05,2523302
2011-04-14 16:00:00.288,28.18,28.73,28.05,28.7,2945314
2011-04-15 16:00:00.288,28.69,28.74,28.5,28.53,1917397
2011-04-18 16:00:00.288,28.47,28.54,28.12,28.47,2374419
2011-04-19 16:00:00.288,28.37,28.45,28.17,28.35,1735909
2011-04-20 16:00:00.288,28.52,28.6,28.41,28.6,1637861
2011-04-21 16:00:00.288,28.71,28.79,28.6,28.78,1693566
2011-04-25 16:00:00.288,28.82,28.83,28.51,28.83,2664007
2011-04-26 16:00:00.288,29.0,29.11,28.8,28.83,3445348
2011-04-27 16:00:00.288,29.04,29.05,28.71,28.78,2626534
2011-04-28 16:00:00.288,28.83,29.01,28.8,28.94,2193625
2011-04-29 16:00:00.288,28.97,29.12,28.94,29.11,2298734
2011-05-02 16:00:00.288,29.15,29.28,29.13,29.2,2265077
2011-05-03 16:00:00.288,29.2,29.22,29.07,29.19,2111093
2011-05-04 16:00:00.288,29.19,29.32,29.13,29.24,2281785
2011-05-05 16:00:00.288,29.26,29.57,29.17,29.46,2797050
2011-05-06 16:00:00.288,29.58,29.65,29.42,29.46,2019497
2011-05-09 16:00:00.288,29.55,29.59,29.37,29.58,1739221
2011-05-10 16:00:00.288,29.65,29.84,29.6,29.83,2252391
2011-05-11 16:00:00.288,29.83,29.84,29.61,29.68,1875449
2011-05-12 16:00:00.288,29.7,29.81,29.56,29.79,1835322
2011-05-13 16:00:00.288,29.85,29.85,29.62,29.62,1594117
2011-05-16 16:00:00.288,29.61,29.72,29.5,29.5,1973290
2011-05-17 16:00:00.288,29.53,29.62,29.4,29.52,1655869
2011-05-18 16:00:00.288,29.57,29.75,29.56,29.75,1453449
2011-05-19 16:00:00.288,29.8,29.95,29.75,29.93,1758606
2011-05-20 16:00:00.288,29.95,30.07,29.86,29.97,2387144
2011-05-23 16:00:00.288,29.9,30.12,29.83,30.0,2373115
2011-05-24 16:00:00.288,30.1,30.15,30.01,30.12,1676549
2011-05-25 16:00:00.288,30.14,30.15,29.9,30.09,2431962
2011-05-26 16:00:00.288,30.13,30.22,30.02,30.2,1544888
2011-05-27 16:00:00.288,30.25,30.3,30.2,30.28,1444088
2011-05-31 16:00:00.288,30.35,30.37,30.2,30.37,2312928
2011-06-01 16:00:00.288,30.36,30.38,30.23,30.23,2211649
2011-06-02 16:00:00.288,30.25,30.4,30.25,30.36,2485213
2011-06-03 16:00:00.288,30.3,30.45,30.28,30.34,2219219
2011-06-06 16:00:00.288,30.39,30.46,30.26,30.31,2167011
2011-06-07 16:00:00.288,30.39,30.65,30.35,30.55,3817534
2011-06-08 16:00:00.288,30.56,30.74,30.54,30.7,5354551
2011-06-09 16:00:00.288,30.7,30.76,30.27,30.41,6139826
2011-06-10 16:00:00.288,30.58,30.6,30.05,30.1,5757890
2011-06-13 16:00:00.288,30.36,30.42,30.15,30.24,4170361
2011-06-14 16:00:00.288,30.4,30.5,30.31,30.39,3265574
2011-06-15 16:00:00.288,30.46,30.48,30.35,30.37,3612006
2011-06-16 16:00:00.288,30.45,30.47,30.29,30.29,4419438
2011-06-17 16:00:00.288,30.35,30.41,30.15,30.15,5843094
2011-06-20 16:00:00.288,30.25,30.3,29.76,29.8,9035404
2011-06-21 16:00:00.288,28.53,28.83,28.31,28.5,10372202
2011-06-22 16:00:00.288,28.65,29.16,28.63,28.85,8677018
2011-06-23 16:00:00.288,28.28,28.86,28.25,28.64,40607464
2011-06-24 16:00:00.288,28.75,28.84,28.64,28.73,19886942
2011-06-27 16:00:00.288,28.9,29.0,28.68,28.81,5011244
2011-06-28 16:00:00.288,28.82,28.89,28.67,28.78,4860471
2011-06-29 16:00:00.288,28.77,29.0,28.76,29.0,5468987
2011-06-30 16:00:00.288,29.1,29.29,29.03,29.11,4501627
2011-07-01 16:00:00.288,29.16,29.74,29.11,29.6,5694283
2011-07-05 16:00:00.288,29.66,29.98,29.56,29.96,5689820
2011-07-06 16:00:00.288,29.95,30.27,29.88,30.27,6197933
2011-07-07 16:00:00.288,30.32,30.34,29.66,30.06,6167148
2011-07-08 16:00:00.288,29.77,30.3,29.75,30.2,3749052
2011-07-11 16:00:00.288,30.09,30.16,29.86,29.9,3841711
2011-07-12 16:00:00.288,29.79,29.92,29.67,29.7,5493859
2011-07-13 16:00:00.288,29.71,29.82,29.55,29.6,3384666
2011-07-14 16:00:00.288,29.6,29.64,29.06,29.12,5473077
2011-07-15 16:00:00.288,29.18,29.29,28.98,29.27,3698800
2011-07-18 16:00:00.288,29.08,29.22,28.76,29.01,5437754
2011-07-19 16:00:00.288,29.2,29.49,29.07,29.38,3277545
2011-07-20 16:00:00.288,29.56,29.72,29.5,29.69,2293054
2011-07-21 16:00:00.288,29.69,29.7,29.27,29.55,4759886
2011-07-22 16:00:00.288,29.61,29.74,29.58,29.68,2922651
2011-07-25 16:00:00.288,29.27,29.34,28.77,28.89,9673462
2011-07-26 16:00:00.288,28.81,28.99,28.41,28.98,7610714
2011-07-27 16:00:00.288,29.1,29.2,28.38,28.39,7921374
2011-07-28 16:00:00.288,28.38,28.65,28.05,28.33,6888174
2011-07-29 16:00:00.288,28.0,28.01,22.03,27.92,21177176
2011-08-01 16:00:00.288,29.19,29.32,28.47,29.03,11099481
2011-08-02 16:00:00.288,29.04,29.09,28.46,28.49,5377572
2011-08-03 16:00:00.288,28.69,29.13,28.59,29.11,7556922
2011-08-04 16:00:00.288,29.02,29.05,28.15,28.16,8249941
2011-08-05 16:00:00.288,28.48,28.82,27.61,28.35,8557250
2011-08-08 16:00:00.288,26.48,28.2,26.35,26.73,14089375
2011-08-09 16:00:00.288,27.2,29.79,27.11,29.78,14003142
2011-08-10 16:00:00.288,29.04,29.32,28.38,28.41,12975698
2011-08-11 16:00:00.288,28.7,29.3,28.55,28.75,9635641
2011-08-12 16:00:00.288,29.29,29.47,29.0,29.11,6628400
2011-08-15 16:00:00.288,29.48,29.77,29.31,29.71,5842327
2011-08-16 16:00:00.288,29.57,29.96,29.47,29.74,5293705
2011-08-17 16:00:00.288,29.91,29.99,29.75,29.96,4479353
2011-08-18 16:00:00.288,29.44,29.69,29.01,29.27,7022411
2011-08-19 16:00:00.288,29.0,29.05,28.51,28.61,6925117
2011-08-22 16:00:00.288,29.06,29.28,28.49,28.64,5014255
2011-08-23 16:00:00.288,28.73,29.05,28.55,28.94,5115904
2011-08-24 16:00:00.288,28.9,28.9,28.3,28.62,7493145
2011-08-25 16:00:00.288,28.56,28.57,27.44,27.76,10431326
2011-08-26 16:00:00.288,27.84,28.16,27.65,28.06,6642214
2011-08-29 16:00:00.288,28.45,28.61,28.34,28.6,4285698
2011-08-30 16:00:00.288,28.6,28.97,28.39,28.74,5515591
2011-08-31 16:00:00.288,29.02,29.08,28.41,28.51,9111809
2011-09-01 16:00:00.288,28.48,28.49,27.51,27.68,12747692
2011-09-02 16:00:00.288,27.0,27.88,26.7,27.27,8698292
2011-09-06 16:00:00.288,26.91,27.69,26.8,27.65,5884355
2011-09-07 16:00:00.288,28.1,28.15,27.53,27.88,4996229
2011-09-08 16:00:00.288,27.9,28.15,27.7,27.8,4121274
2011-09-09 16:00:00.288,27.82,28.49,27.7,28.39,7421233
2011-09-12 16:00:00.288,28.15,28.99,28.01,28.98,7379678
2011-09-13 16:00:00.288,29.07,29.13,28.9,29.11,4490458
2011-09-14 16:00:00.288,29.46,29.65,29.2,29.61,6823674
2011-09-15 16:00:00.288,29.7,29.85,29.59,29.85,5776284
2011-09-16 16:00:00.288,29.87,29.9,29.51,29.54,6997365
2011-09-19 16:00:00.288,29.5,29.61,29.4,29.49,7371553
2011-09-20 16:00:00.288,29.65,29.67,29.02,29.06,10553421
2011-09-21 16:00:00.288,27.62,27.91,27.11,27.12,11047809
2011-09-22 16:00:00.288,26.93,28.02,26.88,27.39,9297399
2011-09-23 16:00:00.288,27.49,27.9,27.22,27.54,5309505
2011-09-26 16:00:00.288,27.69,27.74,27.1,27.57,4879734
2011-09-27 16:00:00.288,27.8,27.8,27.31,27.41,5500214
2011-09-28 16:00:00.288,27.58,27.6,27.34,27.37,4196605
2011-09-29 16:00:00.288,27.6,27.65,27.0,27.34,3817237
2011-09-30 16:00:00.288,27.32,27.4,27.04,27.1,3707566
2011-10-03 16:00:00.288,27.0,27.29,25.71,25.89,8348905
2011-10-04 16:00:00.288,25.22,26.38,22.84,26.34,17700668
2011-10-05 16:00:00.288,26.3,26.59,25.88,26.31,5262823
2011-10-06 16:00:00.288,26.3,27.19,26.28,27.04,4509129
2011-10-07 16:00:00.288,27.2,27.2,26.66,26.69,5129555
2011-10-10 16:00:00.288,27.14,27.26,26.87,27.15,3255627
2011-10-11 16:00:00.288,27.1,27.22,26.98,27.06,2327917
2011-10-12 16:00:00.288,27.34,27.39,26.86,27.03,3763908
2011-10-13 16:00:00.288,27.0,27.41,27.0,27.33,3979102
2011-10-14 16:00:00.288,27.45,27.65,27.37,27.65,2568418
2011-10-17 16:00:00.288,27.37,27.6,27.03,27.44,4605484
2011-10-18 16:00:00.288,27.45,27.8,27.36,27.79,4206755
2011-10-19 16:00:00.288,27.8,27.9,27.63,27.69,3468327
2011-10-20 16:00:00.288,27.79,27.79,27.42,27.68,2547651
2011-10-21 16:00:00.288,27.83,27.88,27.33,27.7,3130241
2011-10-24 16:00:00.288,27.53,28.58,27.45,28.56,8261305
2011-10-25 16:00:00.288,28.46,28.9,28.42,28.54,6275277
2011-10-26 16:00:00.288,28.59,28.79,28.36,28.65,4965218
2011-10-27 16:00:00.288,27.57,27.65,27.5,27.54,37411400
2011-10-28 16:00:00.288,27.58,27.85,27.55,27.71,9519211
2011-10-31 16:00:00.288,27.7,27.78,27.51,27.51,7236445
2011-11-01 16:00:00.288,27.25,27.69,27.07,27.31,8109846
2011-11-02 16:00:00.288,27.65,27.65,27.44,27.63,8911349
2011-11-03 16:00:00.288,27.7,27.84,27.47,27.7,4457699
2011-11-04 16:00:00.288,27.73,27.9,27.6,27.89,3543761
2011-11-07 16:00:00.288,27.89,28.13,27.85,28.13,3608335
2011-11-08 16:00:00.288,28.3,28.5,28.21,28.48,4803761
2011-11-09 16:00:00.288,28.25,28.44,27.8,27.85,5702985
2011-11-10 16:00:00.288,28.03,28.08,27.62,27.91,4689458
2011-11-11 16:00:00.288,28.02,28.19,27.8,28.11,2570762
2011-11-14 16:00:00.288,28.05,28.1,27.92,27.99,2927054
2011-11-15 16:00:00.288,27.87,28.11,27.81,28.06,3208509
2011-11-16 16:00:00.288,28.0,28.37,27.97,28.12,3257024
2011-11-17 16:00:00.288,28.21,28.25,27.85,27.95,3636717
2011-11-18 16:00:00.288,28.1,28.18,27.98,28.06,3087453
2011-11-21 16:00:00.288,27.9,27.99,27.75,27.88,3376193
2011-11-22 16:00:00.288,27.88,28.25,27.86,28.14,3712044
2011-11-23 16:00:00.288,28.04,28.08,27.78,27.78,3669763
2011-11-25 16:00:00.288,27.77,27.93,27.73,27.76,2013166
2011-11-28 16:00:00.288,28.1,28.17,27.91,28.16,3637155
2011-11-29 16:00:00.288,28.17,28.3,28.01,28.18,3688285
2011-11-30 16:00:00.288,28.46,28.69,28.29,28.69,4386684
2011-12-01 16:00:00.288,28.63,28.68,28.43,28.53,3489497
2011-12-02 16:00:00.288,28.55,28.71,28.37,28.38,4522089
2011-12-05 16:00:00.288,28.7,28.73,28.54,28.71,4700044
2011-12-06 16:00:00.288,28.71,28.95,28.6,28.83,3316437
2011-12-07 16:00:00.288,28.89,28.95,28.75,28.88,2682110
2011-12-08 16:00:00.288,28.9,28.95,28.69,28.69,4136164
2011-12-09 16:00:00.288,28.84,28.91,28.71,28.9,2954201
2011-12-12 16:00:00.288,28.88,28.98,28.7,28.74,4681745
2011-12-13 16:00:00.288,29.0,29.12,28.91,28.98,6679682
2011-12-14 16:00:00.288,29.06,29.06,28.9,28.96,4900612
2011-12-15 16:00:00.288,29.05,29.08,28.84,28.86,6253567
2011-12-16 16:00:00.288,28.95,29.13,28.88,29.08,11051762
2011-12-19 16:00:00.288,29.2,29.21,28.81,28.96,10626361
2011-12-20 16:00:00.288,27.65,28.2,27.61,28.05,8504495
2011-12-21 16:00:00.288,28.01,28.44,27.96,28.36,4982574
2011-12-22 16:00:00.288,28.41,28.44,28.11,28.26,4666674
2011-12-23 16:00:00.288,28.25,28.3,27.99,28.01,4055410
2011-12-27 16:00:00.288,28.0,28.4,28.0,28.37,3748615
2011-12-28 16:00:00.288,28.37,28.4,28.18,28.21,2367467
2011-12-29 16:00:00.288,28.3,28.38,28.22,28.28,1887821
2011-12-30 16:00:00.288,28.29,28.3,28.07,28.08,2364403
2012-01-03 16:00:00.288,28.3,28.3,28.12,28.17,3136730
2012-01-04 16:00:00.288,28.15,28.39,28.15,28.33,2887755
2012-01-05 16:00:00.288,28.31,28.38,28.11,28.21,5443671
2012-01-06 16:00:00.288,28.33,28.43,28.22,28.37,3021712
2012-01-09 16:00:00.288,28.4,28.43,28.21,28.23,3199925
2012-01-10 16:00:00.288,28.27,28.35,28.12,28.18,4148616
2012-01-11 16:00:00.288,28.25,28.25,28.08,28.16,3962668
2012-01-12 16:00:00.288,28.25,28.33,28.16,28.23,4280068
2012-01-13 16:00:00.288,28.26,28.35,28.21,28.35,3737308
2012-01-17 16:00:00.288,28.4,28.48,28.31,28.34,3511751
2012-01-18 16:00:00.288,28.45,28.54,28.4,28.44,3542687
2012-01-19 16:00:00.288,28.55,28.74,28.45,28.66,3388808
2012-01-20 16:00:00.288,28.72,29.0,28.71,29.0,4708356
2012-01-23 16:00:00.288,29.04,29.17,28.9,29.06,3477970
2012-01-24 16:00:00.288,29.1,29.24,29.0,29.19,3024069
2012-01-25 16:00:00.288,29.22,29.37,28.91,29.33,4464511
2012-01-26 16:00:00.288,29.43,29.45,29.1,29.19,5328018
2012-01-27 16:00:00.288,29.37,29.38,28.99,29.09,4867277
2012-01-30 16:00:00.288,29.08,29.2,28.96,29.08,4342269
2012-01-31 16:00:00.288,29.2,29.36,29.08,29.33,4143236
2012-02-01 16:00:00.288,29.39,29.46,29.29,29.38,3523277
2012-02-02 16:00:00.288,29.48,29.48,29.35,29.38,2915772
2012-02-03 16:00:00.288,29.45,29.7,29.38,29.7,4977497
2012-02-06 16:00:00.288,29.8,29.8,29.43,29.48,4784552
2012-02-07 16:00:00.288,29.12,29.96,29.05,29.74,11582882
2012-02-08 16:00:00.288,29.71,29.77,29.6,29.69,5678135
2012-02-09 16:00:00.288,29.76,29.93,29.67,29.87,5590405
2012-02-10 16:00:00.288,29.86,30.22,29.78,30.2,5945573
2012-02-13 16:00:00.288,30.3,30.5,30.25,30.42,5537512
2012-02-14 16:00:00.288,30.5,30.75,30.42,30.59,6804421
2012-02-15 16:00:00.288,30.65,30.88,30.62,30.71,9296537
2012-02-16 16:00:00.288,30.73,30.91,30.02,30.06,9225471
2012-02-17 16:00:00.288,30.25,30.5,30.23,30.37,4787293
2012-02-21 16:00:00.288,30.55,30.73,30.41,30.7,5542887
2012-02-22 16:00:00.288,30.7,30.82,30.49,30.57,4125895
2012-02-23 16:00:00.288,30.66,30.7,30.58,30.69,4132634
2012-02-24 16:00:00.288,30.8,30.8,30.65,30.66,4261133
2012-02-27 16:00:00.288,30.68,30.7,30.56,30.61,5183098
2012-02-28 16:00:00.288,30.71,30.8,30.61,30.79,4693135
2012-02-29 16:00:00.288,30.87,30.87,30.62,30.71,6546919
2012-03-01 16:00:00.288,30.82,30.89,30.65,30.87,5659217
2012-03-02 16:00:00.288,30.98,31.17,30.87,31.17,9949256
2012-03-05 16:00:00.288,30.12,30.37,29.79,30.28,12530356
2012-03-06 16:00:00.288,30.09,30.23,29.74,29.85,7487436
2012-03-07 16:00:00.288,30.0,30.43,29.93,30.27,6442250
2012-03-08 16:00:00.288,29.43,29.55,29.35,29.35,63141940
2012-03-09 16:00:00.288,29.4,29.63,29.34,29.5,9328864
2012-03-12 16:00:00.288,29.67,29.91,29.57,29.81,7474802
2012-03-13 16:00:00.288,29.87,29.94,29.66,29.86,6444260
2012-03-14 16:00:00.288,29.75,29.8,29.15,29.41,11906955
2012-03-15 16:00:00.288,29.5,29.56,29.35,29.45,5329286
2012-03-16 16:00:00.288,29.55,29.57,29.34,29.34,4855646
2012-03-19 16:00:00.288,29.44,29.45,29.21,29.22,5807287
2012-03-20 16:00:00.288,29.19,29.42,29.17,29.38,4680580
2012-03-21 16:00:00.288,29.44,29.59,29.4,29.57,3120353
2012-03-22 16:00:00.288,29.44,29.55,29.25,29.31,3455298
2012-03-23 16:00:00.288,29.42,29.43,29.21,29.29,2571876
2012-03-26 16:00:00.288,29.39,29.55,29.35,29.48,3251357
2012-03-27 16:00:00.288,29.54,29.59,29.3,29.32,4628097
2012-03-28 16:00:00.288,29.32,29.47,29.18,29.23,4372298
2012-03-29 16:00:00.288,29.24,29.35,29.19,29.31,4994485
2012-03-30 16:00:00.288,29.44,29.55,29.36,29.54,8163377
2012-04-02 16:00:00.288,29.67,29.94,29.6,29.91,5496561
2012-04-03 16:00:00.288,29.89,30.16,29.89,30.06,5810935
2012-04-04 16:00:00.288,29.93,30.13,29.91,30.02,4590068
2012-04-05 16:00:00.288,29.99,30.09,29.96,30.07,3578175
2012-04-09 16:00:00.288,29.96,30.1,29.82,30.08,4503056
2012-04-10 16:00:00.288,30.1,30.12,29.62,29.71,6130811
2012-04-11 16:00:00.288,29.86,29.95,29.77,29.89,3669991
2012-04-12 16:00:00.288,30.0,30.08,29.9,30.05,3015494
2012-04-13 16:00:00.288,30.06,30.24,30.01,30.11,3084822
2012-04-16 16:00:00.288,30.23,30.25,29.97,30.09,3350029
2012-04-17 16:00:00.288,30.13,30.36,30.0,30.32,4347659
2012-04-18 16:00:00.288,30.35,30.59,30.31,30.52,3913548
2012-04-19 16:00:00.288,30.58,30.75,30.54,30.7,5307072
2012-04-20 16:00:00.288,30.75,30.81,30.54,30.62,3197328
2012-04-23 16:00:00.288,30.56,30.75,30.46,30.72,3148005
2012-04-24 16:00:00.288,30.72,30.82,30.66,30.75,3656799
2012-04-25 16:00:00.288,30.81,30.81,30.63,30.77,3486227
2012-04-26 16:00:00.288,30.79,30.9,30.72,30.9,3738352
2012-04-27 16:00:00.288,31.0,31.12,30.9,31.01,3585628
2012-04-30 16:00:00.288,31.11,31.24,31.01,31.24,4548273
2012-05-01 16:00:00.288,31.2,31.23,31.06,31.13,3654217
2012-05-02 16:00:00.288,31.13,31.28,31.0,31.14,4034572
2012-05-03 16:00:00.288,31.5,31.86,31.36,31.65,7135075
2012-05-04 16:00:00.288,31.7,31.86,31.56,31.66,4032670
2012-05-07 16:00:00.288,31.6,31.7,31.38,31.61,4006367
2012-05-08 16:00:00.288,31.63,31.63,31.41,31.52,4471757
2012-05-09 16:00:00.288,31.49,31.84,31.45,31.74,4181278
2012-05-10 16:00:00.288,31.81,32.19,31.76,32.04,4931466
2012-05-11 16:00:00.288,32.04,32.46,31.94,32.33,4294929
2012-05-14 16:00:00.288,32.3,32.33,31.9,32.16,6345115
2012-05-15 16:00:00.288,32.15,32.33,32.01,32.08,5414631
2012-05-16 16:00:00.288,32.2,32.28,31.63,31.78,5186584
2012-05-17 16:00:00.288,31.82,31.91,30.94,30.98,8510304
2012-05-18 16:00:00.288,31.0,31.4,30.98,31.03,6248684
2012-05-21 16:00:00.288,31.23,31.97,31.2,31.93,6097988
2012-05-22 16:00:00.288,32.01,32.25,31.94,32.05,4827834
2012-05-23 16:00:00.288,32.04,32.29,31.95,32.27,4079323
2012-05-24 16:00:00.288,32.33,32.37,31.99,32.13,7452343
2012-05-25 16:00:00.288,32.2,32.3,32.1,32.22,4820946
2012-05-29 16:00:00.288,32.41,32.56,32.13,32.54,8817303
2012-05-30 16:00:00.288,32.47,32.64,32.31,32.49,6687277
2012-05-31 16:00:00.288,32.6,32.74,32.35,32.67,18954136
2012-06-01 16:00:00.288,32.53,32.57,32.25,32.3,7387850
2012-06-04 16:00:00.288,32.11,32.38,32.06,32.22,4850216
2012-06-05 16:00:00.288,32.25,32.65,32.19,32.56,4558066
2012-06-06 16:00:00.288,32.75,32.95,32.65,32.94,6395478
2012-06-07 16:00:00.288,33.11,33.14,32.57,32.61,5565569
2012-06-08 16:00:00.288,32.67,32.87,32.66,32.73,4623857
2012-06-11 16:00:00.288,32.88,33.15,32.83,32.9,5200216
2012-06-12 16:00:00.288,33.15,33.36,33.01,33.27,6071065
2012-06-13 16:00:00.288,33.36,33.51,33.1,33.42,6092079
2012-06-14 16:00:00.288,33.52,33.95,33.4,33.58,8831942
2012-06-15 16:00:00.288,33.74,33.75,33.5,33.6,10308542
2012-06-18 16:00:00.288,33.71,33.71,33.45,33.61,10573216
2012-06-19 16:00:00.288,32.44,32.93,32.36,32.49,13226811
2012-06-20 16:00:00.288,32.69,32.71,32.06,32.16,9738527
2012-06-21 16:00:00.288,32.16,32.5,32.15,32.34,5998243
2012-06-22 16:00:00.288,32.47,32.83,32.45,32.53,8411302
2012-06-25 16:00:00.288,32.49,32.7,32.3,32.33,4820966
2012-06-26 16:00:00.288,32.5,32.68,32.35,32.52,3554383
2012-06-27 16:00:00.288,32.6,32.95,32.58,32.95,5002982
2012-06-28 16:00:00.288,32.96,33.25,32.96,33.24,5715503
2012-06-29 16:00:00.288,33.65,33.69,33.23,33.61,6369461
2012-07-02 16:00:00.288,33.68,33.69,33.41,33.56,6848966
2012-07-03 16:00:00.288,33.59,34.07,33.51,33.94,4219729
2012-07-05 16:00:00.288,33.94,34.2,33.86,34.02,4551101
2012-07-06 16:00:00.288,34.0,34.32,33.98,34.26,3667309
2012-07-09 16:00:00.288,34.3,34.85,34.26,34.7,5746287
2012-07-10 16:00:00.288,34.8,35.18,34.4,34.58,9795580
2012-07-11 16:00:00.288,34.71,34.82,33.85,34.27,7340253
2012-07-12 16:00:00.288,34.28,34.58,34.28,34.41,4786819
2012-07-13 16:00:00.288,34.5,34.75,34.4,34.67,6452617
2012-07-16 16:00:00.288,34.72,35.19,34.72,35.08,5048266
2012-07-17 16:00:00.288,35.33,35.58,35.21,35.29,9243052
2012-07-18 16:00:00.288,34.13,34.33,33.85,33.92,52732816
2012-07-19 16:00:00.288,34.13,34.2,33.95,34.15,9689084
2012-07-20 16:00:00.288,34.15,34.45,34.09,34.33,7959420
2012-07-23 16:00:00.288,34.19,34.63,34.15,34.6,7890135
2012-07-24 16:00:00.288,34.7,34.99,34.62,34.99,9305149
2012-07-25 16:00:00.288,34.93,35.09,34.43,34.94,7653640
2012-07-26 16:00:00.288,35.0,35.08,34.75,34.98,7574157
2012-07-27 16:00:00.288,35.12,35.45,34.95,35.38,8413303
2012-07-30 16:00:00.288,35.5,35.5,34.93,35.15,7255981
2012-07-31 16:00:00.288,35.25,35.39,35.06,35.14,9602328
2012-08-01 16:00:00.288,35.16,35.29,34.9,34.97,5841673
2012-08-02 16:00:00.288,34.94,35.1,34.8,35.04,4508599
2012-08-03 16:00:00.288,35.07,35.16,34.75,34.83,6323011
2012-08-06 16:00:00.288,34.85,34.89,33.9,34.07,11325926
2012-08-07 16:00:00.288,33.96,34.0,30.3,32.96,31266440
2012-08-08 16:00:00.288,32.69,33.57,32.6,33.56,7849629
2012-08-09 16:00:00.288,33.59,34.04,33.55,33.97,5618966
2012-08-10 16:00:00.288,34.0,34.08,33.6,33.89,4470874
2012-08-13 16:00:00.288,33.75,34.25,33.74,34.19,4664014
2012-08-14 16:00:00.288,34.23,34.6,34.23,34.53,5745712
2012-08-15 16:00:00.288,34.2,34.44,34.02,34.04,6571018
2012-08-16 16:00:00.288,34.06,34.1,33.12,33.5,13077262
2012-08-17 16:00:00.288,33.43,33.89,33.3,33.78,5745908
2012-08-20 16:00:00.288,33.9,34.08,33.85,34.05,3796840
2012-08-21 16:00:00.288,34.12,34.33,33.95,34.08,3087429
2012-08-22 16:00:00.288,34.02,34.08,33.66,33.97,4021911
2012-08-23 16:00:00.288,33.96,34.18,33.82,33.88,2942524
2012-08-24 16:00:00.288,33.88,34.21,33.85,34.17,3271844
2012-08-27 16:00:00.288,34.25,34.4,34.11,34.34,3122098
2012-08-28 16:00:00.288,34.41,34.56,34.32,34.4,3987549
2012-08-29 16:00:00.288,34.45,34.76,34.45,34.69,4782398
2012-08-30 16:00:00.288,34.65,34.77,34.55,34.65,3576640
2012-08-31 16:00:00.288,34.72,34.85,34.59,34.84,3862724
2012-09-04 16:00:00.288,34.89,34.89,34.68,34.82,3676381
2012-09-05 16:00:00.288,34.88,34.88,34.68,34.79,3572919
2012-09-06 16:00:00.288,34.9,34.9,34.69,34.9,4008967
2012-09-07 16:00:00.288,34.95,35.03,34.89,35.02,3778190
2012-09-10 16:00:00.288,35.02,35.5,35.0,35.44,5435138
2012-09-11 16:00:00.288,35.47,35.68,35.32,35.66,3638039
2012-09-12 16:00:00.288,35.9,35.94,35.66,35.94,6572688
2012-09-13 16:00:00.288,36.0,36.27,35.84,36.16,7806869
2012-09-14 16:00:00.288,36.41,36.72,36.3,36.49,9100159
2012-09-17 16:00:00.288,36.77,36.77,36.36,36.68,9775196
2012-09-18 16:00:00.288,36.67,36.67,36.15,36.4,12414354
2012-09-19 16:00:00.288,34.92,35.03,34.54,34.84,15382423
2012-09-20 16:00:00.288,34.9,35.14,34.87,35.05,8700798
2012-09-21 16:00:00.288,35.26,35.35,35.07,35.17,6922356
2012-09-24 16:00:00.288,35.12,35.17,34.81,34.93,6467600
2012-09-25 16:00:00.288,34.92,35.16,34.64,34.64,6825362
2012-09-26 16:00:00.288,34.5,34.9,34.28,34.57,5839383
2012-09-27 16:00:00.288,34.53,34.65,34.31,34.36,5006613
2012-09-28 16:00:00.288,34.3,34.62,34.07,34.6,5710071
2012-10-01 16:00:00.288,34.78,34.84,34.55,34.65,3568616
2012-10-02 16:00:00.288,34.8,35.16,34.74,35.0,4964760
2012-10-03 16:00:00.288,35.1,35.14,34.8,35.13,4094372
2012-10-04 16:00:00.288,34.96,35.15,34.81,34.91,5634477
2012-10-05 16:00:00.288,35.1,35.12,34.86,34.9,3609206
2012-10-08 16:00:00.288,34.8,34.83,34.31,34.6,4886269
2012-10-09 16:00:00.288,34.51,34.57,33.43,33.69,11713771
2012-10-10 16:00:00.288,33.57,33.58,32.34,33.07,19524716
2012-10-11 16:00:00.288,33.1,33.47,33.09,33.2,6112304
2012-10-12 16:00:00.288,33.26,33.31,32.33,32.59,8199582
2012-10-15 16:00:00.288,32.25,32.25,29.63,32.0,42274784
2012-10-16 16:00:00.288,31.76,32.19,31.5,32.0,8757569
2012-10-17 16:00:00.288,32.1,32.84,32.1,32.52,9075212
2012-10-18 16:00:00.288,32.79,33.16,32.71,33.0,9438701
2012-10-19 16:00:00.288,33.1,33.12,32.82,33.04,5526643
2012-10-22 16:00:00.288,33.03,33.04,32.23,32.64,6368515
2012-10-23 16:00:00.288,32.45,32.54,32.05,32.33,5233864
2012-10-24 16:00:00.288,32.19,32.66,32.19,32.45,4910964
2012-10-25 16:00:00.288,32.5,32.58,31.97,32.3,4256761
2012-10-26 16:00:00.288,32.65,32.65,31.96,32.0,4773337
2012-10-31 16:00:00.288,32.65,33.02,32.56,33.0,7908106
2012-11-01 16:00:00.288,33.02,33.18,32.81,32.87,5184108
2012-11-02 16:00:00.288,32.85,32.92,32.37,32.45,4381766
2012-11-05 16:00:00.288,32.27,32.45,32.01,32.33,3300516
2012-11-06 16:00:00.288,32.19,32.28,31.57,31.7,7563592
2012-11-07 16:00:00.288,31.1,31.32,30.1,30.73,14652429
2012-11-08 16:00:00.288,30.73,31.29,30.73,30.95,5517464
2012-11-09 16:00:00.288,30.75,31.01,30.17,30.82,4958687
2012-11-12 16:00:00.288,30.86,31.15,30.42,30.43,4596355
2012-11-13 16:00:00.288,30.02,30.1,28.91,29.58,25678818
2012-11-14 16:00:00.288,29.22,29.81,28.45,28.69,18970262
2012-11-15 16:00:00.288,28.4,29.99,28.08,29.84,16173463
2012-11-16 16:00:00.288,30.26,31.22,30.15,30.99,12816600
2012-11-19 16:00:00.288,31.63,31.75,30.83,31.13,8008496
2012-11-20 16:00:00.288,31.02,31.25,30.76,31.21,4626470
2012-11-21 16:00:00.288,31.23,31.44,30.97,31.42,4243137
2012-11-23 16:00:00.288,31.64,31.7,31.4,31.66,2208442
2012-11-26 16:00:00.288,31.72,31.75,31.15,31.45,5645417
2012-11-27 16:00:00.288,31.5,31.57,31.12,31.34,4173175
2012-11-28 16:00:00.288,31.13,31.64,31.13,31.36,3969631
2012-11-29 16:00:00.288,31.53,31.54,31.15,31.46,3813026
2012-11-30 16:00:00.288,31.5,31.58,31.35,31.55,3774949
2012-12-03 16:00:00.288,31.61,31.86,31.49,31.61,3281742
2012-12-04 16:00:00.288,31.6,31.71,31.45,31.47,2592582
2012-12-05 16:00:00.288,31.5,31.51,30.93,30.99,4097596
2012-12-06 16:00:00.288,31.05,31.31,30.9,31.02,3616300
2012-12-07 16:00:00.288,31.2,31.35,30.99,31.11,4117567
2012-12-10 16:00:00.288,31.12,31.56,31.11,31.53,4696181
2012-12-11 16:00:00.288,31.8,31.87,31.4,31.43,5511156
2012-12-12 16:00:00.288,31.54,31.67,30.79,30.84,5986478
2012-12-13 16:00:00.288,30.87,30.98,30.33,30.5,5055344
2012-12-14 16:00:00.288,30.5,30.52,30.0,30.2,4966335
2012-12-17 16:00:00.288,31.0,31.0,30.55,30.94,6679767
2012-12-18 16:00:00.288,31.31,31.31,30.75,31.13,6230744
2012-12-19 16:00:00.288,31.29,31.65,31.2,31.6,7290466
2012-12-20 16:00:00.288,31.7,31.78,31.55,31.67,6936920
2012-12-21 16:00:00.288,31.19,31.4,31.05,31.15,10326862
2012-12-24 16:00:00.288,29.76,30.31,29.74,29.92,4734307
2012-12-26 16:00:00.288,29.93,30.05,29.26,29.5,6488075
2012-12-27 16:00:00.288,29.56,29.62,28.77,29.09,6587214
2012-12-28 16:00:00.288,28.96,29.12,28.82,29.0,4993430
2012-12-31 16:00:00.288,28.85,29.04,28.56,28.9,6741172
2013-01-02 16:00:00.288,29.61,30.28,29.4,30.22,7592242
2013-01-03 16:00:00.288,30.32,30.76,30.25,30.51,4979027
2013-01-04 16:00:00.288,30.61,31.09,30.59,31.05,4617217
2013-01-07 16:00:00.288,31.01,31.15,30.67,30.72,3900401
2013-01-08 16:00:00.288,30.69,31.0,30.68,30.76,2829820
2013-01-09 16:00:00.288,30.93,30.93,30.72,30.89,3172384
2013-01-10 16:00:00.288,30.98,30.99,30.72,30.96,2806921
2013-01-11 16:00:00.288,30.88,31.1,30.73,31.03,2527700
2013-01-14 16:00:00.288,31.12,31.15,30.9,31.05,2381151
2013-01-15 16:00:00.288,31.14,31.14,30.89,31.03,3101131
2013-01-16 16:00:00.288,31.12,31.15,30.95,31.12,2144691
2013-01-17 16:00:00.288,31.14,31.32,31.08,31.25,2766502
2013-01-18 16:00:00.288,31.2,31.48,31.2,31.48,2531782
2013-01-22 16:00:00.288,31.5,31.91,31.48,31.82,4006360
2013-01-23 16:00:00.288,31.99,32.0,31.64,31.86,3513996
2013-01-24 16:00:00.288,31.95,31.95,31.59,31.63,3007791
2013-01-25 16:00:00.288,31.66,31.78,31.25,31.33,4017534
2013-01-28 16:00:00.288,31.87,31.87,31.39,31.54,3527604
2013-01-29 16:00:00.288,31.5,31.87,31.48,31.73,3946360
2013-01-30 16:00:00.288,31.79,31.84,31.5,31.72,3183655
2013-01-31 16:00:00.288,31.68,31.8,31.4,31.62,3302446
2013-02-01 16:00:00.288,31.7,31.78,31.55,31.62,2682914
2013-02-04 16:00:00.288,31.6,31.75,31.5,31.59,2696156
2013-02-05 16:00:00.288,31.6,31.67,31.47,31.48,2866094
2013-02-06 16:00:00.288,31.5,31.64,31.43,31.45,4194027
2013-02-07 16:00:00.288,31.4,31.4,30.85,31.2,5517298
2013-02-08 16:00:00.288,31.44,32.19,31.41,32.13,6155893
2013-02-11 16:00:00.288,32.3,32.5,32.26,32.29,6036564
2013-02-12 16:00:00.288,32.27,32.45,32.05,32.32,5000694
2013-02-13 16:00:00.288,32.45,32.62,32.33,32.56,3159894
2013-02-14 16:00:00.288,32.67,32.68,32.32,32.55,3499522
2013-02-15 16:00:00.288,32.49,32.64,32.34,32.51,2919051
2013-02-19 16:00:00.288,32.6,32.78,32.52,32.64,4289534
2013-02-20 16:00:00.288,32.65,32.74,32.4,32.46,3435190
2013-02-21 16:00:00.288,32.27,32.38,31.55,31.8,6266135
2013-02-22 16:00:00.288,32.12,32.22,31.93,32.18,4547788
2013-02-25 16:00:00.288,32.35,32.49,32.18,32.18,3768230
2013-02-26 16:00:00.288,32.18,32.81,32.18,32.81,4655865
2013-02-27 16:00:00.288,32.84,32.92,32.7,32.78,3582115
2013-02-28 16:00:00.288,31.45,31.77,31.39,31.71,47324080
2013-03-01 16:00:00.288,31.75,31.85,31.69,31.74,11296026
2013-03-04 16:00:00.288,31.84,31.93,31.74,31.91,10877953
2013-03-05 16:00:00.288,32.0,32.3,31.92,32.28,6953191
2013-03-06 16:00:00.288,32.36,32.4,31.99,32.28,4754140
2013-03-07 16:00:00.288,32.34,32.43,32.18,32.21,7131392
2013-03-08 16:00:00.288,32.5,32.51,32.26,32.47,6817693
2013-03-11 16:00:00.288,32.68,32.78,32.55,32.75,6992795
2013-03-12 16:00:00.288,32.83,33.07,32.75,33.06,7971466
2013-03-13 16:00:00.288,33.09,33.1,32.89,32.99,7377299
2013-03-14 16:00:00.288,33.08,33.2,32.99,33.2,10909789
2013-03-15 16:00:00.288,33.25,33.28,33.0,33.12,18885428
2013-03-18 16:00:00.288,31.8,32.11,31.51,31.98,10295923
2013-03-19 16:00:00.288,32.06,32.1,31.59,31.64,6845593
2013-03-20 16:00:00.288,31.7,31.83,31.55,31.65,5032844
2013-03-21 16:00:00.288,31.69,32.12,31.68,31.94,5402204
2013-03-22 16:00:00.288,31.96,32.48,31.95,32.36,5768229
2013-03-25 16:00:00.288,32.54,32.6,31.82,31.82,7011532
2013-03-26 16:00:00.288,31.95,32.24,31.95,32.21,4050438
2013-03-27 16:00:00.288,32.17,32.52,32.11,32.51,3923450
2013-03-28 16:00:00.288,32.52,32.78,32.22,32.78,10267737
2013-04-01 16:00:00.288,32.78,32.88,32.6,32.83,4230370
2013-04-02 16:00:00.288,32.83,32.92,32.58,32.68,4385514
2013-04-03 16:00:00.288,32.81,32.85,32.2,32.24,5175228
2013-04-04 16:00:00.288,32.25,32.65,32.18,32.65,4223458
2013-04-05 16:00:00.288,32.26,32.8,32.05,32.79,5203971
2013-04-08 16:00:00.288,32.83,32.89,32.6,32.81,3452151
2013-04-09 16:00:00.288,32.83,33.05,32.65,33.04,4532674
2013-04-10 16:00:00.288,33.01,33.08,32.85,32.9,4069978
2013-04-11 16:00:00.288,32.97,32.98,32.62,32.71,4983998
2013-04-12 16:00:00.288,32.7,32.8,32.64,32.65,2618658
2013-04-15 16:00:00.288,32.62,32.63,31.06,31.97,5869425
2013-04-16 16:00:00.288,32.21,32.5,32.04,32.34,3822379
2013-04-17 16:00:00.288,32.29,32.3,31.83,31.91,7040458
2013-04-18 16:00:00.288,32.0,32.12,31.84,31.93,3431778
2013-04-19 16:00:00.288,31.81,31.9,31.37,31.8,6310934
2013-04-22 16:00:00.288,31.8,32.36,31.67,32.18,4809826
2013-04-23 16:00:00.288,32.29,32.7,32.22,32.65,3945442
2013-04-24 16:00:00.288,32.69,32.76,32.49,32.72,3326597
2013-04-25 16:00:00.288,32.77,32.92,32.6,32.78,3627807
2013-04-26 16:00:00.288,32.96,32.99,32.64,32.79,3202230
2013-04-29 16:00:00.288,32.71,33.17,32.71,33.17,5242043
2013-04-30 16:00:00.288,33.15,33.31,33.01,33.31,3575018
2013-05-01 16:00:00.288,33.25,33.3,32.82,33.02,3989693
2013-05-02 16:00:00.288,33.18,33.22,32.95,33.1,4649023
2013-05-03 16:00:00.288,31.22,31.9,30.35,30.66,28537360
2013-05-06 16:00:00.288,30.7,31.25,30.5,30.94,7788507
2013-05-07 16:00:00.288,30.99,31.05,30.64,30.89,4883414
2013-05-08 16:00:00.288,30.97,31.09,30.76,30.89,4634095
2013-05-09 16:00:00.288,30.9,31.05,30.7,30.89,3999490
2013-05-10 16:00:00.288,30.87,30.92,29.48,30.04,10701498
2013-05-13 16:00:00.288,29.96,29.98,28.55,29.05,20189052
2013-05-14 16:00:00.288,29.05,29.46,28.73,28.91,10138560
2013-05-15 16:00:00.288,28.83,29.24,28.14,29.24,11368259
2013-05-16 16:00:00.288,29.31,29.8,29.05,29.52,10316643
2013-05-17 16:00:00.288,29.65,29.82,29.45,29.65,9403358
2013-05-20 16:00:00.288,29.52,29.58,28.9,28.98,7264552
2013-05-21 16:00:00.288,28.89,29.0,28.45,28.55,9797051
2013-05-22 16:00:00.288,28.5,29.49,28.19,28.29,12461427
2013-05-23 16:00:00.288,28.0,28.15,27.04,28.05,12014089
2013-05-24 16:00:00.288,28.04,28.19,27.44,27.72,8020116
2013-05-28 16:00:00.288,27.8,27.89,25.71,26.41,29106260
2013-05-29 16:00:00.288,25.84,26.84,25.01,26.4,26236112
2013-05-30 16:00:00.288,26.22,27.2,26.22,26.66,12012561
2013-05-31 16:00:00.288,26.8,27.13,25.79,25.8,10788368
2013-06-03 16:00:00.288,25.8,25.95,25.12,25.43,14311625
2013-06-04 16:00:00.288,25.36,26.02,25.23,25.85,7501192
2013-06-05 16:00:00.288,25.9,26.18,25.22,25.34,9614739
2013-06-06 16:00:00.288,25.33,26.23,25.12,26.2,10803928
2013-06-07 16:00:00.288,26.43,26.43,25.42,25.56,8601378
2013-06-10 16:00:00.288,25.73,25.73,24.61,24.82,17800166
2013-06-11 16:00:00.288,24.25,24.83,24.01,24.67,14443840
2013-06-12 16:00:00.288,24.68,25.0,24.28,24.49,9345966
2013-06-13 16:00:00.288,24.4,26.0,24.26,25.79,14428120
2013-06-14 16:00:00.288,26.15,26.2,25.51,25.52,8767977
2013-06-17 16:00:00.288,25.6,25.79,25.15,25.33,8906966
2013-06-18 16:00:00.288,25.27,25.45,25.02,25.34,6908791
2013-06-19 16:00:00.288,26.05,26.1,24.36,24.44,21699288
2013-06-20 16:00:00.288,24.12,24.18,23.2,23.4,19269340
2013-06-21 16:00:00.288,23.55,23.94,22.8,23.45,17053932
2013-06-24 16:00:00.288,23.27,23.32,22.22,22.62,17579304
2013-06-25 16:00:00.288,22.88,23.51,22.88,23.21,13692687
2013-06-26 16:00:00.288,22.5,23.12,22.25,22.41,11265688
2013-06-27 16:00:00.288,22.71,23.05,22.59,22.78,9418423
2013-06-28 16:00:00.288,22.77,23.06,22.54,23.01,6848827
2013-07-01 16:00:00.288,23.0,23.19,22.74,22.8,6473321
2013-07-02 16:00:00.288,22.71,23.05,22.42,22.47,6813862
2013-07-03 16:00:00.288,22.35,22.44,21.74,21.93,6638018
2013-07-05 16:00:00.288,21.39,21.42,20.2,20.76,21061700
2013-07-08 16:00:00.288,20.37,21.18,20.32,21.11,11468951
2013-07-09 16:00:00.288,21.2,21.53,21.1,21.17,5756223
2013-07-10 16:00:00.288,21.1,21.23,20.67,20.74,6823195
2013-07-11 16:00:00.288,21.08,22.68,21.01,22.66,14497903
2013-07-12 16:00:00.288,22.75,22.8,21.82,21.9,8404230
2013-07-15 16:00:00.288,21.92,22.51,21.81,22.46,6419809
2013-07-16 16:00:00.288,22.49,22.5,22.12,22.17,5529108
2013-07-17 16:00:00.288,22.26,22.64,22.2,22.45,5639011
2013-07-18 16:00:00.288,22.45,22.5,21.89,21.98,6689419
2013-07-19 16:00:00.288,21.95,22.14,21.91,22.05,5173061
2013-07-22 16:00:00.288,22.13,22.23,22.02,22.14,3400163
2013-07-23 16:00:00.288,22.12,22.2,21.91,22.07,4532708
2013-07-24 16:00:00.288,21.98,22.0,21.2,21.35,7266245
2013-07-25 16:00:00.288,21.33,21.57,20.91,21.51,4710981
2013-07-26 16:00:00.288,21.87,21.87,21.42,21.64,9039098
2013-07-29 16:00:00.288,21.74,22.17,21.67,21.85,9718273
2013-07-30 16:00:00.288,23.0,23.34,22.8,23.09,11945783
2013-07-31 16:00:00.288,22.78,22.88,22.35,22.54,10566350
2013-08-01 16:00:00.288,22.63,22.72,22.11,22.12,13025830
2013-08-02 16:00:00.288,22.51,22.65,22.26,22.59,8248615
2013-08-05 16:00:00.288,22.55,22.64,22.35,22.51,6369260
2013-08-06 16:00:00.288,22.4,22.64,22.32,22.51,4484692
2013-08-07 16:00:00.288,22.5,22.74,22.25,22.71,5016253
2013-08-08 16:00:00.288,22.8,23.23,22.75,23.21,5554362
2013-08-09 16:00:00.288,23.24,23.34,23.06,23.11,3999032
2013-08-12 16:00:00.288,23.14,23.34,23.12,23.33,3405494
2013-08-13 16:00:00.288,23.19,23.34,22.7,22.71,5965124
2013-08-14 16:00:00.288,22.71,22.89,22.51,22.66,3104781
2013-08-15 16:00:00.288,22.35,22.41,22.1,22.35,4883953
2013-08-16 16:00:00.288,22.31,22.34,21.78,21.82,6607475
2013-08-19 16:00:00.288,21.83,21.94,20.41,20.43,15381861
2013-08-20 16:00:00.288,20.5,21.66,20.5,21.49,10147103
2013-08-21 16:00:00.288,21.49,21.82,21.34,21.46,6595555
2013-08-22 16:00:00.288,21.47,21.78,21.25,21.58,4388010
2013-08-23 16:00:00.288,21.7,22.84,21.7,22.82,10076812
2013-08-26 16:00:00.288,22.9,22.97,22.61,22.65,4801953
2013-08-27 16:00:00.288,22.58,23.25,22.5,22.95,7862435
2013-08-28 16:00:00.288,22.85,23.0,22.47,22.57,5267873
2013-08-29 16:00:00.288,22.45,22.95,22.26,22.94,5345052
2013-08-30 16:00:00.288,22.87,23.05,22.67,22.76,4794945
2013-09-03 16:00:00.288,22.67,22.73,22.09,22.51,6456390
2013-09-04 16:00:00.288,22.5,22.93,22.41,22.8,4314308
2013-09-05 16:00:00.288,22.65,22.7,22.21,22.26,5446876
2013-09-06 16:00:00.288,22.7,22.89,22.54,22.74,5993614
2013-09-09 16:00:00.288,22.82,23.14,22.73,23.14,5424453
2013-09-10 16:00:00.288,23.07,23.1,22.57,22.67,5913685
2013-09-11 16:00:00.288,22.71,23.19,22.7,23.19,4494189
2013-09-12 16:00:00.288,23.18,23.5,23.12,23.32,5084960
2013-09-13 16:00:00.288,23.42,23.8,23.4,23.74,6055486
2013-09-16 16:00:00.288,24.14,24.3,23.22,23.29,8623608
2013-09-17 16:00:00.288,23.24,23.58,22.99,23.18,4645081
2013-09-18 16:00:00.288,23.11,24.41,23.05,24.41,14686947
2013-09-19 16:00:00.288,24.56,24.58,23.63,23.76,8104684
2013-09-20 16:00:00.288,23.5,23.71,23.05,23.19,12120395
2013-09-23 16:00:00.288,23.19,23.73,23.17,23.71,5502822
2013-09-24 16:00:00.288,23.75,24.2,23.54,24.04,12235470
2013-09-25 16:00:00.288,24.08,24.4,24.01,24.04,8804037
2013-09-26 16:00:00.288,23.2,23.32,22.7,22.9,8872162
2013-09-27 16:00:00.288,22.81,23.07,22.81,22.88,4633910
2013-09-30 16:00:00.288,22.67,22.8,22.4,22.58,6110609
2013-10-01 16:00:00.288,22.46,22.89,22.44,22.86,4680581
2013-10-02 16:00:00.288,22.85,23.04,22.73,23.02,4077855
2013-10-03 16:00:00.288,23.0,23.28,22.77,23.05,6249144
2013-10-04 16:00:00.288,22.93,23.12,22.86,23.05,5652786
2013-10-07 16:00:00.288,22.96,23.25,22.91,23.0,3769194
2013-10-08 16:00:00.288,22.92,22.92,22.4,22.56,7899172
2013-10-09 16:00:00.288,22.52,22.66,22.38,22.49,7613901
2013-10-10 16:00:00.288,22.73,22.95,22.27,22.5,7976117
2013-10-11 16:00:00.288,22.61,22.66,22.41,22.48,4224462
2013-10-14 16:00:00.288,22.29,22.43,22.05,22.19,4518216
2013-10-15 16:00:00.288,22.12,22.44,22.12,22.37,6687631
2013-10-16 16:00:00.288,22.38,22.55,22.26,22.46,3833925
2013-10-17 16:00:00.288,22.63,23.53,22.6,23.47,8697256
2013-10-18 16:00:00.288,23.41,23.6,23.35,23.5,3931876
2013-10-21 16:00:00.288,23.5,23.51,23.21,23.38,5267978
2013-10-22 16:00:00.288,23.52,24.04,23.51,23.77,5170488
2013-10-23 16:00:00.288,23.68,24.19,23.65,24.01,4227762
2013-10-24 16:00:00.288,24.05,24.18,24.03,24.12,3545445
2013-10-25 16:00:00.288,24.05,24.3,23.98,24.05,3472736
2013-10-28 16:00:00.288,24.29,24.3,23.77,23.87,6484307
2013-10-29 16:00:00.288,22.32,22.47,21.71,21.87,26890186
2013-10-30 16:00:00.288,21.87,21.95,21.53,21.54,14034248
2013-10-31 16:00:00.288,21.5,21.77,21.32,21.71,10511231
2013-11-01 16:00:00.288,21.84,21.96,21.8,21.96,4862206
2013-11-04 16:00:00.288,21.96,21.99,21.73,21.82,5286917
2013-11-05 16:00:00.288,21.69,21.86,21.58,21.73,6399817
2013-11-06 16:00:00.288,21.7,21.93,21.66,21.8,6272911
2013-11-07 16:00:00.288,21.79,21.91,21.6,21.64,6094284
2013-11-08 16:00:00.288,21.4,21.41,20.85,21.05,12291994
2013-11-11 16:00:00.288,20.93,20.98,20.44,20.69,9298447
2013-11-12 16:00:00.288,20.39,21.07,20.3,21.07,11491888
2013-11-13 16:00:00.288,20.95,21.43,20.84,21.43,5950998
2013-11-14 16:00:00.288,21.48,21.87,21.41,21.67,5167192
2013-11-15 16:00:00.288,21.62,21.69,21.37,21.42,5410913
2013-11-18 16:00:00.288,21.4,21.54,21.12,21.12,6015944
2013-11-19 16:00:00.288,21.14,21.15,20.81,20.91,4215702
2013-11-20 16:00:00.288,21.0,21.12,20.61,20.72,4903286
2013-11-21 16:00:00.288,20.68,20.73,20.33,20.52,5822350
2013-11-22 16:00:00.288,20.5,20.52,20.11,20.36,5997267
2013-11-25 16:00:00.288,20.23,20.77,20.02,20.54,7134715
2013-11-26 16:00:00.288,20.44,20.55,19.85,19.92,20853836
2013-11-27 16:00:00.288,20.06,20.55,20.05,20.52,9319471
2013-11-29 16:00:00.288,20.44,20.55,20.05,20.38,3074855
2013-12-02 16:00:00.288,20.27,20.33,19.86,19.98,6118811
2013-12-03 16:00:00.288,20.0,20.15,19.84,19.84,5995691
2013-12-04 16:00:00.288,19.55,19.79,19.21,19.75,7700247
2013-12-05 16:00:00.288,19.31,19.66,19.26,19.46,8843676
2013-12-06 16:00:00.288,19.43,19.56,18.84,19.28,10905568
2013-12-09 16:00:00.288,19.18,19.85,19.12,19.8,8180498
2013-12-10 16:00:00.288,19.9,20.33,19.83,20.21,6823089
2013-12-11 16:00:00.288,20.17,20.17,19.7,19.81,7459457
2013-12-12 16:00:00.288,19.74,20.01,19.64,19.9,6010259
2013-12-13 16:00:00.288,19.96,20.17,19.96,20.02,5554736
2013-12-16 16:00:00.288,20.01,20.05,19.39,19.48,6380484
2013-12-17 16:00:00.288,19.45,19.76,19.4,19.75,4094508
2013-12-18 16:00:00.288,19.76,20.23,19.33,19.76,9373520
2013-12-19 16:00:00.288,19.75,19.76,19.33,19.47,8355198
2013-12-20 16:00:00.288,19.55,19.87,19.51,19.87,9148182
2013-12-23 16:00:00.288,19.99,20.2,19.96,20.02,6262739
2013-12-24 16:00:00.288,20.0,20.16,19.9,19.93,3001414
2013-12-26 16:00:00.288,20.0,20.13,19.92,19.93,7864958
2013-12-27 16:00:00.288,19.21,19.43,19.13,19.21,6011383
2013-12-30 16:00:00.288,19.11,19.28,19.03,19.13,8074057
2013-12-31 16:00:00.288,19.06,19.46,19.06,19.29,6240611
2014-01-02 16:00:00.288,19.34,19.5,19.29,19.4,3677627
2014-01-03 16:00:00.288,19.5,19.71,19.38,19.59,5445651
2014-01-06 16:00:00.288,19.64,19.88,19.62,19.76,4728330
2014-01-07 16:00:00.288,19.88,20.05,19.64,19.95,5994484
2014-01-08 16:00:00.288,19.89,19.92,19.75,19.87,4430038
2014-01-09 16:00:00.288,19.89,19.9,19.64,19.78,4683940
2014-01-10 16:00:00.288,20.15,20.2,19.93,20.14,3844170
2014-01-13 16:00:00.288,20.1,20.52,19.99,20.45,8463144
2014-01-14 16:00:00.288,20.44,20.45,20.13,20.16,3291357
2014-01-15 16:00:00.288,20.09,20.38,20.07,20.15,3520317
2014-01-16 16:00:00.288,20.12,20.3,20.07,20.28,2867538
2014-01-17 16:00:00.288,20.26,20.29,20.18,20.25,2221053
2014-01-21 16:00:00.288,20.25,20.63,20.19,20.57,4919075
2014-01-22 16:00:00.288,20.52,20.62,20.36,20.56,3888635
2014-01-23 16:00:00.288,20.64,20.9,20.51,20.84,4530732
2014-01-24 16:00:00.288,20.9,21.12,20.8,20.81,6610594
2014-01-27 16:00:00.288,20.94,21.01,20.58,20.67,4810478
2014-01-28 16:00:00.288,20.9,20.92,20.55,20.68,3685381
2014-01-29 16:00:00.288,20.72,20.83,20.5,20.75,3077848
2014-01-30 16:00:00.288,20.7,20.8,20.57,20.72,6211466
2014-01-31 16:00:00.288,20.78,21.1,20.74,20.95,6026960
2014-02-03 16:00:00.288,21.0,21.17,20.96,21.06,10773791
2014-02-04 16:00:00.288,21.1,21.66,21.0,21.33,13524632
2014-02-05 16:00:00.288,21.55,21.92,21.52,21.77,9181403
2014-02-06 16:00:00.288,21.86,22.1,21.62,21.65,6805510
2014-02-07 16:00:00.288,21.64,22.04,21.53,21.98,8760154
2014-02-10 16:00:00.288,21.98,22.17,21.94,22.13,4875983
2014-02-11 16:00:00.288,22.15,22.22,21.92,21.96,6109774
2014-02-12 16:00:00.288,21.95,22.08,21.9,22.0,4720893
2014-02-13 16:00:00.288,21.94,22.2,21.88,22.12,3197038
2014-02-14 16:00:00.288,22.13,22.15,21.96,22.04,4111707
2014-02-18 16:00:00.288,22.02,22.48,21.93,22.48,5473839
2014-02-19 16:00:00.288,22.49,22.5,22.28,22.31,5715276
2014-02-20 16:00:00.288,22.32,22.37,22.09,22.16,3398459
2014-02-21 16:00:00.288,22.08,22.23,21.93,22.02,5731103
2014-02-24 16:00:00.288,22.1,22.15,21.99,22.05,5147241
2014-02-25 16:00:00.288,22.11,22.23,22.0,22.13,4424360
2014-02-26 16:00:00.288,22.2,22.35,22.17,22.31,3643898
2014-02-27 16:00:00.288,22.36,22.4,22.22,22.38,3012297
2014-02-28 16:00:00.288,22.41,22.47,22.23,22.29,7528806
2014-03-03 16:00:00.288,22.2,22.65,22.2,22.6,4297573
2014-03-04 16:00:00.288,22.65,22.65,22.22,22.59,5057604
2014-03-05 16:00:00.288,22.63,22.69,22.47,22.65,2972896
2014-03-06 16:00:00.288,22.61,22.72,22.54,22.55,3076303
2014-03-07 16:00:00.288,22.3,22.3,21.91,22.01,6410917
2014-03-10 16:00:00.288,22.04,22.25,22.02,22.1,3383580
2014-03-11 16:00:00.288,22.13,22.31,21.98,22.02,2739408
2014-03-12 16:00:00.288,21.99,22.44,21.97,22.44,3587398
2014-03-13 16:00:00.288,22.45,22.75,22.39,22.66,6955924
2014-03-14 16:00:00.288,22.61,22.84,22.53,22.56,2848321
2014-03-17 16:00:00.288,22.56,22.64,22.45,22.5,3928722
2014-03-18 16:00:00.288,22.48,22.68,22.45,22.64,2374598
2014-03-19 16:00:00.288,22.67,22.75,22.06,22.07,9936608
2014-03-20 16:00:00.288,22.02,22.06,21.63,21.95,9642849
2014-03-21 16:00:00.288,22.0,22.48,21.95,22.48,11244083
2014-03-24 16:00:00.288,22.27,22.38,22.03,22.22,4495331
2014-03-25 16:00:00.288,22.16,22.21,22.03,22.03,4240556
2014-03-26 16:00:00.288,22.1,22.18,21.89,21.9,5829161
2014-03-27 16:00:00.288,21.3,21.4,21.04,21.26,4583398
2014-03-28 16:00:00.288,21.27,21.41,21.2,21.25,2458798
2014-03-31 16:00:00.288,21.27,21.57,21.12,21.49,4623902
2014-04-01 16:00:00.288,21.44,21.67,21.33,21.64,3895443
2014-04-02 16:00:00.288,21.64,21.77,21.48,21.5,5208609
2014-04-03 16:00:00.288,21.51,21.59,21.29,21.51,4149864
2014-04-04 16:00:00.288,21.57,21.88,21.55,21.81,4512656
2014-04-07 16:00:00.288,21.74,22.15,21.74,21.96,4450198
2014-04-08 16:00:00.288,21.92,23.03,21.91,22.07,5431804
2014-04-09 16:00:00.288,22.09,22.35,21.98,22.31,4695551
2014-04-10 16:00:00.288,22.27,22.5,22.23,22.33,4506224
2014-04-11 16:00:00.288,22.32,22.54,22.22,22.39,3367032
2014-04-14 16:00:00.288,22.38,22.52,22.02,22.22,3997953
2014-04-15 16:00:00.288,22.16,22.3,22.06,22.22,4431815
2014-04-16 16:00:00.288,22.11,22.21,22.08,22.11,3713482
2014-04-17 16:00:00.288,22.05,22.2,21.78,21.88,6392355
2014-04-21 16:00:00.288,21.86,22.14,21.84,22.13,2748599
2014-04-22 16:00:00.288,22.15,22.41,22.14,22.36,4254251
2014-04-23 16:00:00.288,22.41,22.5,22.36,22.38,3405838
2014-04-24 16:00:00.288,22.36,22.64,22.35,22.57,3033590
2014-04-25 16:00:00.288,22.58,22.78,22.51,22.77,4000923
2014-04-28 16:00:00.288,22.87,22.88,22.56,22.59,6548174
2014-04-29 16:00:00.288,22.82,22.82,22.26,22.4,7909852
2014-04-30 16:00:00.288,22.3,22.75,22.3,22.71,4030251
2014-05-01 16:00:00.288,22.7,22.89,22.67,22.85,3484835
2014-05-02 16:00:00.288,22.59,22.74,22.46,22.51,6166451
2014-05-05 16:00:00.288,22.49,22.75,22.44,22.69,2961279
2014-05-06 16:00:00.288,22.62,22.73,22.61,22.71,1811921
2014-05-07 16:00:00.288,22.72,23.1,22.7,23.1,4677756
2014-05-08 16:00:00.288,22.98,23.27,22.78,23.02,4689046
2014-05-09 16:00:00.288,22.98,23.24,22.98,23.1,2957061
2014-05-12 16:00:00.288,23.08,23.24,22.9,22.94,4260501
2014-05-13 16:00:00.288,22.94,23.01,22.83,22.98,3621234
2014-05-14 16:00:00.288,23.0,23.22,22.97,23.18,3393443
2014-05-15 16:00:00.288,23.12,23.34,23.07,23.23,6384906
2014-05-16 16:00:00.288,23.19,23.27,23.09,23.2,2495637
2014-05-19 16:00:00.288,23.22,23.39,23.13,23.34,2537279
2014-05-20 16:00:00.288,23.38,23.44,23.21,23.25,1889506
2014-05-21 16:00:00.288,23.2,23.41,23.15,23.34,2525322
2014-05-22 16:00:00.288,23.34,23.57,23.29,23.43,3860278
2014-05-23 16:00:00.288,23.45,23.68,23.36,23.58,4330322
2014-05-27 16:00:00.288,23.59,23.83,23.58,23.79,4404218
2014-05-28 16:00:00.288,23.87,23.87,23.58,23.65,4041415
2014-05-29 16:00:00.288,23.69,23.74,23.5,23.56,1913586
2014-05-30 16:00:00.288,23.56,23.79,23.46,23.73,4263986
2014-06-02 16:00:00.288,23.75,23.89,23.7,23.71,2422497
2014-06-03 16:00:00.288,23.66,23.7,23.43,23.45,2854666
2014-06-04 16:00:00.288,23.44,23.45,23.24,23.36,3784073
2014-06-05 16:00:00.288,23.43,23.63,23.37,23.63,3098209
2014-06-06 16:00:00.288,23.68,23.8,23.62,23.76,3184803
2014-06-09 16:00:00.288,23.8,23.87,23.67,23.82,4466740
2014-06-10 16:00:00.288,23.81,23.85,23.54,23.55,4744859
2014-06-11 16:00:00.288,23.58,23.7,23.46,23.59,2495844
2014-06-12 16:00:00.288,23.64,23.7,23.51,23.68,2184858
2014-06-13 16:00:00.288,23.64,23.72,23.45,23.68,4117711
2014-06-16 16:00:00.288,23.7,23.71,23.57,23.65,2075510
2014-06-17 16:00:00.288,23.67,23.68,23.33,23.4,3792051
2014-06-18 16:00:00.288,23.57,23.6,23.26,23.46,6172566
2014-06-19 16:00:00.288,23.57,23.77,23.5,23.73,6311255
2014-06-20 16:00:00.288,23.77,23.78,23.42,23.73,6716864
2014-06-23 16:00:00.288,23.74,24.06,23.73,23.92,4850205
2014-06-24 16:00:00.288,23.9,24.0,23.87,23.87,3259742
2014-06-25 16:00:00.288,23.96,23.99,23.7,23.76,4331938
2014-06-26 16:00:00.288,23.15,23.42,23.07,23.34,4460354
2014-06-27 16:00:00.288,23.36,23.48,23.19,23.32,3792099
2014-06-30 16:00:00.288,23.31,23.45,23.25,23.41,2839153
2014-07-01 16:00:00.288,23.36,23.43,23.09,23.13,3413725
2014-07-02 16:00:00.288,23.03,23.06,22.67,23.0,5858975
2014-07-03 16:00:00.288,22.78,22.84,22.68,22.75,3332263
2014-07-07 16:00:00.288,22.75,22.76,22.57,22.68,3973790
2014-07-08 16:00:00.288,22.7,23.01,22.65,23.0,4486697
2014-07-09 16:00:00.288,23.0,23.03,22.82,22.96,2520387
2014-07-10 16:00:00.288,22.93,23.17,22.92,23.01,2157050
2014-07-11 16:00:00.288,23.05,23.07,22.9,22.93,1986460
2014-07-14 16:00:00.288,22.88,23.05,22.85,22.98,2606154
2014-07-15 16:00:00.288,22.92,23.08,22.9,23.01,2164342
2014-07-16 16:00:00.288,23.05,23.12,23.01,23.08,2706435
2014-07-17 16:00:00.288,23.08,23.2,23.05,23.1,2076467
2014-07-18 16:00:00.288,23.15,23.2,23.07,23.14,1863383
2014-07-21 16:00:00.288,23.15,23.29,23.15,23.24,1659449
2014-07-22 16:00:00.288,23.3,23.41,23.26,23.39,1676051
2014-07-23 16:00:00.288,23.46,23.56,23.43,23.51,1924100
2014-07-24 16:00:00.288,23.43,23.52,23.42,23.45,1695478
2014-07-25 16:00:00.288,23.43,23.62,23.42,23.58,1977092
2014-07-28 16:00:00.288,23.78,23.85,23.63,23.69,4233437
2014-07-29 16:00:00.288,23.92,23.97,23.41,23.48,6693027
2014-07-30 16:00:00.288,23.4,23.55,22.87,22.93,6429706
2014-07-31 16:00:00.288,22.87,23.13,22.7,23.12,5763966
2014-08-01 16:00:00.288,23.15,23.37,23.06,23.26,3749186
2014-08-04 16:00:00.288,23.21,23.31,23.1,23.13,3091621
2014-08-05 16:00:00.288,23.13,23.29,23.12,23.18,2617999
2014-08-06 16:00:00.288,23.21,23.24,23.1,23.2,2477323
2014-08-07 16:00:00.288,23.28,23.37,23.17,23.22,3126289
2014-08-08 16:00:00.288,23.25,23.29,23.19,23.22,2237986
2014-08-11 16:00:00.288,23.19,23.31,23.17,23.19,2266444
2014-08-12 16:00:00.288,23.19,23.27,23.15,23.18,1873730
2014-08-13 16:00:00.288,23.24,23.29,23.16,23.25,1533978
2014-08-14 16:00:00.288,23.24,23.42,23.24,23.31,3500191
2014-08-15 16:00:00.288,23.3,23.49,23.28,23.42,5120007
2014-08-18 16:00:00.288,23.44,23.48,23.27,23.34,3011364
2014-08-19 16:00:00.288,23.39,23.42,23.27,23.29,4377245
2014-08-20 16:00:00.288,23.31,23.38,23.22,23.36,3017183
2014-08-21 16:00:00.288,23.35,23.5,23.29,23.46,2661793
2014-08-22 16:00:00.288,23.45,23.53,23.3,23.36,1564223
2014-08-25 16:00:00.288,23.38,23.46,23.29,23.38,1519779
2014-08-26 16:00:00.288,23.39,23.54,23.33,23.5,1923414
2014-08-27 16:00:00.288,23.53,23.6,23.43,23.52,2649892
2014-08-28 16:00:00.288,23.5,23.57,23.45,23.51,1341310
2014-08-29 16:00:00.288,23.52,23.66,23.46,23.65,1600244
2014-09-02 16:00:00.288,23.68,23.68,23.52,23.58,2298873
2014-09-03 16:00:00.288,23.59,23.71,23.54,23.6,1908542
2014-09-04 16:00:00.288,23.6,23.61,23.42,23.48,2494570
2014-09-05 16:00:00.288,23.52,23.72,23.5,23.7,2829990
2014-09-08 16:00:00.288,23.7,23.71,23.55,23.68,1862827
2014-09-09 16:00:00.288,23.62,23.7,23.36,23.38,4325603
2014-09-10 16:00:00.288,23.35,23.45,23.1,23.18,4648388
2014-09-11 16:00:00.288,23.21,23.35,23.17,23.3,2271320
2014-09-12 16:00:00.288,23.25,23.28,22.68,22.71,5481089
2014-09-15 16:00:00.288,22.7,22.83,22.65,22.73,4444999
2014-09-16 16:00:00.288,22.73,22.75,22.26,22.61,5750143
2014-09-17 16:00:00.288,22.67,22.79,22.54,22.54,2952338
2014-09-18 16:00:00.288,22.53,22.55,22.06,22.13,12074080
2014-09-19 16:00:00.288,22.27,22.58,22.22,22.46,8714306
2014-09-22 16:00:00.288,22.53,22.57,22.23,22.25,7079034
2014-09-23 16:00:00.288,22.27,22.3,22.15,22.17,5791109
2014-09-24 16:00:00.288,22.2,22.27,22.04,22.09,6336689
2014-09-25 16:00:00.288,22.11,22.16,22.06,22.1,5171165
2014-09-26 16:00:00.288,21.55,21.55,21.08,21.45,7756601
2014-09-29 16:00:00.288,21.41,21.5,21.32,21.45,3688574
2014-09-30 16:00:00.288,21.48,21.52,21.25,21.25,6122605
2014-10-01 16:00:00.288,21.25,21.66,21.25,21.61,4965971
2014-10-02 16:00:00.288,21.66,21.66,21.3,21.45,4125828
2014-10-03 16:00:00.288,21.46,21.52,21.31,21.46,3922665
2014-10-06 16:00:00.288,21.46,21.83,21.45,21.71,4166025
2014-10-07 16:00:00.288,21.73,22.01,21.7,21.98,3975692
2014-10-08 16:00:00.288,21.92,22.47,21.92,22.44,7681269
2014-10-09 16:00:00.288,22.41,22.8,22.41,22.56,8710627
2014-10-10 16:00:00.288,22.54,22.76,22.51,22.62,6216315
2014-10-13 16:00:00.288,22.68,23.06,22.64,22.94,5043731
2014-10-14 16:00:00.288,22.96,23.03,22.76,22.94,8663982
2014-10-15 16:00:00.288,22.99,23.2,22.5,22.58,13027307
2014-10-16 16:00:00.288,22.51,22.56,22.09,22.28,11870685
2014-10-17 16:00:00.288,22.3,22.53,22.25,22.45,4307869
2014-10-20 16:00:00.288,22.3,22.66,22.23,22.66,3049627
2014-10-21 16:00:00.288,22.68,22.9,22.6,22.84,3579615
2014-10-22 16:00:00.288,22.84,23.08,22.8,22.96,3741447
2014-10-23 16:00:00.288,23.01,23.02,22.86,22.9,3018744
2014-10-24 16:00:00.288,22.95,23.07,22.86,23.02,4843786
2014-10-27 16:00:00.288,23.1,23.28,22.92,23.2,7504974
2014-10-28 16:00:00.288,23.2,23.44,23.01,23.12,7416080
2014-10-29 16:00:00.288,22.9,23.05,22.38,22.48,6278299
2014-10-30 16:00:00.288,22.5,22.74,22.45,22.69,3325541
2014-10-31 16:00:00.288,22.69,22.82,22.62,22.74,5052087
2014-11-03 16:00:00.288,22.75,22.86,22.63,22.65,2781113
2014-11-04 16:00:00.288,22.74,22.85,22.38,22.48,3450130
2014-11-05 16:00:00.288,22.5,22.59,22.3,22.4,4780737
2014-11-06 16:00:00.288,22.44,22.61,22.38,22.42,3395014
2014-11-07 16:00:00.288,22.5,22.64,22.44,22.55,2950717
2014-11-10 16:00:00.288,22.48,22.65,22.43,22.5,2598364
2014-11-11 16:00:00.288,22.46,22.55,22.41,22.52,1594663
2014-11-12 16:00:00.288,22.52,22.54,22.36,22.52,2517853
2014-11-13 16:00:00.288,22.61,22.7,22.49,22.67,2426044
2014-11-14 16:00:00.288,22.65,22.88,22.64,22.87,3258094
2014-11-17 16:00:00.288,22.8,23.13,22.79,23.08,4564047
2014-11-18 16:00:00.288,23.05,23.16,23.0,23.12,4260908
2014-11-19 16:00:00.288,23.1,23.16,23.0,23.12,3056139
2014-11-20 16:00:00.288,23.13,23.23,23.02,23.19,2348773
2014-11-21 16:00:00.288,23.23,23.26,23.1,23.17,2946621
2014-11-24 16:00:00.288,23.15,23.35,23.13,23.29,2712222
2014-11-25 16:00:00.288,23.09,23.09,22.92,22.98,3604064
2014-11-26 16:00:00.288,23.03,23.12,22.95,23.05,1781431
2014-11-28 16:00:00.288,23.09,23.17,23.01,23.08,1751890
2014-12-01 16:00:00.288,23.0,23.09,22.88,22.92,3387420
2014-12-02 16:00:00.288,22.88,23.17,22.82,23.14,3219999
2014-12-03 16:00:00.288,23.13,23.18,23.06,23.15,2271183
2014-12-04 16:00:00.288,23.15,23.22,23.1,23.14,2452520
2014-12-05 16:00:00.288,23.09,23.14,22.55,22.66,5722633
2014-12-08 16:00:00.288,22.61,22.68,22.18,22.29,5646518
2014-12-09 16:00:00.288,22.23,22.63,22.19,22.59,3732855
2014-12-10 16:00:00.288,22.58,22.63,22.27,22.31,1982397
2014-12-11 16:00:00.288,22.38,22.51,22.18,22.48,4859130
2014-12-12 16:00:00.288,22.44,22.47,22.21,22.24,3057459
2014-12-15 16:00:00.288,22.24,22.25,21.83,21.86,3363217
2014-12-16 16:00:00.288,21.86,22.07,21.75,21.78,3932688
2014-12-17 16:00:00.288,21.82,22.02,21.77,21.92,3139815
2014-12-18 16:00:00.288,22.0,22.07,21.86,22.0,3948646
2014-12-19 16:00:00.288,22.06,22.36,21.9,22.3,7327001
2014-12-22 16:00:00.288,22.34,22.44,22.24,22.41,3354737
2014-12-23 16:00:00.288,22.46,22.46,22.17,22.22,3361327
2014-12-24 16:00:00.288,22.15,22.22,21.95,22.14,2206797
2014-12-26 16:00:00.288,22.16,22.34,22.04,22.3,2334812
2014-12-29 16:00:00.288,22.2,22.47,22.05,22.32,4395459
2014-12-30 16:00:00.288,22.19,22.31,22.01,22.13,2274862
2014-12-31 16:00:00.288,22.07,22.24,21.78,21.83,3085223
2015-01-02 16:00:00.288,21.9,22.36,21.82,22.32,2956890
2015-01-05 16:00:00.288,22.25,22.27,22.0,22.11,3108877
2015-01-06 16:00:00.288,22.21,22.3,22.03,22.12,4037474
2015-01-07 16:00:00.288,22.14,22.16,22.03,22.09,3501135
2015-01-08 16:00:00.288,22.13,22.16,21.95,22.01,3578191
2015-01-09 16:00:00.288,21.99,22.09,21.93,21.94,3534303
2015-01-12 16:00:00.288,21.95,21.95,21.78,21.9,2785396
2015-01-13 16:00:00.288,21.9,21.95,21.5,21.64,3525486
2015-01-14 16:00:00.288,21.52,21.56,21.23,21.53,5126032
2015-01-15 16:00:00.288,21.53,21.67,21.43,21.48,6385708
2015-01-16 16:00:00.288,21.5,21.82,21.45,21.8,5391420
2015-01-20 16:00:00.288,21.9,21.9,21.41,21.47,4233193
2015-01-21 16:00:00.288,21.47,21.63,21.33,21.6,2592730
2015-01-22 16:00:00.288,21.69,22.1,21.62,22.07,3644248
2015-01-23 16:00:00.288,22.07,22.1,21.75,21.88,2247331
2015-01-26 16:00:00.288,21.94,22.07,21.76,22.06,2648667
2015-01-27 16:00:00.288,21.99,22.04,21.87,21.91,2127982
2015-01-28 16:00:00.288,21.73,21.83,21.54,21.55,2119881
2015-01-29 16:00:00.288,21.55,21.74,21.27,21.52,3126093
2015-01-30 16:00:00.288,21.42,21.66,21.41,21.55,3982229
2015-02-02 16:00:00.288,21.53,21.55,21.23,21.45,4575878
2015-02-03 16:00:00.288,21.37,21.85,21.15,21.73,5445199
2015-02-04 16:00:00.288,21.73,21.73,21.37,21.43,4216862
2015-02-05 16:00:00.288,21.4,21.7,21.38,21.69,3399661
2015-02-06 16:00:00.288,21.69,21.7,21.41,21.55,5511232
2015-02-09 16:00:00.288,21.54,21.75,21.5,21.68,2617619
2015-02-10 16:00:00.288,21.71,21.75,21.48,21.51,3555610
2015-02-11 16:00:00.288,21.45,21.55,21.42,21.48,2098437
2015-02-12 16:00:00.288,21.55,21.75,21.45,21.74,1997146
2015-02-13 16:00:00.288,21.8,21.97,21.69,21.95,2632618
2015-02-17 16:00:00.288,21.87,22.05,21.81,21.92,2485312
2015-02-18 16:00:00.288,21.93,21.97,21.71,21.86,1903884
2015-02-19 16:00:00.288,21.81,21.98,21.75,21.87,2003906
2015-02-20 16:00:00.288,21.88,21.99,21.86,21.94,2368833
2015-02-23 16:00:00.288,21.93,21.99,21.79,21.85,2434678
2015-02-24 16:00:00.288,21.82,21.82,21.61,21.78,4128100
2015-02-25 16:00:00.288,21.48,21.7,21.44,21.46,3620687
2015-02-26 16:00:00.288,21.49,21.5,21.21,21.27,4743741
2015-02-27 16:00:00.288,21.31,21.53,21.26,21.44,2385096
2015-03-02 16:00:00.288,21.41,21.5,21.28,21.35,2798768
2015-03-03 16:00:00.288,21.35,21.42,21.27,21.35,2617654
2015-03-04 16:00:00.288,21.35,21.42,21.28,21.38,1863147
2015-03-05 16:00:00.288,21.39,21.5,21.33,21.36,2187739
2015-03-06 16:00:00.288,21.26,21.32,20.95,21.05,4863867
2015-03-09 16:00:00.288,21.1,21.23,20.99,21.05,3177183
2015-03-10 16:00:00.288,20.96,21.12,20.92,20.98,3280383
2015-03-11 16:00:00.288,21.0,21.02,20.74,20.78,4052355
2015-03-12 16:00:00.288,20.88,21.08,20.83,21.02,2971070
2015-03-13 16:00:00.288,21.1,21.15,20.98,21.14,3775116
2015-03-16 16:00:00.288,21.2,21.43,21.17,21.42,3448831
2015-03-17 16:00:00.288,21.4,21.55,21.38,21.52,4043251
2015-03-18 16:00:00.288,21.46,21.95,21.43,21.8,5408133
2015-03-19 16:00:00.288,21.8,21.94,21.7,21.74,3008727
2015-03-20 16:00:00.288,21.75,21.93,21.72,21.79,6429151
2015-03-23 16:00:00.288,21.75,21.96,21.71,21.87,4411075
2015-03-24 16:00:00.288,21.85,21.91,21.73,21.76,3432358
2015-03-25 16:00:00.288,21.82,21.93,21.77,21.81,3135692
2015-03-26 16:00:00.288,21.83,21.9,21.72,21.76,3607785
2015-03-27 16:00:00.288,21.56,21.67,21.42,21.58,2608773
2015-03-30 16:00:00.288,21.59,21.61,21.37,21.41,3186257
2015-03-31 16:00:00.288,21.39,21.52,21.32,21.33,4467520
2015-04-01 16:00:00.288,21.4,21.48,21.31,21.46,2079940
2015-04-02 16:00:00.288,21.45,21.52,21.37,21.42,1778187
2015-04-06 16:00:00.288,21.5,21.69,21.44,21.66,2527979
2015-04-07 16:00:00.288,21.61,21.68,21.45,21.58,2162191
2015-04-08 16:00:00.288,21.57,21.75,21.45,21.73,3024336
2015-04-09 16:00:00.288,21.72,21.75,21.6,21.63,1699274
2015-04-10 16:00:00.288,21.67,21.83,21.65,21.7,1892322
2015-04-13 16:00:00.288,21.63,21.66,21.48,21.59,2824107
2015-04-14 16:00:00.288,21.61,21.82,21.59,21.73,1975202
2015-04-15 16:00:00.288,21.78,21.8,21.53,21.53,3053153
2015-04-16 16:00:00.288,21.57,21.7,21.5,21.67,2097227
2015-04-17 16:00:00.288,21.59,21.7,21.59,21.6,2028158
2015-04-20 16:00:00.288,21.61,21.7,21.56,21.64,1902869
2015-04-21 16:00:00.288,21.67,21.75,21.64,21.64,1926969
2015-04-22 16:00:00.288,21.64,21.69,21.57,21.65,2126487
2015-04-23 16:00:00.288,21.6,21.69,21.59,21.6,1899205
2015-04-24 16:00:00.288,21.65,21.7,21.57,21.58,3360406
2015-04-27 16:00:00.288,21.65,21.7,21.45,21.5,3730667
2015-04-28 16:00:00.288,21.14,21.2,20.68,20.81,6946226
2015-04-29 16:00:00.288,20.51,20.65,20.38,20.54,6401659
2015-04-30 16:00:00.288,20.4,20.64,20.4,20.64,5185550
2015-05-01 16:00:00.288,20.6,20.78,20.53,20.75,6101617
2015-05-04 16:00:00.288,20.73,20.79,20.64,20.79,3497291
2015-05-05 16:00:00.288,20.8,20.84,20.5,20.54,3278554
2015-05-06 16:00:00.288,20.52,20.55,20.31,20.4,3424577
2015-05-07 16:00:00.288,20.41,20.49,20.35,20.47,4333262
2015-05-08 16:00:00.288,20.62,20.71,20.53,20.63,4903438
2015-05-11 16:00:00.288,20.62,20.64,20.52,20.55,2970982
2015-05-12 16:00:00.288,20.5,20.7,20.44,20.6,3258974
2015-05-13 16:00:00.288,20.58,20.67,20.49,20.52,2643164
2015-05-14 16:00:00.288,20.52,20.68,20.51,20.64,1889950
2015-05-15 16:00:00.288,20.65,20.75,20.6,20.74,1778544
2015-05-18 16:00:00.288,20.7,20.79,20.61,20.78,1823197
2015-05-19 16:00:00.288,20.8,20.8,20.69,20.71,2939635
2015-05-20 16:00:00.288,20.69,20.83,20.69,20.72,3280903
2015-05-21 16:00:00.288,20.72,20.85,20.71,20.8,2710818
2015-05-22 16:00:00.288,20.84,20.89,20.74,20.75,2008846
2015-05-26 16:00:00.288,20.74,20.8,20.66,20.73,2642683
2015-05-27 16:00:00.288,20.53,20.59,20.51,20.54,3419339
2015-05-28 16:00:00.288,20.51,20.7,20.51,20.67,2772371
2015-05-29 16:00:00.288,20.68,20.93,20.68,20.86,15766372
2015-06-01 16:00:00.288,20.89,20.9,20.69,20.71,2495077
2015-06-02 16:00:00.288,20.64,20.71,20.43,20.45,3230151
2015-06-03 16:00:00.288,20.41,20.45,20.17,20.24,4043184
2015-06-04 16:00:00.288,20.15,20.34,20.12,20.25,4560191
2015-06-05 16:00:00.288,20.17,20.17,19.76,19.77,6510652
2015-06-08 16:00:00.288,19.72,19.78,19.56,19.64,4025346
2015-06-09 16:00:00.288,19.58,19.62,19.38,19.45,6113829
2015-06-10 16:00:00.288,19.3,19.54,19.3,19.49,3784901
2015-06-11 16:00:00.288,19.57,19.99,19.51,19.95,4246806
2015-06-12 16:00:00.288,19.91,20.11,19.86,20.11,11530264
2015-06-15 16:00:00.288,19.99,20.11,19.84,19.85,3235466
2015-06-16 16:00:00.288,19.83,19.91,19.78,19.86,2821568
2015-06-17 16:00:00.288,19.65,19.98,19.65,19.94,5221944
2015-06-18 16:00:00.288,19.97,20.0,19.9,19.95,3206712
2015-06-19 16:00:00.288,19.99,20.0,19.81,19.82,7145949
2015-06-22 16:00:00.288,19.85,19.94,19.8,19.82,3683201
2015-06-23 16:00:00.288,19.8,19.82,19.7,19.75,2790529
2015-06-24 16:00:00.288,19.74,19.79,19.6,19.65,3077860
2015-06-25 16:00:00.288,19.65,19.67,19.41,19.42,3484573
2015-06-26 16:00:00.288,19.14,19.15,18.64,18.72,8268508
2015-06-29 16:00:00.288,18.52,18.71,18.44,18.59,6124225
2015-06-30 16:00:00.288,18.5,18.84,18.31,18.37,6525273
2015-07-01 16:00:00.288,18.4,18.62,18.21,18.52,4099477
2015-07-02 16:00:00.288,18.52,18.72,18.52,18.62,2956158
2015-07-06 16:00:00.288,18.52,18.83,18.5,18.81,4343619
2015-07-07 16:00:00.288,18.99,19.41,18.98,19.38,8781145
2015-07-08 16:00:00.288,19.43,19.47,19.2,19.32,4846235
2015-07-09 16:00:00.288,19.37,19.44,19.04,19.05,4288226
2015-07-10 16:00:00.288,18.99,19.01,18.8,18.8,5120927
2015-07-13 16:00:00.288,18.84,18.94,18.82,18.85,3292869
2015-07-14 16:00:00.288,18.85,19.01,18.85,18.92,2957398
2015-07-15 16:00:00.288,18.94,19.06,18.79,19.01,4254296
2015-07-16 16:00:00.288,19.01,19.11,18.95,19.0,3416592
2015-07-17 16:00:00.288,18.95,19.07,18.9,19.04,4977622
2015-07-20 16:00:00.288,19.07,19.1,18.87,19.02,4041818
2015-07-21 16:00:00.288,19.02,19.18,18.96,19.05,5000746
2015-07-22 16:00:00.288,19.08,19.13,19.01,19.03,2125928
2015-07-23 16:00:00.288,19.02,19.02,18.84,18.89,3372855
2015-07-24 16:00:00.288,18.89,18.94,18.57,18.64,2981246
2015-07-27 16:00:00.288,18.51,18.79,18.51,18.73,4345490
2015-07-28 16:00:00.288,18.58,19.24,18.56,18.96,5982019
2015-07-29 16:00:00.288,18.77,18.99,18.7,18.96,4161957
2015-07-30 16:00:00.288,18.97,19.26,18.9,19.22,3442301
2015-07-31 16:00:00.288,19.28,19.43,19.2,19.26,3334795
2015-08-03 16:00:00.288,19.23,19.4,19.22,19.34,2699516
2015-08-04 16:00:00.288,19.28,19.35,19.17,19.2,2293555
2015-08-05 16:00:00.288,19.26,19.28,19.15,19.25,3230477
2015-08-06 16:00:00.288,19.27,19.33,19.12,19.25,2017410
2015-08-07 16:00:00.288,19.27,19.28,19.16,19.24,2116308
2015-08-10 16:00:00.288,19.25,19.32,19.17,19.26,2507411
2015-08-11 16:00:00.288,19.27,19.58,19.25,19.55,2730687
2015-08-12 16:00:00.288,19.61,19.9,19.53,19.85,4631151
2015-08-13 16:00:00.288,19.95,19.98,19.66,19.75,3462164
2015-08-14 16:00:00.288,19.73,19.95,19.65,19.94,2104401
2015-08-17 16:00:00.288,19.95,19.97,19.86,19.9,4252102
2015-08-18 16:00:00.288,19.84,19.89,19.79,19.84,2876638
2015-08-19 16:00:00.288,19.83,19.92,19.71,19.89,2624865
2015-08-20 16:00:00.288,19.78,20.07,19.78,19.98,5201386
2015-08-21 16:00:00.288,20.0,20.08,19.53,19.53,5444236
2015-08-24 16:00:00.288,18.95,19.69,18.7,19.21,6741734
2015-08-25 16:00:00.288,19.56,19.69,19.08,19.08,4128766
2015-08-26 16:00:00.288,19.4,19.46,19.2,19.32,5044388
2015-08-27 16:00:00.288,19.16,19.65,19.16,19.55,3222168
2015-08-28 16:00:00.288,19.57,19.59,19.3,19.36,2975564
2015-08-31 16:00:00.288,19.32,19.35,19.11,19.13,4493157
2015-09-01 16:00:00.288,19.08,19.18,19.0,19.08,3248734
2015-09-02 16:00:00.288,19.07,19.21,19.01,19.11,2888746
2015-09-03 16:00:00.288,19.14,19.28,19.06,19.19,2171488
2015-09-04 16:00:00.288,19.08,19.19,18.88,18.98,2692050
2015-09-08 16:00:00.288,19.12,19.15,18.99,19.09,3264746
2015-09-09 16:00:00.288,19.16,19.24,18.82,18.86,4485383
2015-09-10 16:00:00.288,18.96,18.98,18.77,18.82,3015840
2015-09-11 16:00:00.288,18.75,19.09,18.72,19.08,2573614
2015-09-14 16:00:00.288,19.16,19.16,18.95,18.99,2336425
2015-09-15 16:00:00.288,19.0,19.1,18.93,19.03,2458658
2015-09-16 16:00:00.288,19.01,19.13,18.96,19.05,2231010
2015-09-17 16:00:00.288,19.07,19.59,18.99,19.45,3876295
2015-09-18 16:00:00.288,19.45,19.6,19.39,19.42,5189666
2015-09-21 16:00:00.288,19.47,19.73,19.4,19.72,3554757
2015-09-22 16:00:00.288,19.66,19.67,19.45,19.46,2452321
2015-09-23 16:00:00.288,19.48,19.68,19.48,19.64,2034185
2015-09-24 16:00:00.288,19.57,19.7,19.43,19.67,3006080
2015-09-25 16:00:00.288,19.71,19.75,19.37,19.39,3084373
2015-09-28 16:00:00.288,19.15,19.28,18.75,18.97,5197077
2015-09-29 16:00:00.288,18.94,19.01,18.59,18.63,3282761
2015-09-30 16:00:00.288,18.65,18.8,18.47,18.7,4579026
2015-10-01 16:00:00.288,18.75,18.97,18.68,18.86,2637545
2015-10-02 16:00:00.288,18.8,19.13,18.78,19.11,3372814
2015-10-05 16:00:00.288,19.07,19.42,19.06,19.41,2623642
2015-10-06 16:00:00.288,19.43,19.54,19.38,19.46,2036857
2015-10-07 16:00:00.288,19.42,19.53,19.37,19.48,4050891
2015-10-08 16:00:00.288,19.45,19.52,19.37,19.44,3124893
2015-10-09 16:00:00.288,19.47,19.49,19.32,19.36,2572147
2015-10-12 16:00:00.288,19.38,19.52,19.35,19.44,1612182
2015-10-13 16:00:00.288,19.37,19.41,19.22,19.32,2404352
2015-10-14 16:00:00.288,19.3,19.35,19.24,19.27,3496313
2015-10-15 16:00:00.288,19.27,19.28,19.12,19.21,2516292
2015-10-16 16:00:00.288,19.19,19.27,19.1,19.16,2738955
2015-10-19 16:00:00.288,19.23,19.24,19.06,19.1,2534000
2015-10-20 16:00:00.288,19.1,19.15,18.99,19.09,4178535
2015-10-21 16:00:00.288,19.12,19.17,19.05,19.08,2254365
2015-10-22 16:00:00.288,19.12,19.2,19.03,19.14,2910781
2015-10-23 16:00:00.288,19.13,19.2,19.08,19.18,2728923
2015-10-26 16:00:00.288,19.21,19.24,19.03,19.07,2733330
2015-10-27 16:00:00.288,18.44,18.61,18.02,18.15,11220535
2015-10-28 16:00:00.288,17.91,18.08,17.72,17.98,9217585
2015-10-29 16:00:00.288,17.84,17.94,17.67,17.85,5896599
2015-10-30 16:00:00.288,17.84,17.92,17.77,17.83,5027203
2015-11-02 16:00:00.288,17.83,18.14,17.82,18.13,4004408
2015-11-03 16:00:00.288,18.11,18.22,18.04,18.07,3600216
2015-11-04 16:00:00.288,18.03,18.19,17.91,18.04,3273114
2015-11-05 16:00:00.288,18.04,18.05,17.78,17.84,3928552
2015-11-06 16:00:00.288,17.71,17.88,17.61,17.78,4517833
2015-11-09 16:00:00.288,17.72,17.84,17.67,17.73,3898697
2015-11-10 16:00:00.288,17.74,17.93,17.72,17.9,2407033
2015-11-11 16:00:00.288,17.91,17.99,17.88,17.9,1854359
2015-11-12 16:00:00.288,17.81,17.92,17.69,17.7,2768864
2015-11-13 16:00:00.288,17.75,17.99,17.71,17.82,2656166
2015-11-16 16:00:00.288,17.78,17.94,17.78,17.91,2050663
2015-11-17 16:00:00.288,17.87,17.99,17.82,17.89,2244255
2015-11-18 16:00:00.288,17.88,18.09,17.86,18.09,2573551
2015-11-19 16:00:00.288,18.14,18.27,18.05,18.07,3186317
2015-11-20 16:00:00.288,18.12,18.2,17.92,17.96,3654457
2015-11-23 16:00:00.288,17.95,18.02,17.92,17.95,2611287
2015-11-24 16:00:00.288,17.93,18.08,17.9,18.07,2270474
2015-11-25 16:00:00.288,17.9,17.95,17.73,17.84,1741754
2015-11-27 16:00:00.288,17.87,18.05,17.84,18.01,1510184
2015-11-30 16:00:00.288,17.99,18.02,17.85,17.95,3128874
2015-12-01 16:00:00.288,17.95,18.1,17.92,17.97,2707241
2015-12-02 16:00:00.288,17.96,17.99,17.68,17.7,2829044
2015-12-03 16:00:00.288,17.74,17.84,17.58,17.7,3421258
2015-12-04 16:00:00.288,17.61,17.77,17.57,17.65,2939921
2015-12-07 16:00:00.288,17.61,17.65,17.49,17.59,2807167
2015-12-08 16:00:00.288,17.48,17.64,17.45,17.5,2714928
2015-12-09 16:00:00.288,17.51,17.56,17.36,17.44,2397437
2015-12-10 16:00:00.288,17.41,17.55,17.35,17.44,1655987
2015-12-11 16:00:00.288,17.38,17.48,17.14,17.23,3121974
2015-12-14 16:00:00.288,17.13,17.32,16.89,16.96,4095622
2015-12-15 16:00:00.288,16.98,17.2,16.95,17.11,2888374
2015-12-16 16:00:00.288,16.99,17.4,16.96,17.4,5328675
2015-12-17 16:00:00.288,17.42,17.55,17.37,17.47,2471101
2015-12-18 16:00:00.288,17.47,17.58,17.38,17.5,3282522
2015-12-21 16:00:00.288,17.6,17.7,17.43,17.68,3998542
2015-12-22 16:00:00.288,17.7,17.96,17.7,17.88,2906212
2015-12-23 16:00:00.288,17.92,17.95,17.81,17.85,2775334
2015-12-24 16:00:00.288,17.82,17.88,17.73,17.78,870046
2015-12-28 16:00:00.288,17.72,17.78,17.61,17.77,2203259
2015-12-29 16:00:00.288,17.57,17.67,17.39,17.44,2176575
2015-12-30 16:00:00.288,17.4,17.56,17.36,17.4,2202653
2015-12-31 16:00:00.288,17.35,17.45,17.31,17.34,3252896
2016-01-04 16:00:00.288,17.18,17.72,17.18,17.71,2887963
2016-01-05 16:00:00.288,17.7,17.92,17.52,17.79,4841278
2016-01-06 16:00:00.288,17.78,18.02,17.72,17.86,3829160
2016-01-07 16:00:00.288,17.7,17.87,17.65,17.72,4531402
2016-01-08 16:00:00.288,17.79,17.8,17.58,17.63,3398976
2016-01-11 16:00:00.288,17.68,17.69,17.48,17.53,3354299
2016-01-12 16:00:00.288,17.59,17.59,17.2,17.29,3036020
2016-01-13 16:00:00.288,17.3,17.41,17.01,17.08,3794173
2016-01-14 16:00:00.288,17.05,17.13,16.75,16.98,4129747
2016-01-15 16:00:00.288,16.64,16.78,16.4,16.72,5455758
2016-01-19 16:00:00.288,16.8,16.83,16.47,16.5,5090487
2016-01-20 16:00:00.288,16.27,16.4,15.69,16.24,8290295
2016-01-21 16:00:00.288,16.21,16.33,16.02,16.03,5176679
2016-01-22 16:00:00.288,16.17,16.71,16.12,16.65,4885715
2016-01-25 16:00:00.288,16.67,16.69,16.27,16.29,4872243
2016-01-26 16:00:00.288,16.34,16.8,16.26,16.76,5359753
2016-01-27 16:00:00.288,16.48,16.7,16.34,16.43,3381578
2016-01-28 16:00:00.288,16.48,16.72,16.43,16.53,2711385
2016-01-29 16:00:00.288,16.57,17.08,16.55,17.07,5282516
2016-02-01 16:00:00.288,17.05,17.07,16.81,16.9,4537193
2016-02-02 16:00:00.288,16.96,17.5,16.72,17.43,5682240
2016-02-03 16:00:00.288,17.51,17.84,17.43,17.69,10481259
2016-02-04 16:00:00.288,17.77,17.91,17.71,17.85,7654156
2016-02-05 16:00:00.288,17.9,17.91,17.73,17.79,8098714
2016-02-08 16:00:00.288,17.87,17.91,17.64,17.77,5376670
2016-02-09 16:00:00.288,17.77,17.84,17.56,17.59,4958565
2016-02-10 16:00:00.288,17.62,17.72,17.52,17.55,3322177
2016-02-11 16:00:00.288,17.36,17.5,17.18,17.24,3944018
2016-02-12 16:00:00.288,17.32,17.63,17.27,17.53,3927054
2016-02-16 16:00:00.288,17.6,17.78,17.58,17.75,4481416
2016-02-17 16:00:00.288,17.8,17.89,17.68,17.83,7247702
2016-02-18 16:00:00.288,17.84,18.11,17.82,18.0,3647631
2016-02-19 16:00:00.288,18.01,18.11,17.93,18.01,2905234
2016-02-22 16:00:00.288,18.09,18.22,18.03,18.09,2215668
2016-02-23 16:00:00.288,18.0,18.26,18.0,18.18,2495000
2016-02-24 16:00:00.288,18.11,18.17,17.91,18.13,3563125
2016-02-25 16:00:00.288,17.99,18.17,17.95,18.11,4834781
2016-02-26 16:00:00.288,18.16,18.38,18.11,18.19,3198958
2016-02-29 16:00:00.288,18.2,18.34,18.05,18.07,4012201
2016-03-01 16:00:00.288,18.16,18.27,17.97,18.03,3504109
2016-03-02 16:00:00.288,18.03,18.19,17.95,18.16,3136471
2016-03-03 16:00:00.288,18.13,18.4,18.13,18.38,2224017
2016-03-04 16:00:00.288,18.31,18.46,18.25,18.37,2232295
2016-03-07 16:00:00.288,18.34,18.47,18.26,18.34,2474891
2016-03-08 16:00:00.288,18.44,18.44,18.0,18.26,3373798
2016-03-09 16:00:00.288,18.25,18.37,18.08,18.24,3175234
2016-03-10 16:00:00.288,18.3,18.33,17.97,18.15,2756809
2016-03-11 16:00:00.288,18.18,18.31,18.11,18.3,2566686
2016-03-14 16:00:00.288,18.31,18.41,18.16,18.41,3108929
2016-03-15 16:00:00.288,18.29,18.3,18.02,18.19,2708988
2016-03-16 16:00:00.288,18.19,18.34,18.08,18.31,1906691
2016-03-17 16:00:00.288,18.36,18.8,18.27,18.67,562583
2016-03-18 16:00:00.288,18.64,18.77,18.47,18.63,5163615
2016-03-21 16:00:00.288,18.6,18.74,18.53,18.61,2873605
2016-03-22 16:00:00.288,18.59,18.73,18.52,18.72,1897197
2016-03-23 16:00:00.288,18.68,18.68,18.45,18.48,2597731
2016-03-24 16:00:00.288,18.45,18.54,18.25,18.43,2106217
2016-03-28 16:00:00.288,18.49,18.59,18.42,18.57,2316334
2016-03-29 16:00:00.288,18.37,18.47,18.12,18.46,2876806
2016-03-30 16:00:00.288,18.45,18.54,18.36,18.48,2131019
2016-03-31 16:00:00.288,18.42,18.63,18.42,18.63,3955705
2016-04-01 16:00:00.288,18.56,18.74,18.42,18.74,3591879
2016-04-04 16:00:00.288,18.73,18.75,18.49,18.64,2935602
2016-04-05 16:00:00.288,18.6,18.64,18.45,18.57,3220875
2016-04-06 16:00:00.288,18.59,18.68,18.49,18.65,2006519
2016-04-07 16:00:00.288,18.62,18.66,18.55,18.6,1888239
2016-04-08 16:00:00.288,18.68,18.74,18.61,18.69,1549120
2016-04-11 16:00:00.288,18.68,18.82,18.57,18.79,3313118
2016-04-12 16:00:00.288,18.8,18.85,18.68,18.72,2049135
2016-04-13 16:00:00.288,18.73,18.81,18.64,18.8,2151204
2016-04-14 16:00:00.288,18.8,18.85,18.68,18.72,1852639
2016-04-15 16:00:00.288,18.77,18.82,18.7,18.77,1794013
2016-04-18 16:00:00.288,18.72,18.85,18.7,18.84,1674786
2016-04-19 16:00:00.288,18.89,18.98,18.83,18.93,2326318
2016-04-20 16:00:00.288,18.94,18.98,18.73,18.76,3892816
2016-04-21 16:00:00.288,18.75,18.79,18.51,18.59,3016098
2016-04-22 16:00:00.288,18.63,18.69,18.45,18.57,2086169
2016-04-25 16:00:00.288,18.57,18.69,18.47,18.66,2155042
2016-04-26 16:00:00.288,18.47,18.59,18.02,18.23,7057209
2016-04-27 16:00:00.288,18.04,18.26,18.0,18.26,3874736
2016-04-28 16:00:00.288,18.2,18.31,18.11,18.22,2230323
2016-04-29 16:00:00.288,18.18,18.38,18.16,18.37,3286314
2016-05-02 16:00:00.288,18.37,18.45,18.2,18.33,3037653
2016-05-03 16:00:00.288,18.26,18.31,18.06,18.15,2196923
2016-05-04 16:00:00.288,18.14,18.45,18.11,18.43,2868551
2016-05-05 16:00:00.288,18.47,18.59,18.39,18.58,3577887
2016-05-06 16:00:00.288,18.55,18.93,18.55,18.84,5382570
2016-05-09 16:00:00.288,18.94,19.05,18.82,18.91,5267413
2016-05-10 16:00:00.288,18.95,19.07,18.92,19.05,3925529
2016-05-11 16:00:00.288,19.04,19.24,19.03,19.07,3098176
2016-05-12 16:00:00.288,19.09,19.18,18.96,19.09,2346985
2016-05-13 16:00:00.288,19.14,19.22,19.04,19.13,1778065
2016-05-16 16:00:00.288,19.03,19.2,19.02,19.17,1799225
2016-05-17 16:00:00.288,19.23,19.23,18.97,19.05,2353782
2016-05-18 16:00:00.288,19.03,19.12,18.48,18.66,4054424
2016-05-19 16:00:00.288,18.57,18.76,18.48,18.66,3032004
2016-05-20 16:00:00.288,18.74,18.81,18.62,18.77,1768938
2016-05-23 16:00:00.288,19.3,19.37,18.78,19.17,7722227
2016-05-24 16:00:00.288,19.06,19.28,19.01,19.08,4173549
2016-05-25 16:00:00.288,19.15,19.18,19.03,19.11,4047647
2016-05-26 16:00:00.288,19.0,19.04,18.95,19.01,4103648
2016-05-27 16:00:00.288,19.0,19.07,18.83,18.88,2059078
2016-05-31 16:00:00.288,18.89,18.97,18.78,18.89,4142062
2016-06-01 16:00:00.288,18.87,19.0,18.86,18.98,2517227
2016-06-02 16:00:00.288,19.0,19.05,18.96,19.0,2077649
2016-06-03 16:00:00.288,19.05,19.12,18.98,19.07,3981132
2016-06-06 16:00:00.288,19.1,19.17,19.07,19.11,2956913
2016-06-07 16:00:00.288,19.14,19.16,19.05,19.11,3123222
2016-06-08 16:00:00.288,19.1,19.13,19.04,19.06,2535239
2016-06-09 16:00:00.288,19.1,19.11,19.02,19.07,2814457
2016-06-10 16:00:00.288,19.05,19.05,18.82,18.89,3795177
2016-06-13 16:00:00.288,18.81,18.87,18.66,18.77,3744848
2016-06-14 16:00:00.288,18.75,18.82,18.57,18.58,2744267
2016-06-15 16:00:00.288,18.55,18.79,18.54,18.73,2372740
2016-06-16 16:00:00.288,18.76,19.0,18.69,18.99,3562977
2016-06-17 16:00:00.288,19.02,19.2,18.98,19.0,5690575
2016-06-20 16:00:00.288,19.07,19.26,19.05,19.24,2870512
2016-06-21 16:00:00.288,19.27,19.37,19.14,19.17,3402097
2016-06-22 16:00:00.288,19.17,19.31,19.16,19.25,1959223
2016-06-23 16:00:00.288,19.3,19.31,19.2,19.29,2090258
2016-06-24 16:00:00.288,19.0,19.6,18.96,19.49,7302291
2016-06-27 16:00:00.288,19.51,19.58,19.1,19.33,5837405
2016-06-28 16:00:00.288,19.23,19.57,19.18,19.51,3951376
2016-06-29 16:00:00.288,19.66,19.66,19.43,19.45,4831299
2016-06-30 16:00:00.288,19.5,19.85,19.45,19.82,4799698
2016-07-01 16:00:00.288,19.86,19.88,19.59,19.73,2662594
2016-07-05 16:00:00.288,19.77,19.78,19.5,19.57,3657868
2016-07-06 16:00:00.288,19.62,19.85,19.48,19.82,4102140
2016-07-07 16:00:00.288,19.78,19.8,19.43,19.49,2949202
2016-07-08 16:00:00.288,19.42,19.47,19.2,19.24,4651115
2016-07-11 16:00:00.288,19.2,19.27,19.02,19.27,3979450
2016-07-12 16:00:00.288,19.21,19.29,19.15,19.24,4413281
2016-07-13 16:00:00.288,19.27,19.27,19.09,19.2,2116641
2016-07-14 16:00:00.288,19.2,19.31,19.16,19.2,2199903
2016-07-15 16:00:00.288,19.22,19.28,19.16,19.25,2700729
2016-07-18 16:00:00.288,19.2,19.26,19.17,19.21,1822861
2016-07-19 16:00:00.288,19.1,19.43,19.1,19.42,3987972
2016-07-20 16:00:00.288,19.49,19.63,19.43,19.54,4383801
2016-07-21 16:00:00.288,19.54,19.6,19.49,19.59,1993437
2016-07-22 16:00:00.288,19.57,19.71,19.55,19.64,3109821
2016-07-25 16:00:00.288,19.6,19.67,19.52,19.58,3468743
2016-07-26 16:00:00.288,19.66,19.69,19.6,19.67,2170612
2016-07-27 16:00:00.288,19.49,19.54,19.3,19.49,3079094
2016-07-28 16:00:00.288,19.25,19.66,19.25,19.62,5938022
2016-07-29 16:00:00.288,19.65,19.7,19.41,19.59,4335970
2016-08-01 16:00:00.288,19.53,19.69,19.47,19.66,2983326
2016-08-02 16:00:00.288,19.58,19.69,19.5,19.5,2444657
2016-08-03 16:00:00.288,19.5,19.7,19.43,19.69,2693555
2016-08-04 16:00:00.288,19.67,19.8,19.65,19.78,1984580
2016-08-05 16:00:00.288,19.78,19.98,19.75,19.89,2072580
2016-08-08 16:00:00.288,19.93,19.96,19.73,19.85,3501902
2016-08-09 16:00:00.288,19.82,20.01,19.73,20.01,2602366
2016-08-10 16:00:00.288,20.0,20.1,19.97,19.99,2613480
2016-08-11 16:00:00.288,20.04,20.04,19.82,19.95,2038250
2016-08-12 16:00:00.288,19.98,20.01,19.84,19.9,1948170
2016-08-15 16:00:00.288,19.83,19.94,19.76,19.78,1796752
2016-08-16 16:00:00.288,19.76,19.79,19.66,19.7,2067743
2016-08-17 16:00:00.288,19.73,19.81,19.52,19.79,2627412
2016-08-18 16:00:00.288,19.74,19.88,19.71,19.87,1921112
2016-08-19 16:00:00.288,19.8,19.87,19.69,19.87,2160943
2016-08-22 16:00:00.288,19.88,19.9,19.73,19.84,2498910
2016-08-23 16:00:00.288,19.85,20.04,19.72,19.97,2354200
2016-08-24 16:00:00.288,19.98,20.03,19.86,19.95,2235621
2016-08-25 16:00:00.288,19.98,19.98,19.85,19.88,2190812
2016-08-26 16:00:00.288,19.91,19.91,19.65,19.71,2923513
2016-08-29 16:00:00.288,19.6,19.68,19.5,19.52,2624143
2016-08-30 16:00:00.288,19.53,19.56,19.45,19.53,2213455
2016-08-31 16:00:00.288,19.5,19.51,19.15,19.31,4688757
2016-09-01 16:00:00.288,19.35,19.38,19.08,19.21,3318886
2016-09-02 16:00:00.288,19.33,19.6,19.25,19.57,2340033
2016-09-06 16:00:00.288,19.57,19.78,19.48,19.77,2720497
2016-09-07 16:00:00.288,19.79,19.92,19.72,19.89,3181758
2016-09-08 16:00:00.288,19.9,19.91,19.66,19.75,2606226
2016-09-09 16:00:00.288,19.76,19.76,19.05,19.05,4099677
2016-09-12 16:00:00.288,18.99,19.38,18.88,19.31,5151931
2016-09-13 16:00:00.288,19.36,19.41,19.13,19.18,4364458
2016-09-14 16:00:00.288,19.25,19.49,19.2,19.3,3646828
2016-09-15 16:00:00.288,19.47,19.47,19.19,19.36,2974699
2016-09-16 16:00:00.288,19.27,19.32,19.07,19.15,4255172
2016-09-19 16:00:00.288,19.17,19.44,19.16,19.3,1570735
2016-09-20 16:00:00.288,19.35,19.56,19.34,19.55,3489172
2016-09-21 16:00:00.288,19.54,19.72,19.3,19.7,2919919
2016-09-22 16:00:00.288,19.79,19.9,19.7,19.81,2205538
2016-09-23 16:00:00.288,19.71,19.8,19.64,19.7,2672640
2016-09-26 16:00:00.288,19.63,19.86,19.63,19.82,2326475
2016-09-27 16:00:00.288,19.82,19.94,19.76,19.78,2120711
2016-09-28 16:00:00.288,19.63,19.64,19.35,19.52,2434217
2016-09-29 16:00:00.288,19.54,19.57,19.33,19.41,1561694
2016-09-30 16:00:00.288,19.43,19.63,19.36,19.54,2446901
2016-10-03 16:00:00.288,19.48,19.5,19.3,19.31,2561175
2016-10-04 16:00:00.288,19.38,19.38,18.84,19.05,5347069
2016-10-05 16:00:00.288,19.03,19.13,18.86,18.9,2841613
2016-10-06 16:00:00.288,18.8,18.88,18.59,18.71,2994795
2016-10-07 16:00:00.288,18.61,18.98,18.61,18.92,3017290
2016-10-10 16:00:00.288,18.92,19.17,18.92,19.02,1830853
2016-10-11 16:00:00.288,19.0,19.11,18.92,18.99,2573708
2016-10-12 16:00:00.288,19.38,19.38,18.95,19.24,2296025
2016-10-13 16:00:00.288,19.21,19.52,19.21,19.47,3381462
2016-10-14 16:00:00.288,19.47,19.47,19.27,19.28,1813093
2016-10-17 16:00:00.288,19.32,19.38,19.22,19.25,1484318
2016-10-18 16:00:00.288,19.35,19.39,19.2,19.3,1217464
2016-10-19 16:00:00.288,19.37,19.44,19.3,19.43,1383938
2016-10-20 16:00:00.288,19.4,19.48,19.36,19.48,1387602
2016-10-21 16:00:00.288,19.48,19.58,19.42,19.48,1301631
2016-10-24 16:00:00.288,19.47,19.85,19.47,19.84,3448521
2016-10-25 16:00:00.288,20.13,20.29,19.9,20.18,5609524
2016-10-26 16:00:00.288,20.22,20.43,20.2,20.26,3886988
2016-10-27 16:00:00.288,20.03,20.11,19.85,19.89,2757321
2016-10-28 16:00:00.288,19.87,19.98,19.75,19.84,2392705
2016-10-31 16:00:00.288,19.84,20.07,19.78,20.06,4040043
2016-11-01 16:00:00.288,20.03,20.05,19.68,19.74,3357445
2016-11-02 16:00:00.288,19.7,19.77,19.55,19.61,4648838
2016-11-03 16:00:00.288,19.63,19.86,19.6,19.63,2840254
2016-11-04 16:00:00.288,19.62,19.76,19.59,19.71,2387788
2016-11-07 16:00:00.288,19.77,19.94,19.76,19.86,3681257
2016-11-08 16:00:00.288,19.93,19.99,19.85,19.9,4388350
2016-11-09 16:00:00.288,19.6,19.85,19.59,19.63,6050721
2016-11-10 16:00:00.288,19.66,19.7,19.12,19.26,9712281
2016-11-11 16:00:00.288,19.32,19.44,19.2,19.34,2680564
2016-11-14 16:00:00.288,19.5,19.5,19.06,19.08,3685284
2016-11-15 16:00:00.288,19.1,19.36,19.05,19.28,4946691
2016-11-16 16:00:00.288,19.36,19.5,19.11,19.16,4316927
2016-11-17 16:00:00.288,19.2,19.29,19.14,19.16,2814882
2016-11-18 16:00:00.288,19.21,19.27,19.02,19.14,3660715
2016-11-21 16:00:00.288,19.18,19.26,19.15,19.19,3777764
2016-11-22 16:00:00.288,19.26,19.31,19.18,19.18,2501591
2016-11-23 16:00:00.288,19.17,19.18,18.89,18.92,3054430
2016-11-25 16:00:00.288,18.95,19.0,18.86,18.92,2550247
2016-11-28 16:00:00.288,18.81,18.82,18.64,18.68,5728692
2016-11-29 16:00:00.288,18.66,19.04,18.65,19.01,3873670
2016-11-30 16:00:00.288,18.97,19.0,18.54,18.66,5217973
2016-12-01 16:00:00.288,18.66,18.7,17.92,18.09,10664032
2016-12-02 16:00:00.288,18.04,18.11,17.82,17.89,5080798
2016-12-05 16:00:00.288,17.87,18.3,17.86,18.28,3954451
2016-12-06 16:00:00.288,18.28,18.43,18.23,18.37,2363551
2016-12-07 16:00:00.288,18.43,18.72,18.4,18.59,3475112
2016-12-08 16:00:00.288,18.59,18.7,18.36,18.54,3421367
2016-12-09 16:00:00.288,18.5,18.63,18.43,18.49,2955684
2016-12-12 16:00:00.288,18.46,18.57,18.25,18.33,3784980
2016-12-13 16:00:00.288,18.3,18.35,17.97,17.99,6771081
2016-12-14 16:00:00.288,18.01,18.24,17.8,17.89,5411803
2016-12-15 16:00:00.288,17.65,17.75,17.3,17.53,8322508
2016-12-16 16:00:00.288,17.61,17.9,17.58,17.87,4711125
2016-12-19 16:00:00.288,17.98,18.25,17.91,18.25,3567662
2016-12-20 16:00:00.288,18.25,18.3,18.05,18.08,3078845
2016-12-21 16:00:00.288,18.08,18.2,18.0,18.09,2687381
2016-12-22 16:00:00.288,18.16,18.26,18.06,18.17,2651034
2016-12-23 16:00:00.288,18.3,18.3,17.99,18.15,2555495
2016-12-27 16:00:00.288,18.18,18.23,18.03,18.09,2316247
2016-12-28 16:00:00.288,17.93,17.96,17.76,17.91,3415957
2016-12-29 16:00:00.288,17.91,18.22,17.86,18.16,3249686
2016-12-30 16:00:00.288,18.16,18.2,18.03,18.13,2736006
2017-01-03 16:00:00.288,18.11,18.57,18.1,18.57,4625560
2017-01-04 16:00:00.288,18.65,18.92,18.6,18.9,5882666
2017-01-05 16:00:00.288,18.9,18.95,18.82,18.94,3916091
2017-01-06 16:00:00.288,18.91,19.03,18.85,18.87,2730068
2017-01-09 16:00:00.288,18.91,19.04,18.79,18.87,3133300
2017-01-10 16:00:00.288,18.92,18.92,18.57,18.75,3470348
2017-01-11 16:00:00.288,18.8,18.88,18.63,18.81,2585035
2017-01-12 16:00:00.288,18.77,18.92,18.75,18.87,2773478
2017-01-13 16:00:00.288,18.9,18.93,18.67,18.84,1995149
2017-01-17 16:00:00.288,18.87,19.08,18.87,18.96,2384430
2017-01-18 16:00:00.288,18.97,19.14,18.96,18.99,4660495
2017-01-19 16:00:00.288,19.0,19.03,18.96,19.0,3552785
2017-01-20 16:00:00.288,18.97,19.0,18.88,18.95,3193134
2017-01-23 16:00:00.288,18.96,19.19,18.93,19.1,2306354
2017-01-24 16:00:00.288,19.15,19.23,19.04,19.2,5000024
2017-01-25 16:00:00.288,19.24,19.24,19.05,19.11,3380564
2017-01-26 16:00:00.288,19.09,19.14,19.02,19.05,3622344
2017-01-27 16:00:00.288,18.91,18.94,18.8,18.93,1954663
2017-01-30 16:00:00.288,18.82,18.95,18.8,18.92,2103763
2017-01-31 16:00:00.288,18.94,18.95,18.5,18.67,4028018
2017-02-01 16:00:00.288,18.65,18.72,18.41,18.56,4013261
2017-02-02 16:00:00.288,18.57,18.97,18.5,18.83,4420831
2017-02-03 16:00:00.288,18.95,19.0,18.8,18.94,4996048
2017-02-06 16:00:00.288,18.96,19.21,18.95,19.2,3834460
2017-02-07 16:00:00.288,19.2,19.28,19.03,19.03,4293361
2017-02-08 16:00:00.288,19.1,19.16,19.02,19.16,3482902
2017-02-09 16:00:00.288,19.19,19.23,19.08,19.1,2870532
2017-02-10 16:00:00.288,19.09,19.22,19.09,19.17,1952973
2017-02-13 16:00:00.288,19.18,19.41,19.16,19.4,2719783
2017-02-14 16:00:00.288,19.42,19.47,19.17,19.29,2232445
2017-02-15 16:00:00.288,19.3,19.33,19.16,19.32,2189599
2017-02-16 16:00:00.288,19.28,19.6,19.28,19.46,2837924
2017-02-17 16:00:00.288,19.47,19.56,19.35,19.49,2245356
2017-02-21 16:00:00.288,19.55,19.56,19.4,19.53,2222069
2017-02-22 16:00:00.288,19.53,19.58,19.45,19.5,2632633
2017-02-23 16:00:00.288,19.54,19.69,19.52,19.64,2982029
2017-02-24 16:00:00.288,19.45,19.63,19.42,19.54,2329780
2017-02-27 16:00:00.288,19.5,19.63,19.5,19.53,2138919
2017-02-28 16:00:00.288,19.5,19.64,19.47,19.63,3812062
2017-03-01 16:00:00.288,19.51,19.65,19.33,19.39,2855139
2017-03-02 16:00:00.288,19.39,19.48,19.36,19.4,2454131
2017-03-03 16:00:00.288,19.42,19.56,19.37,19.56,2220692
2017-03-06 16:00:00.288,19.56,19.56,19.43,19.52,2180363
2017-03-07 16:00:00.288,19.46,19.58,19.43,19.49,1783912
2017-03-08 16:00:00.288,19.51,19.54,19.09,19.11,3188786
2017-03-09 16:00:00.288,19.17,19.39,19.04,19.11,2834701
2017-03-10 16:00:00.288,19.17,19.42,19.16,19.34,2147143
2017-03-13 16:00:00.288,19.49,19.49,19.18,19.24,2371175
2017-03-14 16:00:00.288,19.22,19.26,19.08,19.12,2284585
2017-03-15 16:00:00.288,19.21,19.53,19.18,19.51,3862941
2017-03-16 16:00:00.288,19.54,19.6,19.41,19.56,2321645
2017-03-17 16:00:00.288,19.57,19.75,19.57,19.67,4289954
2017-03-20 16:00:00.288,19.7,19.87,19.68,19.71,2069280
2017-03-21 16:00:00.288,19.79,19.84,19.65,19.79,2192199
2017-03-22 16:00:00.288,19.8,19.9,19.75,19.84,2163305
2017-03-23 16:00:00.288,19.85,19.95,19.79,19.87,2551413
2017-03-24 16:00:00.288,19.85,19.89,19.69,19.73,2297614
2017-03-27 16:00:00.288,19.72,19.85,19.68,19.85,1847375
2017-03-28 16:00:00.288,19.9,19.98,19.8,19.93,2590034
2017-03-29 16:00:00.288,19.77,19.94,19.7,19.9,2272891
2017-03-30 16:00:00.288,19.81,19.95,19.81,19.95,1722856
2017-03-31 16:00:00.288,19.91,20.02,19.86,19.89,1987026
2017-04-03 16:00:00.288,19.91,20.07,19.85,20.05,2666669
2017-04-04 16:00:00.288,20.07,20.26,20.01,20.21,2697591
2017-04-05 16:00:00.288,20.25,20.27,20.12,20.19,4696204
2017-04-06 16:00:00.288,20.17,20.17,19.99,20.09,3415808
2017-04-07 16:00:00.288,20.19,20.21,20.02,20.05,2730471
2017-04-10 16:00:00.288,20.1,20.11,19.98,20.05,2311071
2017-04-11 16:00:00.288,19.98,20.15,19.88,20.1,3354443
2017-04-12 16:00:00.288,20.1,20.18,20.06,20.09,2180704
2017-04-13 16:00:00.288,20.15,20.35,20.07,20.27,2924979
2017-04-17 16:00:00.288,20.33,20.62,20.3,20.62,3152474
2017-04-18 16:00:00.288,20.6,20.68,20.51,20.63,2252714
2017-04-19 16:00:00.288,20.67,20.69,20.44,20.63,3066939
2017-04-20 16:00:00.288,20.69,20.7,20.44,20.66,3102869
2017-04-21 16:00:00.288,20.72,20.86,20.66,20.79,2614460
2017-04-24 16:00:00.288,20.86,20.91,20.61,20.84,4157212
2017-04-25 16:00:00.288,20.83,20.94,20.75,20.87,3306856
2017-04-26 16:00:00.288,20.7,20.85,20.64,20.8,4339253
2017-04-27 16:00:00.288,20.8,21.37,20.76,21.35,4405114
2017-04-28 16:00:00.288,21.37,21.4,21.02,21.07,3760811
2017-05-01 16:00:00.288,21.14,21.42,21.11,21.17,3594158
2017-05-02 16:00:00.288,20.56,20.65,20.43,20.5,16260770
2017-05-03 16:00:00.288,20.51,20.61,20.11,20.13,9642026
2017-05-04 16:00:00.288,20.1,20.16,19.84,20.0,10035590
2017-05-05 16:00:00.288,20.05,20.32,20.04,20.19,5589210
2017-05-08 16:00:00.288,20.3,20.34,19.98,20.05,4891289
2017-05-09 16:00:00.288,20.08,20.2,19.57,19.66,8214593
2017-05-10 16:00:00.288,19.68,19.95,19.66,19.88,4549421
2017-05-11 16:00:00.288,19.9,19.97,19.85,19.96,3554647
2017-05-12 16:00:00.288,20.05,20.1,19.9,20.0,4591952
2017-05-15 16:00:00.288,20.0,20.13,19.98,20.09,7008156
2017-05-16 16:00:00.288,20.13,20.3,20.03,20.04,4592079
2017-05-17 16:00:00.288,20.05,20.23,20.03,20.16,4619059
2017-05-18 16:00:00.288,20.11,20.23,19.97,20.0,4863032
2017-05-19 16:00:00.288,20.03,20.16,19.96,20.15,5357709
2017-05-22 16:00:00.288,20.2,20.47,20.17,20.39,2668442
2017-05-23 16:00:00.288,20.35,20.6,20.35,20.53,2743737
2017-05-24 16:00:00.288,20.57,20.65,20.47,20.57,2452020
2017-05-25 16:00:00.288,20.67,20.74,20.55,20.66,2366996
2017-05-26 16:00:00.288,20.53,20.56,20.29,20.53,2115416
2017-05-30 16:00:00.288,20.52,20.58,20.44,20.54,1998663
2017-05-31 16:00:00.288,20.54,20.8,20.51,20.79,5065595
2017-06-01 16:00:00.288,20.78,21.08,20.71,20.91,4213750
2017-06-02 16:00:00.288,20.91,20.99,20.83,20.85,4001177
2017-06-05 16:00:00.288,20.84,20.87,20.74,20.84,3170983
2017-06-06 16:00:00.288,20.86,20.96,20.77,20.93,3135435
2017-06-07 16:00:00.288,21.0,21.07,20.83,20.96,3930513
2017-06-08 16:00:00.288,20.99,21.19,20.89,21.16,3545763
2017-06-09 16:00:00.288,21.1,21.41,21.06,21.35,4974991
2017-06-12 16:00:00.288,21.25,21.42,21.15,21.3,4159891
2017-06-13 16:00:00.288,21.36,21.41,21.23,21.37,2471346
2017-06-14 16:00:00.288,21.39,21.72,21.36,21.64,4943909
2017-06-15 16:00:00.288,21.5,21.88,21.41,21.84,4067905
2017-06-16 16:00:00.288,21.85,22.08,21.84,22.05,5216240
2017-06-19 16:00:00.288,22.15,22.25,22.01,22.06,3222547
2017-06-20 16:00:00.288,22.09,22.15,21.91,21.99,2226132
2017-06-21 16:00:00.288,22.1,22.2,21.92,21.95,2399579
2017-06-22 16:00:00.288,22.02,22.2,22.02,22.16,4459092
2017-06-23 16:00:00.288,22.21,22.28,22.13,22.21,3045891
2017-06-26 16:00:00.288,22.29,22.34,22.17,22.28,2572295
2017-06-27 16:00:00.288,22.28,22.31,21.69,21.7,5892733
2017-06-28 16:00:00.288,21.62,21.7,21.28,21.54,5099472
2017-06-29 16:00:00.288,21.48,21.52,21.16,21.29,4098862
2017-06-30 16:00:00.288,21.3,21.41,21.25,21.29,2539385
2017-07-03 16:00:00.288,21.34,21.67,21.3,21.64,3414471
2017-07-05 16:00:00.288,21.7,21.94,21.62,21.7,3821757
2017-07-06 16:00:00.288,21.65,21.71,21.54,21.62,4068991
2017-07-07 16:00:00.288,21.65,21.66,21.3,21.37,2599946
2017-07-10 16:00:00.288,21.41,21.67,21.4,21.45,3270846
2017-07-11 16:00:00.288,21.53,21.64,21.42,21.52,2551245
2017-07-12 16:00:00.288,21.6,21.76,21.53,21.63,3879956
2017-07-13 16:00:00.288,21.7,21.71,21.26,21.38,3799139
2017-07-14 16:00:00.288,21.41,21.67,21.4,21.61,3972789
2017-07-17 16:00:00.288,21.61,21.69,21.45,21.47,2933148
2017-07-18 16:00:00.288,21.39,21.39,21.04,21.22,5161831
2017-07-19 16:00:00.288,21.2,21.22,21.04,21.07,4803417
2017-07-20 16:00:00.288,21.07,21.18,20.95,21.0,5185007
2017-07-21 16:00:00.288,21.03,21.21,20.91,21.16,4581373
2017-07-24 16:00:00.288,21.17,21.3,21.13,21.16,4561784
2017-07-25 16:00:00.288,21.16,21.25,20.98,21.06,4706610
2017-07-26 16:00:00.288,21.1,21.25,21.08,21.17,6353218
2017-07-27 16:00:00.288,21.24,21.25,20.76,21.19,5009730
2017-07-28 16:00:00.288,21.18,21.18,20.92,21.09,3991103
2017-07-31 16:00:00.288,21.16,21.21,21.08,21.18,4936369
2017-08-01 16:00:00.288,21.18,21.23,21.09,21.2,3262147
2017-08-02 16:00:00.288,21.24,21.24,21.11,21.15,3114040
2017-08-03 16:00:00.288,21.11,21.22,20.99,21.15,3397257
2017-08-04 16:00:00.288,21.16,21.16,20.91,20.99,2344850
2017-08-07 16:00:00.288,21.03,21.1,20.92,21.07,2669571
2017-08-08 16:00:00.288,21.09,21.15,21.0,21.1,3201113
2017-08-09 16:00:00.288,21.08,21.4,21.05,21.31,5667424
2017-08-10 16:00:00.288,21.3,21.4,21.18,21.25,4854521
2017-08-11 16:00:00.288,21.2,21.35,21.07,21.34,4187539
2017-08-14 16:00:00.288,21.39,21.57,21.29,21.41,3921780
2017-08-15 16:00:00.288,21.42,21.51,21.31,21.48,2431571
2017-08-16 16:00:00.288,21.48,21.64,21.45,21.5,4103597
2017-08-17 16:00:00.288,21.5,21.51,21.36,21.39,2632640
2017-08-18 16:00:00.288,21.39,21.51,21.31,21.43,3735618
2017-08-21 16:00:00.288,21.48,21.48,21.33,21.41,1994219
2017-08-22 16:00:00.288,21.43,21.62,21.41,21.55,3404468
2017-08-23 16:00:00.288,21.53,21.64,21.51,21.53,3035620
2017-08-24 16:00:00.288,21.6,21.7,21.51,21.66,2285906
2017-08-25 16:00:00.288,21.75,21.75,21.57,21.64,3958428
2017-08-28 16:00:00.288,21.64,21.69,21.57,21.67,3605558
2017-08-29 16:00:00.288,21.47,21.55,21.2,21.2,4056464
2017-08-30 16:00:00.288,21.21,21.32,21.2,21.22,1745459
2017-08-31 16:00:00.288,21.27,21.54,21.26,21.54,3757316
2017-09-01 16:00:00.288,21.54,21.57,21.43,21.45,1718476
2017-09-05 16:00:00.288,21.46,21.57,21.24,21.27,4167011
2017-09-06 16:00:00.288,21.38,21.41,21.24,21.25,3160422
2017-09-07 16:00:00.288,21.27,21.35,21.17,21.35,3423141
2017-09-08 16:00:00.288,21.35,21.4,21.21,21.36,2251350
2017-09-11 16:00:00.288,21.33,21.52,21.27,21.51,3524302
2017-09-12 16:00:00.288,21.5,21.53,21.41,21.5,2926939
2017-09-13 16:00:00.288,20.89,21.07,20.89,20.95,33175248
2017-09-14 16:00:00.288,21.0,21.04,20.82,21.0,6415635
2017-09-15 16:00:00.288,21.0,21.18,20.95,21.11,7429959
2017-09-18 16:00:00.288,21.18,21.38,21.16,21.35,4525409
2017-09-19 16:00:00.288,21.38,21.55,21.38,21.44,5012368
2017-09-20 16:00:00.288,21.49,21.6,21.28,21.36,5671492
2017-09-21 16:00:00.288,21.39,21.53,21.29,21.4,3196113
2017-09-22 16:00:00.288,21.48,21.68,21.43,21.6,8498748
2017-09-25 16:00:00.288,21.61,21.76,21.5,21.71,5488703
2017-09-26 16:00:00.288,21.75,21.92,21.65,21.84,6199412
2017-09-27 16:00:00.288,21.87,21.94,21.55,21.76,6187038
2017-09-28 16:00:00.288,21.58,21.65,21.31,21.64,4570551
2017-09-29 16:00:00.288,21.6,21.74,21.54,21.68,4294166
2017-10-02 16:00:00.288,21.72,21.82,21.61,21.7,4023611
2017-10-03 16:00:00.288,21.7,21.82,21.67,21.74,1983622
2017-10-04 16:00:00.288,21.67,21.8,21.59,21.77,2819969
2017-10-05 16:00:00.288,21.78,21.88,21.73,21.8,2671788
2017-10-06 16:00:00.288,21.66,21.66,21.32,21.46,8683401
2017-10-09 16:00:00.288,21.49,21.59,21.47,21.5,2066452
2017-10-10 16:00:00.288,21.56,21.58,21.4,21.44,2838012
2017-10-11 16:00:00.288,21.44,21.51,21.41,21.5,3090927
2017-10-12 16:00:00.288,21.5,21.64,21.49,21.56,3712913
2017-10-13 16:00:00.288,21.62,21.84,21.62,21.76,3705702
2017-10-16 16:00:00.288,21.83,21.85,21.71,21.76,2897626
2017-10-17 16:00:00.288,21.85,21.89,21.79,21.85,2066402
2017-10-18 16:00:00.288,21.83,21.9,21.81,21.81,3928149
2017-10-19 16:00:00.288,21.8,21.83,21.75,21.79,1983954
2017-10-20 16:00:00.288,21.79,21.8,21.57,21.79,4743124
2017-10-23 16:00:00.288,21.83,21.85,21.5,21.63,4575356
2017-10-24 16:00:00.288,21.63,21.72,21.56,21.62,3324743
2017-10-25 16:00:00.288,21.59,21.63,21.15,21.44,6593559
2017-10-26 16:00:00.288,21.56,21.6,20.5,20.53,10813439
2017-10-27 16:00:00.288,20.56,20.81,20.25,20.68,6994480
2017-10-30 16:00:00.288,20.57,20.63,20.27,20.31,7262312
2017-10-31 16:00:00.288,20.3,20.41,20.11,20.13,5834687
2017-11-01 16:00:00.288,20.16,20.23,20.05,20.2,6028617
2017-11-02 16:00:00.288,20.22,20.25,19.74,19.85,8948918
2017-11-03 16:00:00.288,19.85,19.85,19.66,19.78,4954321
2017-11-06 16:00:00.288,19.73,19.75,19.37,19.43,8440925
2017-11-07 16:00:00.288,19.36,19.79,19.26,19.57,8394568
2017-11-08 16:00:00.288,19.66,19.95,19.64,19.73,5308691
2017-11-09 16:00:00.288,19.77,19.94,19.6,19.65,5544168
2017-11-10 16:00:00.288,19.65,19.82,19.46,19.55,5788765
2017-11-13 16:00:00.288,19.54,19.85,19.51,19.82,5596781
2017-11-14 16:00:00.288,19.82,19.95,19.76,19.94,3660811
2017-11-15 16:00:00.288,19.88,19.91,19.63,19.63,5601825
2017-11-16 16:00:00.288,19.71,19.79,19.66,19.76,3692088
2017-11-17 16:00:00.288,19.74,19.87,19.72,19.82,3883343
2017-11-20 16:00:00.288,19.86,20.11,19.84,20.07,4835164
2017-11-21 16:00:00.288,20.13,20.3,20.1,20.21,3466786
2017-11-22 16:00:00.288,20.24,20.5,20.18,20.42,4007955
2017-11-24 13:00:00.288,20.49,20.54,20.18,20.24,3339381
2017-11-27 16:00:00.288,20.27,20.35,20.18,20.24,2843192
2017-11-28 16:00:00.288,20.23,20.33,20.15,20.28,2723526
2017-11-29 16:00:00.288,20.07,20.25,19.96,20.07,2901090
2017-11-30 16:00:00.288,20.1,20.14,19.76,19.9,6754826
2017-12-01 16:00:00.288,19.91,20.04,19.75,20.02,4959532
2017-12-04 16:00:00.288,20.17,20.4,20.13,20.32,6860245
2017-12-05 16:00:00.288,20.32,20.37,20.17,20.36,3644487
2017-12-06 16:00:00.288,20.31,20.39,20.13,20.26,3791142
2017-12-07 16:00:00.288,20.24,20.44,20.23,20.4,3127424
2017-12-08 16:00:00.288,20.45,20.45,20.19,20.37,3399389
2017-12-11 16:00:00.288,20.36,20.38,20.24,20.31,2815917
2017-12-12 16:00:00.288,20.25,20.36,20.24,20.28,2621285
2017-12-13 16:00:00.288,20.28,20.54,20.21,20.31,4353759
2017-12-14 16:00:00.288,20.35,20.44,20.27,20.42,3492236
2017-12-15 16:00:00.288,20.48,20.72,20.45,20.63,5351513
2017-12-18 16:00:00.288,20.69,20.84,20.45,20.51,5833530
2017-12-19 16:00:00.288,20.52,20.61,20.02,20.02,6642767
2017-12-20 16:00:00.288,20.06,20.2,19.88,20.13,4240814
2017-12-21 16:00:00.288,20.17,20.28,20.11,20.19,2280962
2017-12-22 16:00:00.288,20.19,20.28,20.14,20.22,2211362
2017-12-26 16:00:00.288,20.23,20.34,20.18,20.22,2332029
2017-12-27 16:00:00.288,20.27,20.37,20.17,20.27,2230353
2017-12-28 16:00:00.288,20.14,20.34,20.01,20.34,2373307
2017-12-29 16:00:00.288,20.32,20.33,20.12,20.19,2911980
2018-01-02 16:00:00.288,20.26,20.26,19.82,19.94,5134585
2018-01-03 16:00:00.288,19.93,20.06,19.6,19.62,4544589
2018-01-04 16:00:00.288,19.64,19.79,19.54,19.72,3814930
2018-01-05 16:00:00.288,19.74,19.89,19.67,19.85,3469302
2018-01-08 16:00:00.288,19.85,19.93,19.75,19.87,3126108
2018-01-09 16:00:00.288,19.9,19.95,19.73,19.78,3681123
2018-01-10 16:00:00.288,19.7,19.75,19.34,19.66,6089130
2018-01-11 16:00:00.288,19.57,19.78,19.55,19.76,2965301
2018-01-12 16:00:00.288,19.78,19.85,19.47,19.59,4257793
2018-01-16 16:00:00.288,19.6,19.77,19.47,19.48,4594576
2018-01-17 16:00:00.288,19.48,19.66,19.47,19.57,2847828
2018-01-18 16:00:00.288,19.53,19.59,19.28,19.29,3418480
2018-01-19 16:00:00.288,19.28,19.61,19.28,19.58,4460539
2018-01-22 16:00:00.288,19.59,19.65,19.46,19.48,2883538
2018-01-23 16:00:00.288,19.48,19.73,19.48,19.69,3021480
2018-01-24 16:00:00.288,19.74,19.76,19.59,19.72,2825694
2018-01-25 16:00:00.288,19.75,19.75,19.47,19.6,3674785
2018-01-26 16:00:00.288,19.62,19.67,19.37,19.52,4350403
2018-01-29 16:00:00.288,19.48,19.52,19.11,19.19,9943568
2018-01-30 16:00:00.288,18.98,19.17,18.97,19.1,6902298
2018-01-31 16:00:00.288,19.13,19.24,18.57,18.79,8018021
2018-02-01 16:00:00.288,18.65,19.18,18.61,18.81,6021905
2018-02-02 16:00:00.288,18.82,18.87,18.46,18.48,6400856
2018-02-05 16:00:00.288,18.4,18.46,18.01,18.24,8247912
2018-02-06 16:00:00.288,18.02,18.87,17.94,18.68,9593583
2018-02-07 16:00:00.288,18.71,19.06,18.58,18.58,5646140
2018-02-08 16:00:00.288,18.55,18.85,18.45,18.48,4987828
2018-02-09 16:00:00.288,18.59,18.77,18.38,18.58,6357651
2018-02-12 16:00:00.288,18.68,18.88,18.57,18.86,4054290
2018-02-13 16:00:00.288,18.82,19.0,18.66,18.94,2559718
2018-02-14 16:00:00.288,18.85,19.0,18.8,18.87,3116454
2018-02-15 16:00:00.288,18.95,19.34,18.94,19.25,3585338
2018-02-16 16:00:00.288,19.24,19.49,19.18,19.39,5317904
2018-02-20 16:00:00.288,19.35,19.4,18.78,18.83,4129689
2018-02-21 16:00:00.288,18.85,19.06,18.59,18.59,4171835
2018-02-22 16:00:00.288,18.69,18.7,18.46,18.6,3332649
2018-02-23 16:00:00.288,18.68,18.9,18.67,18.84,2712636
2018-02-26 16:00:00.288,18.97,19.04,18.79,18.98,3709353
2018-02-27 16:00:00.288,18.75,18.9,18.34,18.38,4977206
2018-02-28 16:00:00.288,18.37,18.43,17.91,17.94,6894486
2018-03-01 16:00:00.288,18.0,18.2,17.84,17.98,4505519
2018-03-02 16:00:00.288,18.01,18.2,17.86,18.17,3358420
2018-03-05 16:00:00.288,18.2,18.43,18.17,18.31,3275704
2018-03-06 16:00:00.288,18.3,18.41,18.2,18.39,2854204
2018-03-07 16:00:00.288,18.33,18.55,18.33,18.44,2680342
2018-03-08 16:00:00.288,18.45,18.6,18.38,18.56,2684750
2018-03-09 16:00:00.288,18.58,18.6,18.35,18.5,2460549
2018-03-12 16:00:00.288,18.48,18.78,18.48,18.65,2986511
2018-03-13 16:00:00.288,18.71,18.87,18.71,18.79,2653708
2018-03-14 16:00:00.288,18.8,19.0,18.78,18.8,2914193
2018-03-15 16:00:00.288,18.75,18.81,18.52,18.74,2851321
2018-03-16 16:00:00.288,18.81,18.97,18.71,18.92,2782620
2018-03-19 16:00:00.288,18.84,18.88,18.56,18.71,2644386
2018-03-20 16:00:00.288,18.7,18.84,18.67,18.74,1986674
2018-03-21 16:00:00.288,18.78,18.92,18.68,18.72,4095424
2018-03-22 16:00:00.288,18.64,18.91,18.63,18.76,3897204
2018-03-23 16:00:00.288,18.77,18.89,18.66,18.7,2881657
2018-03-26 16:00:00.288,18.72,18.95,18.67,18.85,2525025
2018-03-27 16:00:00.288,18.84,19.04,18.73,18.98,3710008
2018-03-28 16:00:00.288,18.69,18.89,18.58,18.81,3464270
2018-03-29 16:00:00.288,18.86,19.08,18.83,18.92,3085195
2018-04-02 16:00:00.288,18.9,18.94,18.64,18.75,2501633
2018-04-03 16:00:00.288,18.82,19.0,18.72,18.88,2411322
2018-04-04 16:00:00.288,18.85,18.99,18.79,18.94,2808008
2018-04-05 16:00:00.288,19.0,19.0,18.81,18.85,4143958
2018-04-06 16:00:00.288,18.81,19.07,18.81,18.95,3345112
2018-04-09 16:00:00.288,18.99,19.09,18.85,18.87,2754859
2018-04-10 16:00:00.288,18.95,18.97,18.74,18.74,3335539
2018-04-11 16:00:00.288,18.74,18.84,18.65,18.8,2692976
2018-04-12 16:00:00.288,18.79,18.83,18.61,18.62,2386322
2018-04-13 16:00:00.288,18.64,18.73,18.57,18.61,2128473
2018-04-16 16:00:00.288,18.64,18.77,18.49,18.74,2623745
2018-04-17 16:00:00.288,18.78,18.81,18.7,18.78,2489814
2018-04-18 16:00:00.288,18.8,18.9,18.76,18.76,1825206
2018-04-19 16:00:00.288,18.8,18.86,18.63,18.71,2466493
2018-04-20 16:00:00.288,18.76,18.83,18.56,18.66,4465639
2018-04-23 16:00:00.288,18.73,18.79,18.68,18.79,2622880
2018-04-24 16:00:00.288,18.85,18.96,18.75,18.86,3535740
2018-04-25 16:00:00.288,18.82,19.0,18.79,18.94,4747963
2018-04-26 16:00:00.288,18.85,19.12,18.85,19.09,4576256
2018-04-27 16:00:00.288,18.92,19.03,18.84,18.99,2926062
2018-04-30 16:00:00.288,19.03,19.1,18.9,18.92,2936730
2018-05-01 16:00:00.288,18.92,18.94,18.79,18.86,2170067
2018-05-02 16:00:00.288,18.85,18.95,18.72,18.74,3551222
2018-05-03 16:00:00.288,18.83,18.93,18.55,18.83,4190371
2018-05-04 16:00:00.288,18.81,19.13,18.78,19.05,3464323
2018-05-07 16:00:00.288,19.09,19.23,19.05,19.14,3218726
2018-05-08 16:00:00.288,19.14,19.16,18.75,18.8,3474638
2018-05-09 16:00:00.288,18.9,18.91,18.71,18.8,3002217
2018-05-10 16:00:00.288,18.9,19.06,18.85,19.01,2802701
2018-05-11 16:00:00.288,19.0,19.11,18.98,19.0,2151173
2018-05-14 16:00:00.288,19.04,19.1,18.96,18.97,2913765
2018-05-15 16:00:00.288,18.93,18.98,18.87,18.87,3036756
2018-05-16 16:00:00.288,18.87,18.99,18.84,18.88,3180202
2018-05-17 16:00:00.288,18.87,18.89,18.81,18.84,2076815
2018-05-18 16:00:00.288,18.88,18.94,18.82,18.89,3035417
2018-05-21 16:00:00.288,18.9,19.12,18.81,19.1,3988051
2018-05-22 16:00:00.288,19.1,19.23,19.05,19.11,4052954
2018-05-23 16:00:00.288,19.13,19.25,19.04,19.18,4368380
2018-05-24 16:00:00.288,18.61,19.01,18.6,18.9,32343990
2018-05-25 16:00:00.288,18.86,19.16,18.86,19.09,8348158
2018-05-29 16:00:00.288,19.09,19.24,19.0,19.17,8870250
2018-05-30 16:00:00.288,19.05,19.26,19.0,19.26,7462557
2018-05-31 16:00:00.288,19.26,19.26,18.79,18.82,9440738
2018-06-01 16:00:00.288,18.84,18.92,18.69,18.88,5945058
2018-06-04 16:00:00.288,19.01,19.03,18.82,18.89,4486087
2018-06-05 16:00:00.288,18.94,18.94,18.75,18.88,3478151
2018-06-06 16:00:00.288,18.88,18.89,18.76,18.83,6485131
2018-06-07 16:00:00.288,18.84,18.98,18.81,18.9,3374292
2018-06-08 16:00:00.288,18.9,19.0,18.86,18.98,4255201
2018-06-11 16:00:00.288,19.0,19.03,18.92,18.96,5457755
2018-06-12 16:00:00.288,18.94,19.0,18.86,18.91,7039348
2018-06-13 16:00:00.288,18.91,18.93,18.76,18.78,5925270
2018-06-14 16:00:00.288,18.82,19.01,18.81,19.0,4083165
2018-06-15 16:00:00.288,19.0,19.02,18.87,18.9,8693406
2018-06-18 16:00:00.288,18.9,19.0,18.86,18.94,4210075
2018-06-19 16:00:00.288,18.9,19.02,18.9,18.99,5386653
2018-06-20 16:00:00.288,18.93,19.04,18.89,18.94,5535216
2018-06-21 16:00:00.288,18.97,18.97,18.88,18.9,6677818
2018-06-22 16:00:00.288,18.9,19.0,18.87,18.9,5556651
2018-06-25 16:00:00.288,18.9,18.98,18.88,18.9,3844096
2018-06-26 16:00:00.288,18.9,18.94,18.8,18.81,3808180
2018-06-27 16:00:00.288,18.85,18.86,18.61,18.62,4728526
2018-06-28 16:00:00.288,18.52,18.76,18.46,18.76,3870597
2018-06-29 16:00:00.288,18.72,18.82,18.59,18.59,4806319
2018-07-02 16:00:00.288,18.6,18.85,18.6,18.83,3433859
2018-07-03 13:00:00.288,18.83,18.98,18.8,18.95,2730972
2018-07-05 16:00:00.288,18.96,19.04,18.9,19.04,3448511
2018-07-06 16:00:00.288,19.04,19.11,18.98,19.07,4017243
2018-07-09 16:00:00.288,19.11,19.12,18.92,19.02,5267837
2018-07-10 16:00:00.288,19.06,19.12,18.98,19.06,4925016
2018-07-11 16:00:00.288,19.04,19.18,19.02,19.13,2946786
2018-07-12 16:00:00.288,19.16,19.16,19.0,19.03,3771857
2018-07-13 16:00:00.288,19.06,19.14,19.01,19.06,2230051
2018-07-16 16:00:00.288,19.08,19.1,18.99,19.06,3945623
2018-07-17 16:00:00.288,19.04,19.15,19.01,19.14,4712285
2018-07-18 16:00:00.288,19.15,19.16,18.95,19.04,6005592
2018-07-19 16:00:00.288,19.08,19.19,19.04,19.13,3002137
2018-07-20 16:00:00.288,19.08,19.23,19.01,19.22,5008055
2018-07-23 16:00:00.288,19.15,19.25,19.1,19.11,4960488
2018-07-24 16:00:00.288,19.13,19.19,19.01,19.16,4177157
2018-07-25 16:00:00.288,19.18,19.28,19.16,19.25,2969937
2018-07-26 16:00:00.288,19.29,19.59,19.27,19.37,5687268
2018-07-27 16:00:00.288,19.44,19.52,19.33,19.48,4533463
2018-07-30 16:00:00.288,19.38,19.63,19.32,19.61,6157936
2018-07-31 16:00:00.288,19.5,19.72,19.44,19.47,6096465
2018-08-01 16:00:00.288,18.95,19.05,18.86,18.93,47076327
2018-08-02 16:00:00.288,18.95,19.21,18.94,19.16,10315148
2018-08-03 16:00:00.288,19.17,19.24,19.06,19.08,10141119
2018-08-06 16:00:00.288,19.15,19.16,19.05,19.09,3615242
2018-08-07 16:00:00.288,19.12,19.12,18.76,18.8,6620078
2018-08-08 16:00:00.288,18.81,18.9,18.72,18.88,5356764
2018-08-09 16:00:00.288,18.93,19.06,18.92,18.98,3930030
2018-08-10 16:00:00.288,18.94,19.05,18.94,18.99,8612689
2018-08-13 16:00:00.288,18.99,19.05,18.92,19.03,3040790
2018-08-14 16:00:00.288,19.0,19.09,18.91,18.93,4680426
2018-08-15 16:00:00.288,18.9,19.04,18.86,19.04,4820561
2018-08-16 16:00:00.288,19.04,19.14,19.0,19.06,3551360
2018-08-17 16:00:00.288,19.08,19.31,19.07,19.3,5101629
2018-08-20 16:00:00.288,19.31,19.36,19.27,19.34,3622682
2018-08-21 16:00:00.288,19.34,19.4,19.32,19.38,2521027
2018-08-22 16:00:00.288,19.37,19.38,19.25,19.29,2631747
2018-08-23 16:00:00.288,19.32,19.35,19.2,19.3,2260958
2018-08-24 16:00:00.288,19.3,19.33,19.24,19.3,2545095
2018-08-27 16:00:00.288,19.33,19.36,19.27,19.29,3560004
2018-08-28 16:00:00.288,19.33,19.37,19.27,19.32,2590929
2018-08-29 16:00:00.288,19.34,19.36,19.3,19.32,3747667
2018-08-30 16:00:00.288,19.24,19.24,19.1,19.14,4235165
2018-08-31 16:00:00.288,19.13,19.15,18.98,19.02,5172433
2018-09-04 16:00:00.288,19.0,19.13,19.0,19.04,2975232
2018-09-05 16:00:00.288,19.08,19.15,19.05,19.12,3449421
2018-09-06 16:00:00.288,19.14,19.26,19.13,19.18,4016499
2018-09-07 16:00:00.288,19.19,19.21,19.08,19.11,3474272
2018-09-10 16:00:00.288,19.17,19.22,19.1,19.19,2447940
2018-09-11 16:00:00.288,19.19,19.19,19.1,19.11,3449837
2018-09-12 16:00:00.288,19.05,19.06,18.68,18.84,11295328
2018-09-13 16:00:00.288,18.93,18.97,18.86,18.95,4078930
2018-09-14 16:00:00.288,18.95,18.98,18.84,18.89,3163122
2018-09-17 16:00:00.288,18.89,18.9,18.77,18.88,3668780
2018-09-18 16:00:00.288,18.82,18.88,18.69,18.77,7287266
2018-09-19 16:00:00.288,18.78,18.82,18.68,18.71,6389017
2018-09-20 16:00:00.288,18.78,18.8,18.68,18.77,4543961
2018-09-21 16:00:00.288,18.81,18.93,18.78,18.9,7415756
2018-09-24 16:00:00.288,18.9,18.91,18.75,18.77,5157565
2018-09-25 16:00:00.288,18.83,18.88,18.7,18.8,4641486
2018-09-26 16:00:00.288,18.84,18.85,18.71,18.71,5711059
2018-09-27 16:00:00.288,18.61,18.68,18.54,18.58,4077068
2018-09-28 16:00:00.288,18.6,18.65,18.51,18.63,7084394
2018-10-01 16:00:00.288,18.6,18.68,18.48,18.61,3761104
2018-10-02 16:00:00.288,18.61,18.74,18.58,18.64,3616636
2018-10-03 16:00:00.288,18.63,18.76,18.42,18.46,7288290
2018-10-04 16:00:00.288,18.41,18.44,18.22,18.28,5700392
2018-10-05 16:00:00.288,18.29,18.34,18.09,18.11,5329461
2018-10-08 16:00:00.288,18.1,18.3,18.08,18.25,4009496
2018-10-09 16:00:00.288,18.24,18.3,18.13,18.25,4330848
2018-10-10 16:00:00.288,18.2,18.35,18.05,18.06,4135084
2018-10-11 16:00:00.288,18.03,18.11,17.78,17.8,6932492
2018-10-12 16:00:00.288,18.0,18.04,17.71,17.76,6857688
2018-10-15 16:00:00.288,17.75,17.95,17.73,17.82,3677016
2018-10-16 16:00:00.288,17.84,18.04,17.76,18.0,3741070
2018-10-17 16:00:00.288,18.02,18.1,17.91,17.97,2635312
2018-10-18 16:00:00.288,17.96,18.0,17.85,17.9,3767872
2018-10-19 16:00:00.288,17.87,17.92,17.76,17.82,3919855
2018-10-22 16:00:00.288,17.88,17.93,17.68,17.68,4769368
2018-10-23 16:00:00.288,17.6,17.68,17.57,17.59,7314353
2018-10-24 16:00:00.288,17.63,18.06,17.58,17.84,9649239
2018-10-25 16:00:00.288,17.99,18.1,17.81,18.06,6672947
2018-10-26 16:00:00.288,17.98,18.07,17.82,17.98,7345346
2018-10-29 16:00:00.288,18.05,18.18,17.99,18.06,6266350
2018-10-30 16:00:00.288,17.87,17.98,17.73,17.84,5471242
2018-10-31 16:00:00.288,17.86,17.94,17.77,17.84,6129020
2018-11-01 16:00:00.288,17.84,17.86,17.68,17.84,5705334
2018-11-02 16:00:00.288,17.82,17.89,17.65,17.67,6669214
2018-11-05 16:00:00.288,17.69,17.75,17.55,17.57,4849327
2018-11-06 16:00:00.288,17.58,17.83,17.52,17.79,7111104
2018-11-07 16:00:00.288,17.87,17.99,17.75,17.94,6023506
2018-11-08 16:00:00.288,17.94,17.95,17.81,17.87,6444646
2018-11-09 16:00:00.288,17.82,18.1,17.8,18.08,7239799
2018-11-12 16:00:00.288,17.99,18.01,17.74,17.76,6005133
2018-11-13 16:00:00.288,17.8,17.9,17.76,17.88,3580311
2018-11-14 16:00:00.288,17.9,17.95,17.74,17.78,4366152
2018-11-15 16:00:00.288,17.29,17.44,17.26,17.37,45246957
2018-11-16 16:00:00.288,17.33,17.71,17.31,17.62,16720352
2018-11-19 16:00:00.288,17.61,17.72,17.51,17.54,11375792
2018-11-20 16:00:00.288,17.47,17.6,17.43,17.45,11230831
2018-11-21 16:00:00.288,17.46,17.56,17.4,17.5,6282386
2018-11-23 13:00:00.288,17.51,17.55,17.38,17.41,6230772
2018-11-26 16:00:00.288,17.43,17.58,17.34,17.54,8888149
2018-11-27 16:00:00.288,17.48,17.62,17.46,17.54,6809979
2018-11-28 16:00:00.288,17.55,17.77,17.52,17.76,6657968
2018-11-29 16:00:00.288,17.55,17.8,17.5,17.73,7259862
2018-11-30 16:00:00.288,17.73,17.83,17.61,17.7,15988561
2018-12-03 16:00:00.288,17.74,17.87,17.63,17.8,6606236
2018-12-04 16:00:00.288,17.83,17.94,17.59,17.64,4987611
2018-12-06 16:00:00.288,17.66,17.85,17.56,17.85,9015533
2018-12-07 16:00:00.288,17.83,17.88,17.74,17.83,5966455
2018-12-10 16:00:00.288,17.83,17.93,17.69,17.88,8303528
2018-12-11 16:00:00.288,17.87,18.08,17.86,17.91,6057955
2018-12-12 16:00:00.288,17.88,17.95,17.72,17.73,7027043
2018-12-13 16:00:00.288,17.79,17.9,17.74,17.87,5249954
2018-12-14 16:00:00.288,17.91,18.11,17.87,18.02,7825407
2018-12-17 16:00:00.288,18.01,18.11,17.63,17.66,6757498
2018-12-18 16:00:00.288,17.78,17.9,17.58,17.76,5295426
2018-12-19 16:00:00.288,17.8,17.94,17.67,17.7,6958243
2018-12-20 16:00:00.288,17.8,17.83,17.31,17.44,8552136
2018-12-21 16:00:00.288,17.49,17.74,17.35,17.45,8115808
2018-12-24 13:00:00.288,17.45,17.51,16.96,17.24,4900946
2018-12-26 16:00:00.288,17.28,17.7,17.27,17.68,5740986
2018-12-27 16:00:00.288,17.67,17.84,17.32,17.84,6748201
2018-12-28 16:00:00.288,17.73,17.82,17.67,17.73,4472150
2018-12-31 16:00:00.288,17.72,17.76,17.48,17.54,5428883
2019-01-02 16:00:00.288,17.55,17.66,17.4,17.63,3327478
2019-01-03 16:00:00.288,17.59,17.93,17.59,17.86,5701541
2019-01-04 16:00:00.288,17.91,18.05,17.89,17.94,5298940
2019-01-07 16:00:00.288,18.0,18.12,17.88,17.93,4618071
2019-01-08 16:00:00.288,17.86,17.93,17.8,17.8,6919527
2019-01-09 16:00:00.288,17.87,17.94,17.77,17.79,6555825
2019-01-10 16:00:00.288,17.8,17.83,17.68,17.76,6455094
2019-01-11 16:00:00.288,17.77,17.89,17.73,17.89,3313191
2019-01-14 16:00:00.288,17.97,18.09,17.93,17.95,5939192
2019-01-15 16:00:00.288,17.97,18.02,17.91,17.95,4440994
2019-01-16 16:00:00.288,18.01,18.03,17.93,17.98,4616029
2019-01-17 16:00:00.288,17.99,18.03,17.89,18.0,5443612
2019-01-18 16:00:00.288,18.04,18.08,17.96,18.01,4671983
2019-01-22 16:00:00.288,18.04,18.06,17.83,17.94,5607640
2019-01-23 16:00:00.288,17.98,18.03,17.92,18.01,4767703
2019-01-24 16:00:00.288,17.99,18.03,17.89,18.01,4046528
2019-01-25 16:00:00.288,18.04,18.12,18.01,18.12,4825911
2019-01-28 16:00:00.288,18.12,18.15,18.02,18.06,4855858
2019-01-29 16:00:00.288,18.1,18.12,18.02,18.11,5943244
2019-01-30 16:00:00.288,18.0,18.05,17.91,17.94,10537690
2019-01-31 16:00:00.288,17.8,17.91,17.76,17.91,10724908
2019-02-01 16:00:00.288,17.84,17.92,17.65,17.76,9514294
2019-02-04 16:00:00.288,17.74,17.83,17.66,17.83,5450770
2019-02-05 16:00:00.288,17.81,17.88,17.68,17.79,6758194
2019-02-06 16:00:00.288,17.77,17.88,17.7,17.85,6829244
2019-02-07 16:00:00.288,17.84,17.89,17.77,17.85,3423567
2019-02-08 16:00:00.288,17.84,17.86,17.68,17.81,3917481
2019-02-11 16:00:00.288,17.83,17.86,17.71,17.8,4525604
2019-02-12 16:00:00.288,17.82,17.93,17.75,17.83,7507643
2019-02-13 16:00:00.288,17.8,17.83,17.67,17.73,5883886
2019-02-14 16:00:00.288,17.73,17.76,17.65,17.69,5066882
2019-02-15 16:00:00.288,17.72,17.75,17.6,17.62,6375458
2019-02-19 16:00:00.288,17.63,17.72,17.59,17.69,5596134
2019-02-20 16:00:00.288,17.71,17.71,17.6,17.67,5812724
2019-02-21 16:00:00.288,17.64,17.67,17.56,17.61,6206831
2019-02-22 16:00:00.288,17.65,17.75,17.6,17.71,3138209
2019-02-25 16:00:00.288,17.74,17.79,17.68,17.74,4939211
2019-02-26 16:00:00.288,17.74,17.79,17.73,17.74,4284493
2019-02-27 16:00:00.288,17.63,17.63,17.5,17.55,4193342
2019-02-28 16:00:00.288,17.56,17.75,17.54,17.65,7554478
2019-03-01 16:00:00.288,17.7,17.7,17.5,17.56,5971544
2019-03-04 16:00:00.288,17.53,17.62,17.5,17.61,5390639
2019-03-05 16:00:00.288,17.6,17.64,17.52,17.58,4199633
2019-03-06 16:00:00.288,17.58,17.68,17.57,17.63,4516878
2019-03-07 16:00:00.288,17.63,17.76,17.62,17.68,5264009
2019-03-08 16:00:00.288,17.64,17.78,17.64,17.76,3724022
2019-03-11 16:00:00.288,17.78,17.95,17.76,17.95,5389525
2019-03-12 16:00:00.288,17.92,17.95,17.85,17.9,4576684
2019-03-13 16:00:00.288,17.92,18.05,17.91,18.03,4448959
2019-03-14 16:00:00.288,18.04,18.06,17.96,18.0,2612033
2019-03-15 16:00:00.288,17.98,18.05,17.97,18.0,4836413
2019-03-18 16:00:00.288,18.0,18.14,17.99,18.12,4932647
2019-03-19 16:00:00.288,18.15,18.17,17.99,18.0,4047761
2019-03-20 16:00:00.288,18.03,18.09,17.95,17.99,4170305
2019-03-21 16:00:00.288,18.02,18.15,18.0,18.07,4270073
2019-03-22 16:00:00.288,18.11,18.17,17.99,18.0,4178835
2019-03-25 16:00:00.288,18.02,18.03,17.92,17.95,5993061
2019-03-26 16:00:00.288,18.01,18.2,17.97,18.09,6926064
2019-03-27 16:00:00.288,18.12,18.17,18.06,18.14,7301839
2019-03-28 16:00:00.288,17.99,18.09,17.94,18.08,4559927
2019-03-29 16:00:00.288,18.1,18.1,17.97,18.0,4787789
2019-04-01 16:00:00.288,18.01,18.15,17.97,18.15,4570187
2019-04-02 16:00:00.288,18.14,18.15,18.02,18.11,2886674
2019-04-03 16:00:00.288,18.11,18.15,17.98,18.0,3509450
2019-04-04 16:00:00.288,18.04,18.14,18.02,18.13,3290412
2019-04-05 16:00:00.288,18.13,18.15,18.01,18.06,3509521
2019-04-08 16:00:00.288,18.06,18.18,18.06,18.15,3789226
2019-04-09 16:00:00.288,18.13,18.18,18.09,18.1,2882828
2019-04-10 16:00:00.288,18.1,18.14,18.07,18.09,1986196
2019-04-11 16:00:00.288,18.12,18.16,18.1,18.15,2583752
2019-04-12 16:00:00.288,18.17,18.2,18.11,18.19,2150033
2019-04-15 16:00:00.288,18.19,18.28,18.17,18.17,3026138
2019-04-16 16:00:00.288,18.2,18.24,18.13,18.13,3515104
2019-04-17 16:00:00.288,18.16,18.2,18.12,18.15,2506108
2019-04-18 16:00:00.288,18.19,18.2,18.07,18.08,3917700
2019-04-22 16:00:00.288,18.1,18.18,18.09,18.17,2707152
2019-04-23 16:00:00.288,18.16,18.22,18.14,18.16,3389613
2019-04-24 16:00:00.288,18.19,18.29,18.18,18.28,5322552
2019-04-25 16:00:00.288,17.98,17.98,17.75,17.79,18925262
2019-04-26 16:00:00.288,17.78,18.01,17.77,17.97,7433386
2019-04-29 16:00:00.288,17.82,17.84,17.7,17.71,6516601
2019-04-30 16:00:00.288,17.7,17.79,17.62,17.79,5835774
2019-05-01 16:00:00.288,17.78,17.88,17.59,17.6,5766172
2019-05-02 16:00:00.288,17.61,17.64,17.51,17.55,7126980
2019-05-03 16:00:00.288,17.55,17.6,17.5,17.53,4519103
2019-05-06 16:00:00.288,17.5,17.59,17.44,17.49,5498004
2019-05-07 16:00:00.288,17.49,17.65,17.48,17.6,6924321
2019-05-08 16:00:00.288,17.57,17.6,17.48,17.48,4804282
2019-05-09 16:00:00.288,17.47,17.48,17.35,17.4,5985216
2019-05-10 16:00:00.288,17.42,17.57,17.4,17.54,4298618
2019-05-13 16:00:00.288,17.54,17.57,17.4,17.43,4781459
2019-05-14 16:00:00.288,17.45,17.57,17.39,17.53,5302748
2019-05-15 16:00:00.288,17.53,17.6,17.46,17.49,3497755
2019-05-16 16:00:00.288,17.49,17.56,17.47,17.55,2458418
2019-05-17 16:00:00.288,17.45,17.5,17.37,17.37,5190435
2019-05-20 16:00:00.288,17.37,17.38,17.0,17.01,7496012
2019-05-21 16:00:00.288,17.03,17.09,16.86,16.99,7872489
2019-05-22 16:00:00.288,16.97,17.07,16.93,17.05,5018940
2019-05-23 16:00:00.288,17.01,17.07,16.95,17.03,5433732
2019-05-24 16:00:00.288,17.05,17.11,17.01,17.05,3140102
2019-05-28 16:00:00.288,17.07,17.09,16.87,16.87,9855586
2019-05-29 16:00:00.288,16.88,16.91,16.61,16.84,6311500
2019-05-30 16:00:00.288,16.77,16.81,16.47,16.52,5790098
2019-05-31 16:00:00.288,16.45,16.46,16.19,16.4,6642492
2019-06-03 16:00:00.288,16.44,16.79,16.42,16.76,5192861
2019-06-04 16:00:00.288,16.77,16.97,16.71,16.95,7302840
2019-06-05 16:00:00.288,16.95,16.98,16.75,16.83,3802648
2019-06-06 16:00:00.288,16.87,16.9,16.7,16.89,3879403
2019-06-07 16:00:00.288,16.94,16.94,16.71,16.75,2783028
2019-06-10 16:00:00.288,16.75,16.88,16.61,16.79,4686788
2019-06-11 16:00:00.288,16.85,16.87,16.66,16.7,2921411
2019-06-12 16:00:00.288,16.72,16.83,16.7,16.75,3060867
2019-06-13 16:00:00.288,16.78,16.92,16.76,16.88,5389505
2019-06-14 16:00:00.288,16.86,16.93,16.85,16.88,3220656
2019-06-17 16:00:00.288,16.92,16.97,16.77,16.79,5564626
2019-06-18 16:00:00.288,16.82,16.95,16.71,16.74,7519108
2019-06-19 16:00:00.288,16.75,16.94,16.7,16.92,5295887
2019-06-20 16:00:00.288,16.92,16.93,16.76,16.84,7489548
2019-06-21 16:00:00.288,16.83,16.87,16.76,16.82,9171582
2019-06-24 16:00:00.288,16.81,16.91,16.71,16.83,5232153
2019-06-25 16:00:00.288,16.85,16.99,16.79,16.86,5824019
2019-06-26 16:00:00.288,16.9,16.93,16.76,16.77,5571716
2019-06-27 16:00:00.288,16.69,16.75,16.57,16.69,5765323
2019-06-28 16:00:00.288,16.77,16.84,16.7,16.82,6047023
2019-07-01 16:00:00.288,16.87,16.88,16.74,16.77,4572519
2019-07-02 16:00:00.288,16.75,16.81,16.72,16.78,3461483
2019-07-03 13:00:00.288,16.77,16.95,16.75,16.86,2975063
2019-07-05 16:00:00.288,16.86,17.0,16.75,17.0,3547256
2019-07-08 16:00:00.288,16.99,17.1,16.97,17.02,3537633
2019-07-09 16:00:00.288,17.0,17.08,16.99,17.07,3561549
2019-07-10 16:00:00.288,17.1,17.16,17.06,17.13,3322068
2019-07-11 16:00:00.288,17.16,17.24,17.08,17.15,5244951
2019-07-12 16:00:00.288,17.16,17.29,17.16,17.27,3055827
2019-07-15 16:00:00.288,17.3,17.37,17.29,17.34,3358324
2019-07-16 16:00:00.288,17.38,17.41,17.31,17.37,4331007
2019-07-17 16:00:00.288,17.38,17.41,17.31,17.37,3599809
2019-07-18 16:00:00.288,17.37,17.53,17.35,17.45,5038480
2019-07-19 16:00:00.288,17.45,17.47,17.32,17.34,4638542
2019-07-22 16:00:00.288,17.4,17.59,17.36,17.51,4238220
2019-07-23 16:00:00.288,17.51,17.6,17.47,17.54,4069769
2019-07-24 16:00:00.288,17.52,17.56,17.41,17.44,5361770
2019-07-25 16:00:00.288,17.36,17.5,17.16,17.2,9278951
2019-07-26 16:00:00.288,17.17,17.45,17.14,17.41,4959300
2019-07-29 16:00:00.288,17.41,17.49,17.4,17.44,3323656
2019-07-30 16:00:00.288,17.3,17.35,17.25,17.3,3250817
2019-07-31 16:00:00.288,17.28,17.37,17.11,17.14,5673105
2019-08-01 16:00:00.288,17.1,17.24,16.95,17.09,6568734
2019-08-02 16:00:00.288,17.07,17.23,17.04,17.19,4202157
2019-08-05 16:00:00.288,17.11,17.17,16.75,16.87,4996056
2019-08-06 16:00:00.288,16.9,17.0,16.82,17.0,5681365
2019-08-07 16:00:00.288,16.93,17.03,16.73,16.98,7107249
2019-08-08 16:00:00.288,16.98,17.22,16.92,17.18,4451076
2019-08-09 16:00:00.288,17.18,17.2,16.97,17.07,3093134
2019-08-12 16:00:00.288,17.05,17.08,16.83,16.85,4075757
2019-08-13 16:00:00.288,16.86,16.93,16.75,16.77,4312310
2019-08-14 16:00:00.288,16.7,16.7,16.17,16.17,8596416
2019-08-15 16:00:00.288,16.22,16.28,16.03,16.14,5337108
2019-08-16 16:00:00.288,16.2,16.32,16.13,16.23,4108817
2019-08-19 16:00:00.288,16.31,16.36,16.17,16.33,4224397
2019-08-20 16:00:00.288,16.3,16.36,16.2,16.21,3818099
2019-08-21 16:00:00.288,16.23,16.3,15.85,15.9,11381154
2019-08-22 16:00:00.288,15.95,15.97,15.82,15.9,4799368
2019-08-23 16:00:00.288,15.88,15.95,15.61,15.65,5077396
2019-08-26 16:00:00.288,15.66,15.74,15.48,15.55,4265518
2019-08-27 16:00:00.288,15.62,15.63,15.05,15.08,9873822
2019-08-28 16:00:00.288,15.02,15.17,14.91,15.03,6835250
2019-08-29 16:00:00.288,14.92,14.96,14.58,14.82,11443312
2019-08-30 16:00:00.288,14.84,14.94,14.78,14.87,7710815
2019-09-03 16:00:00.288,14.76,14.78,14.51,14.73,8672842
2019-09-04 16:00:00.288,14.72,14.95,14.72,14.88,6686158
2019-09-05 16:00:00.288,14.97,15.15,14.92,15.09,6492111
2019-09-06 16:00:00.288,15.08,15.11,14.82,15.06,10410220
2019-09-09 16:00:00.288,15.1,15.38,15.1,15.34,8108709
2019-09-10 16:00:00.288,15.37,15.75,15.37,15.72,12593523
2019-09-11 16:00:00.288,15.77,15.86,15.7,15.84,5845990
2019-09-12 16:00:00.288,15.77,15.88,15.6,15.64,4298263
2019-09-13 16:00:00.288,15.73,15.92,15.68,15.85,5735419
2019-09-16 16:00:00.288,15.8,15.88,15.64,15.78,4965732
2019-09-17 16:00:00.288,15.82,15.85,15.62,15.76,5863820
2019-09-18 16:00:00.288,15.8,15.9,15.73,15.88,4988813
2019-09-19 16:00:00.288,15.89,16.16,15.89,16.09,6612146
2019-09-20 16:00:00.288,16.09,16.29,16.04,16.26,8954087
2019-09-23 16:00:00.288,16.25,16.4,16.18,16.31,5963263
2019-09-24 16:00:00.288,16.32,16.45,16.03,16.08,4776749
2019-09-25 16:00:00.288,16.07,16.24,16.02,16.18,3076413
2019-09-26 16:00:00.288,16.18,16.28,16.11,16.21,4060456
2019-09-27 16:00:00.288,16.1,16.15,15.97,16.02,3067130
2019-09-30 16:00:00.288,16.02,16.12,15.94,16.09,4541912
2019-10-01 16:00:00.288,16.05,16.14,15.65,15.81,5788628
2019-10-02 16:00:00.288,15.78,15.82,15.6,15.82,5280626
2019-10-03 16:00:00.288,15.83,15.96,15.73,15.89,4412899
2019-10-04 16:00:00.288,15.9,16.04,15.89,16.04,3152793
2019-10-07 16:00:00.288,16.04,16.14,15.94,16.02,2608101
2019-10-08 16:00:00.288,15.96,16.02,15.88,15.9,3562463
2019-10-09 16:00:00.288,15.99,16.06,15.91,15.99,2621459
2019-10-10 16:00:00.288,15.98,16.13,15.95,16.06,2353838
2019-10-11 16:00:00.288,16.1,16.31,16.06,16.26,4024240
2019-10-14 16:00:00.288,16.21,16.25,16.11,16.18,1820898
2019-10-15 16:00:00.288,16.18,16.37,16.11,16.12,3496333
2019-10-16 16:00:00.288,16.19,16.21,16.11,16.2,2995203
2019-10-17 16:00:00.288,16.26,16.34,16.24,16.34,2434459
2019-10-18 16:00:00.288,16.38,16.52,16.33,16.43,3721290
2019-10-21 16:00:00.288,16.5,16.66,16.46,16.65,3541686
2019-10-22 16:00:00.288,16.61,16.67,16.5,16.64,2665614
2019-10-23 16:00:00.288,16.64,16.78,16.58,16.78,2785853
2019-10-24 16:00:00.288,16.75,16.78,16.56,16.6,3070677
2019-10-25 16:00:00.288,16.59,16.63,16.52,16.54,2760252
2019-10-28 16:00:00.288,16.63,16.7,16.56,16.66,4739607
2019-10-29 16:00:00.288,16.66,16.7,16.57,16.65,5466555
2019-10-30 16:00:00.288,16.45,16.53,16.41,16.48,3871960
2019-10-31 16:00:00.288,16.56,17.29,16.55,17.05,11774723
2019-11-01 16:00:00.288,17.05,17.16,16.89,16.96,5008379
2019-11-04 16:00:00.288,17.04,17.14,17.0,17.02,4123832
2019-11-05 16:00:00.288,17.03,17.08,16.97,16.98,4422194
2019-11-06 16:00:00.288,16.95,17.15,16.85,17.11,6679200
2019-11-07 16:00:00.288,17.16,17.23,17.04,17.2,4295356
2019-11-08 16:00:00.288,17.17,17.34,17.14,17.31,4876028
2019-11-11 16:00:00.288,17.32,17.44,17.29,17.35,5094725
2019-11-12 16:00:00.288,17.4,17.43,17.27,17.31,4331370
2019-11-13 16:00:00.288,17.26,17.41,17.23,17.4,3987700
2019-11-14 16:00:00.288,17.37,17.4,17.22,17.26,3706199
2019-11-15 16:00:00.288,17.3,17.38,17.23,17.35,2248639
2019-11-18 16:00:00.288,17.36,17.52,17.32,17.42,4097219
2019-11-19 16:00:00.288,17.44,17.47,17.29,17.3,4671236
2019-11-20 16:00:00.288,17.29,17.36,17.23,17.31,4792227
2019-11-21 16:00:00.288,17.35,17.36,17.2,17.24,4195196
2019-11-22 16:00:00.288,17.28,17.33,17.24,17.32,3569675
2019-11-25 16:00:00.288,17.42,17.42,17.26,17.39,4230447
2019-11-26 16:00:00.288,17.38,17.46,17.32,17.46,6085882
2019-11-27 16:00:00.288,17.31,17.34,17.23,17.31,4416400
2019-11-29 13:00:00.288,17.25,17.35,17.25,17.32,2094915
2019-12-02 16:00:00.288,17.31,17.49,17.29,17.36,5400280
2019-12-03 16:00:00.288,17.26,17.35,17.21,17.3,4586862
2019-12-04 16:00:00.288,17.3,17.32,17.22,17.22,3996691
2019-12-05 16:00:00.288,17.25,17.25,17.16,17.21,3220966
2019-12-06 16:00:00.288,17.26,17.34,17.22,17.31,3242150
2019-12-09 16:00:00.288,17.34,17.39,17.27,17.33,2733337
2019-12-10 16:00:00.288,17.35,17.38,17.25,17.31,3414947
2019-12-11 16:00:00.288,17.27,17.42,17.24,17.34,4276252
2019-12-12 16:00:00.288,17.35,17.48,17.34,17.45,3381703
2019-12-13 16:00:00.288,17.4,17.52,17.39,17.51,3388221
2019-12-16 16:00:00.288,17.53,17.56,17.38,17.39,4239386
2019-12-17 16:00:00.288,17.46,17.7,17.45,17.62,5844191
2019-12-18 16:00:00.288,17.68,17.69,17.58,17.68,3783366
2019-12-19 16:00:00.288,17.66,17.85,17.6,17.69,6485019
2019-12-20 16:00:00.288,17.73,17.84,17.67,17.71,8027164
2019-12-23 16:00:00.288,17.73,17.8,17.69,17.72,4806076
2019-12-24 13:00:00.288,17.75,17.88,17.71,17.87,1802660
2019-12-26 16:00:00.288,17.85,18.04,17.85,18.02,2835366
2019-12-27 16:00:00.288,18.03,18.09,18.01,18.03,3763549
2019-12-30 16:00:00.288,17.94,17.94,17.7,17.71,3429909
2019-12-31 16:00:00.288,17.7,17.76,17.64,17.68,3139531
2020-01-02 16:00:00.288,17.71,17.78,17.63,17.78,3083816
2020-01-03 16:00:00.288,17.75,17.78,17.69,17.73,2830417
2020-01-06 16:00:00.288,17.75,17.77,17.69,17.73,5071354
2020-01-07 16:00:00.288,17.78,17.94,17.69,17.93,7368953
2020-01-08 16:00:00.288,17.84,18.03,17.82,17.88,5709920
2020-01-09 16:00:00.288,17.89,18.09,17.83,17.94,6355426
2020-01-10 16:00:00.288,18.03,18.09,17.96,17.96,3568624
2020-01-13 16:00:00.288,17.98,18.05,17.97,18.03,4228080
2020-01-14 16:00:00.288,18.05,18.12,18.04,18.1,3562670
2020-01-15 16:00:00.288,18.12,18.28,18.1,18.16,5389840
2020-01-16 16:00:00.288,18.25,18.31,18.16,18.21,3513778
2020-01-17 16:00:00.288,18.24,18.27,18.11,18.25,5443357
2020-01-21 16:00:00.288,18.29,18.49,18.28,18.47,6464345
2020-01-22 16:00:00.288,18.46,18.53,18.35,18.36,4368342
2020-01-23 16:00:00.288,18.38,18.45,18.33,18.43,3771476
2020-01-24 16:00:00.288,18.42,18.48,18.26,18.35,4096232
2020-01-27 16:00:00.288,18.3,18.32,18.22,18.27,4961364
2020-01-28 16:00:00.288,18.32,18.47,18.3,18.41,4687386
2020-01-29 16:00:00.288,18.45,18.76,18.43,18.74,8516242
2020-01-30 16:00:00.288,18.68,18.73,18.44,18.48,9796226
2020-01-31 16:00:00.288,18.48,18.67,18.48,18.59,7519492
2020-02-03 16:00:00.288,18.57,18.74,18.55,18.63,6680612
2020-02-04 16:00:00.288,18.7,18.87,18.62,18.79,10154978
2020-02-05 16:00:00.288,18.84,19.24,18.8,19.2,8526346
2020-02-06 16:00:00.288,19.18,19.38,19.17,19.22,7494276
2020-02-07 16:00:00.288,19.23,19.27,19.11,19.19,5977928
2020-02-10 16:00:00.288,19.35,19.35,18.96,19.03,6935338
2020-02-11 16:00:00.288,19.06,19.09,18.9,18.98,5555266
2020-02-12 16:00:00.288,18.96,19.16,18.94,18.99,5476787
2020-02-13 16:00:00.288,19.03,19.13,19.01,19.12,5006190
2020-02-14 16:00:00.288,19.15,19.36,19.14,19.34,3762567
2020-02-18 16:00:00.288,19.34,19.54,19.27,19.54,7572241
2020-02-19 16:00:00.288,19.54,19.62,19.42,19.44,7002794
2020-02-20 16:00:00.288,19.44,19.62,19.43,19.62,5574782
2020-02-21 16:00:00.288,19.58,19.65,19.26,19.26,8569439
2020-02-24 16:00:00.288,18.93,19.16,18.75,19.09,9208634
2020-02-25 16:00:00.288,19.06,19.15,18.46,18.51,13018612
2020-02-26 16:00:00.288,18.51,18.87,18.37,18.44,10164102
2020-02-27 16:00:00.288,18.13,18.15,17.43,17.57,17158536
2020-02-28 16:00:00.288,16.97,17.2,16.47,17.04,19279539
2020-03-02 16:00:00.288,17.29,18.15,17.18,18.15,16209549
2020-03-03 16:00:00.288,18.12,18.65,17.68,17.88,10664672
2020-03-04 16:00:00.288,18.23,18.58,17.98,18.24,12393886
2020-03-05 16:00:00.288,18.02,18.08,17.65,17.7,9208783
2020-03-06 16:00:00.288,17.23,17.36,16.65,17.1,19462201
2020-03-09 16:00:00.288,16.03,16.23,15.43,15.59,12989089
2020-03-10 16:00:00.288,16.15,16.26,15.11,15.41,13684366
2020-03-11 16:00:00.288,15.09,15.16,14.29,14.39,19358960
2020-03-12 16:00:00.288,12.61,12.65,11.29,11.56,19307654
2020-03-13 16:00:00.288,12.92,13.17,11.0,12.01,17265515
2020-03-16 16:00:00.288,11.4,13.43,11.06,11.81,26205762
2020-03-17 16:00:00.288,12.12,12.29,11.2,11.81,24951844
2020-03-18 16:00:00.288,11.19,11.35,6.25,9.73,33698061
2020-03-19 16:00:00.288,9.5,10.15,8.12,9.38,16624735
2020-03-20 16:00:00.288,9.55,10.58,9.5,9.83,20127670
2020-03-23 16:00:00.288,9.85,10.81,9.15,10.44,25317525
2020-03-24 16:00:00.288,10.97,12.32,10.46,11.11,24260928
2020-03-25 16:00:00.288,11.62,13.83,11.44,12.5,22942744
2020-03-26 16:00:00.288,13.1,14.44,12.71,13.45,18608038
2020-03-27 16:00:00.288,12.91,13.59,12.65,13.15,13798644
2020-03-30 16:00:00.288,12.85,12.86,11.59,11.68,17377006
2020-03-31 16:00:00.288,11.55,11.65,10.11,10.58,20349159
2020-04-01 16:00:00.288,10.09,10.28,9.38,9.49,15586954
2020-04-02 16:00:00.288,9.6,10.13,9.51,9.8,12626772
2020-04-03 16:00:00.288,9.73,9.92,8.82,9.51,18763120
2020-04-06 16:00:00.288,10.46,10.5,9.81,10.38,14848423
2020-04-07 16:00:00.288,11.19,11.42,10.48,10.51,16965813
2020-04-08 16:00:00.288,11.14,11.66,10.8,11.27,19503021
2020-04-09 16:00:00.288,12.2,12.75,11.64,12.21,25458356
2020-04-13 16:00:00.288,12.24,12.53,11.86,12.18,10421449
2020-04-14 16:00:00.288,12.36,12.47,11.61,11.82,11618975
2020-04-15 16:00:00.288,11.39,11.7,11.15,11.48,11410694
2020-04-16 16:00:00.288,11.6,12.08,11.32,11.65,11217125
2020-04-17 16:00:00.288,12.15,12.3,11.74,12.27,13244305
2020-04-20 16:00:00.288,11.91,12.34,11.82,11.98,10599276
2020-04-21 16:00:00.288,11.7,12.5,11.61,12.36,11371557
2020-04-22 16:00:00.288,12.56,12.6,12.07,12.2,7655901
2020-04-23 16:00:00.288,12.34,12.56,12.12,12.36,7221828
2020-04-24 16:00:00.288,12.35,12.44,11.96,12.13,10693941
2020-04-27 16:00:00.288,12.18,12.46,11.89,12.31,9178306
2020-04-28 16:00:00.288,12.74,13.1,12.41,12.69,15580676
2020-04-29 16:00:00.288,13.03,13.06,12.55,12.74,11458033
2020-04-30 16:00:00.288,12.95,13.29,12.35,12.42,16463774
2020-05-01 16:00:00.288,12.21,12.45,12.15,12.27,9761778
2020-05-04 16:00:00.288,12.2,12.49,12.03,12.41,9086958
2020-05-05 16:00:00.288,12.63,12.93,12.59,12.78,9811516
2020-05-06 16:00:00.288,12.82,12.98,12.47,12.49,8234606
2020-05-07 16:00:00.288,12.64,12.73,12.35,12.57,10555722
2020-05-08 16:00:00.288,12.75,12.82,12.61,12.71,7025099
2020-05-11 16:00:00.288,12.6,12.67,12.3,12.31,6501961
2020-05-12 16:00:00.288,12.39,12.4,12.02,12.04,7253826
2020-05-13 16:00:00.288,12.0,12.08,11.54,11.73,13316462
2020-05-14 16:00:00.288,11.5,12.43,11.41,12.41,8659040
2020-05-15 16:00:00.288,12.31,12.67,12.17,12.44,9399816
2020-05-18 16:00:00.288,12.86,12.98,12.52,12.9,11448170
2020-05-19 16:00:00.288,12.88,13.18,12.78,12.99,7556653
2020-05-20 16:00:00.288,13.19,13.3,12.97,13.25,12145625
2020-05-21 16:00:00.288,13.24,13.24,12.9,13.05,9099781
2020-05-22 16:00:00.288,13.16,13.19,12.89,13.17,7974025
2020-05-26 16:00:00.288,13.47,13.59,13.33,13.42,9789739
2020-05-27 16:00:00.288,13.61,13.62,13.13,13.49,10330304
2020-05-28 16:00:00.288,13.42,13.48,13.08,13.09,9538497
2020-05-29 16:00:00.288,13.07,13.22,12.82,12.94,41192704
2020-06-01 16:00:00.288,12.95,13.28,12.81,13.16,10037068
2020-06-02 16:00:00.288,13.24,13.33,12.95,13.0,10047776
2020-06-03 16:00:00.288,13.16,13.44,13.15,13.32,12182223
2020-06-04 16:00:00.288,13.27,14.04,13.22,13.89,16610936
2020-06-05 16:00:00.288,14.37,14.55,13.43,13.49,18129114
2020-06-08 16:00:00.288,13.82,14.25,13.75,14.25,16607669
2020-06-09 16:00:00.288,14.0,14.24,13.8,13.91,9371290
2020-06-10 16:00:00.288,14.0,14.0,13.27,13.42,13091814
2020-06-11 16:00:00.288,13.23,13.23,12.86,12.96,14846108
2020-06-12 16:00:00.288,13.4,13.67,13.14,13.61,11005559
2020-06-15 16:00:00.288,13.2,13.61,13.05,13.49,8529635
2020-06-16 16:00:00.288,13.83,13.84,13.28,13.47,8530442
2020-06-17 16:00:00.288,13.47,13.69,13.32,13.35,6074773
2020-06-18 16:00:00.288,13.3,13.38,13.08,13.19,7088598
2020-06-19 16:00:00.288,13.37,13.44,12.87,12.89,12870100
2020-06-22 16:00:00.288,12.97,13.02,12.67,12.99,7201599
2020-06-23 16:00:00.288,13.13,13.13,12.95,13.04,4804356
2020-06-24 16:00:00.288,12.98,13.07,12.43,12.82,8481268
2020-06-25 16:00:00.288,12.7,13.23,12.6,13.19,9151428
2020-06-26 16:00:00.288,13.1,13.17,12.72,12.76,8171051
2020-06-29 16:00:00.288,12.7,13.08,12.55,12.93,6825965
2020-06-30 16:00:00.288,12.88,13.04,12.74,12.9,13980204
2020-07-01 16:00:00.288,12.9,13.25,12.83,12.85,5894935
2020-07-02 16:00:00.288,13.0,13.07,12.69,12.72,5133671
2020-07-06 16:00:00.288,12.84,12.97,12.77,12.93,5256307
2020-07-07 16:00:00.288,12.89,12.98,12.79,12.82,4587594
2020-07-08 16:00:00.288,12.82,13.0,12.77,12.99,4289073
2020-07-09 16:00:00.288,12.98,12.99,12.62,12.67,10331223
2020-07-10 16:00:00.288,12.69,12.75,12.45,12.71,12676654
2020-07-13 16:00:00.288,12.71,12.8,12.58,12.69,11050492
2020-07-14 16:00:00.288,12.7,13.02,12.57,12.98,6578209
2020-07-15 16:00:00.288,13.11,13.41,13.03,13.4,12799636
2020-07-16 16:00:00.288,13.4,13.58,13.28,13.43,7095219
2020-07-17 16:00:00.288,13.42,13.52,13.29,13.37,6605802
2020-07-20 16:00:00.288,13.33,13.52,13.33,13.43,6335552
2020-07-21 16:00:00.288,13.56,13.65,13.41,13.58,5208056
2020-07-22 16:00:00.288,13.49,13.74,13.49,13.61,5922058
2020-07-23 16:00:00.288,13.6,13.81,13.47,13.49,6069783
2020-07-24 16:00:00.288,13.63,13.68,13.47,13.52,5904713
2020-07-27 16:00:00.288,13.55,13.77,13.49,13.71,8350526
2020-07-28 16:00:00.288,13.81,13.85,13.56,13.57,12488362
2020-07-29 16:00:00.288,13.73,13.86,13.7,13.77,9133622
2020-07-30 16:00:00.288,13.65,13.75,13.51,13.62,6182894
2020-07-31 16:00:00.288,13.62,13.68,13.46,13.6,15384578
2020-08-03 16:00:00.288,13.36,13.8,13.35,13.74,7406234
2020-08-04 16:00:00.288,13.77,13.77,13.48,13.56,6257785
2020-08-05 16:00:00.288,13.64,13.8,13.57,13.74,5201059
2020-08-06 16:00:00.288,13.68,13.78,13.58,13.62,3808124
2020-08-07 16:00:00.288,13.58,13.68,13.54,13.63,5031680
2020-08-10 16:00:00.288,13.65,13.98,13.65,13.89,6745177
2020-08-11 16:00:00.288,14.0,14.03,13.74,13.77,7989558
2020-08-12 16:00:00.288,13.86,13.92,13.57,13.65,5781996
2020-08-13 16:00:00.288,13.65,13.92,13.63,13.72,6229728
2020-08-14 16:00:00.288,13.75,13.91,13.65,13.88,5407533
2020-08-17 16:00:00.288,13.84,13.91,13.75,13.8,6396186
2020-08-18 16:00:00.288,13.83,13.98,13.79,13.88,6523152
2020-08-19 16:00:00.288,13.87,14.04,13.77,13.94,6309305
2020-08-20 16:00:00.288,13.9,14.03,13.83,13.94,6686683
2020-08-21 16:00:00.288,13.92,14.05,13.88,14.01,5440584
2020-08-24 16:00:00.288,14.04,14.37,13.96,14.25,6527902
2020-08-25 16:00:00.288,14.25,14.31,14.0,14.17,5384308
2020-08-26 16:00:00.288,14.17,14.2,14.03,14.05,4681064
2020-08-27 16:00:00.288,14.06,14.25,14.05,14.09,6230123
2020-08-28 16:00:00.288,14.05,14.19,13.98,14.14,3785281
2020-08-31 16:00:00.288,14.13,14.24,13.99,14.11,5442781
2020-09-01 16:00:00.288,14.1,14.2,14.03,14.08,5738007
2020-09-02 16:00:00.288,14.04,14.08,13.88,13.99,11906199
2020-09-03 16:00:00.288,14.05,14.09,13.74,13.83,8653906
2020-09-04 16:00:00.288,13.88,14.04,13.6,13.84,6918986
2020-09-08 16:00:00.288,13.86,14.42,13.75,14.16,16317010
2020-09-09 16:00:00.288,14.22,14.36,14.11,14.2,5497452
2020-09-10 16:00:00.288,14.27,14.34,14.15,14.21,6921795
2020-09-11 16:00:00.288,14.22,14.24,13.9,14.11,6970530
2020-09-14 16:00:00.288,14.24,14.64,14.18,14.57,7549459
2020-09-15 16:00:00.288,14.61,14.65,14.43,14.5,5892620
2020-09-16 16:00:00.288,14.55,14.73,14.49,14.61,4738684
2020-09-17 16:00:00.288,14.5,14.69,14.44,14.6,4880111
2020-09-18 16:00:00.288,14.57,14.7,14.47,14.51,9243454
2020-09-21 16:00:00.288,14.35,14.51,14.19,14.29,7313797
2020-09-22 16:00:00.288,14.31,14.41,14.23,14.27,5467647
2020-09-23 16:00:00.288,14.28,14.42,13.97,13.98,6708274
2020-09-24 16:00:00.288,13.94,14.15,13.53,13.86,11484507
2020-09-25 16:00:00.288,13.9,14.05,13.81,14.0,6885918
2020-09-28 16:00:00.288,14.14,14.4,14.13,14.27,6640275
2020-09-29 16:00:00.288,14.18,14.19,13.87,13.92,6434643
2020-09-30 16:00:00.288,13.97,14.06,13.88,13.91,7485585
2020-10-01 16:00:00.288,13.95,13.95,13.72,13.9,6457003
2020-10-02 16:00:00.288,13.71,14.01,13.68,13.94,6895141
2020-10-05 16:00:00.288,14.01,14.1,13.95,14.0,4687552
2020-10-06 16:00:00.288,14.02,14.17,13.91,13.94,6281370
2020-10-07 16:00:00.288,14.06,14.07,13.85,13.99,6107947
2020-10-08 16:00:00.288,14.07,14.29,14.04,14.22,11409129
2020-10-09 16:00:00.288,14.27,14.33,14.04,14.07,3904275
2020-10-12 16:00:00.288,14.1,14.2,14.01,14.19,5425873
2020-10-13 16:00:00.288,14.14,14.17,13.97,14.03,4204073
2020-10-14 16:00:00.288,14.07,14.29,14.04,14.12,4631034
2020-10-15 16:00:00.288,14.1,14.2,14.04,14.18,3575272
2020-10-16 16:00:00.288,14.13,14.22,14.07,14.11,3969278
2020-10-19 16:00:00.288,14.2,14.23,14.01,14.03,5978005
2020-10-20 16:00:00.288,14.18,14.19,14.03,14.03,4467367
2020-10-21 16:00:00.288,14.03,14.05,13.87,13.87,8095171
2020-10-22 16:00:00.288,13.9,14.0,13.87,13.99,5531371
2020-10-23 16:00:00.288,14.07,14.29,14.03,14.19,4317912
2020-10-26 16:00:00.288,14.1,14.15,13.91,14.09,6125191
2020-10-27 16:00:00.288,14.23,14.44,14.07,14.25,7367122
2020-10-28 16:00:00.288,14.14,14.27,14.0,14.03,8360266
2020-10-29 16:00:00.288,13.95,14.19,13.72,14.1,8256785
2020-10-30 16:00:00.288,14.01,14.1,13.87,13.97,7785865
2020-11-02 16:00:00.288,14.0,14.17,13.95,13.99,9001128
2020-11-03 16:00:00.288,14.06,14.15,13.93,13.94,6564847
2020-11-04 16:00:00.288,14.03,14.29,13.92,14.07,12919314
2020-11-05 16:00:00.288,14.17,14.28,14.09,14.24,5088180
2020-11-06 16:00:00.288,14.23,14.27,14.04,14.11,6390620
2020-11-09 16:00:00.288,14.39,14.52,14.14,14.15,13362964
2020-11-10 16:00:00.288,14.31,14.9,14.17,14.86,17959036
2020-11-11 16:00:00.288,14.87,14.9,14.41,14.52,8131037
2020-11-12 16:00:00.288,14.5,14.67,14.44,14.53,5943189
2020-11-13 16:00:00.288,14.8,14.9,14.66,14.87,6133259
2020-11-16 16:00:00.288,15.06,15.11,14.96,15.06,7166093
2020-11-17 16:00:00.288,15.01,15.25,14.98,15.22,5411136
2020-11-18 16:00:00.288,15.25,15.62,15.22,15.25,7611742
2020-11-19 16:00:00.288,15.29,15.29,14.95,15.09,5423925
2020-11-20 16:00:00.288,15.1,15.3,15.07,15.21,4404236
2020-11-23 16:00:00.288,15.38,15.5,15.26,15.45,8236752
2020-11-24 16:00:00.288,15.73,15.84,15.57,15.7,10261364
2020-11-25 16:00:00.288,15.8,15.8,15.47,15.65,7228144
2020-11-27 13:00:00.288,15.6,15.64,15.45,15.57,5252878
2020-11-30 16:00:00.288,15.6,15.6,15.19,15.28,10464623
2020-12-01 16:00:00.288,15.49,15.66,15.29,15.34,6343975
2020-12-02 16:00:00.288,15.31,15.47,15.23,15.32,5494978
2020-12-03 16:00:00.288,15.36,15.57,15.32,15.41,4348990
2020-12-04 16:00:00.288,15.52,15.63,15.46,15.54,5029242
2020-12-07 16:00:00.288,15.52,15.57,15.39,15.48,4555894
2020-12-08 16:00:00.288,15.46,15.7,15.44,15.59,5461880
2020-12-09 16:00:00.288,15.73,15.8,15.5,15.6,4765360
2020-12-10 16:00:00.288,15.51,15.54,15.39,15.5,4586307
2020-12-11 16:00:00.288,15.4,15.45,15.28,15.32,6053264
2020-12-14 16:00:00.288,15.51,15.52,15.25,15.3,6184057
2020-12-15 16:00:00.288,15.33,15.44,15.3,15.43,5865560
2020-12-16 16:00:00.288,15.49,15.49,15.37,15.43,6440332
2020-12-17 16:00:00.288,15.5,15.51,15.37,15.46,4660647
2020-12-18 16:00:00.288,15.49,15.51,15.36,15.42,9007649
2020-12-21 16:00:00.288,15.34,15.44,15.17,15.43,6911498
2020-12-22 16:00:00.288,15.44,15.48,15.32,15.43,4892396
2020-12-23 16:00:00.288,15.45,15.77,15.45,15.67,7146017
2020-12-24 13:00:00.288,15.75,15.76,15.48,15.57,3246926
2020-12-28 16:00:00.288,15.68,15.81,15.63,15.64,5736305
2020-12-29 16:00:00.288,15.71,15.71,15.47,15.58,6684703
2020-12-30 16:00:00.288,15.46,15.64,15.34,15.57,7238199
2020-12-31 16:00:00.288,15.55,15.64,15.47,15.6,5192831
2021-01-04 16:00:00.288,15.56,15.59,15.23,15.39,8483940
2021-01-05 16:00:00.288,15.44,15.48,15.29,15.31,6260940
2021-01-06 16:00:00.288,15.39,15.5,15.33,15.37,7167946
2021-01-07 16:00:00.288,15.4,15.58,15.36,15.43,5555629
2021-01-08 16:00:00.288,15.48,15.55,15.39,15.54,4336832
2021-01-11 16:00:00.288,15.41,15.63,15.35,15.38,4787883
2021-01-12 16:00:00.288,15.5,15.58,15.37,15.56,4762105
2021-01-13 16:00:00.288,15.56,15.62,15.5,15.52,3708680
2021-01-14 16:00:00.288,15.61,15.69,15.53,15.62,3851785
2021-01-15 16:00:00.288,15.62,15.73,15.54,15.65,4478801
2021-01-19 16:00:00.288,15.69,15.8,15.63,15.79,4877421
2021-01-20 16:00:00.288,15.8,15.98,15.77,15.9,5248606
2021-01-21 16:00:00.288,15.93,16.18,15.92,16.09,7506757
2021-01-22 16:00:00.288,16.09,16.16,15.95,16.14,5074646
2021-01-25 16:00:00.288,16.2,16.38,16.12,16.25,8653451
2021-01-26 16:00:00.288,16.43,16.45,15.99,16.16,10991334
2021-01-27 16:00:00.288,16.08,16.1,15.72,15.79,11197920
2021-01-28 16:00:00.288,15.74,15.87,15.5,15.82,8458128
2021-01-29 16:00:00.288,15.71,15.82,15.5,15.6,8853724
2021-02-01 16:00:00.288,15.65,15.92,15.57,15.89,8290980
2021-02-02 16:00:00.288,15.98,16.12,15.91,16.08,6896494
2021-02-03 16:00:00.288,16.11,16.29,16.04,16.1,5611239
2021-02-04 16:00:00.288,16.07,16.21,16.07,16.17,4649132
2021-02-05 16:00:00.288,16.22,16.35,16.16,16.3,4736458
2021-02-08 16:00:00.288,16.34,16.4,16.22,16.28,5077671
2021-02-09 16:00:00.288,16.31,16.32,16.13,16.29,5103503
2021-02-10 16:00:00.288,16.3,16.46,16.28,16.38,4503827
2021-02-11 16:00:00.288,16.4,16.53,16.24,16.37,5110872
2021-02-12 16:00:00.288,16.41,16.51,16.33,16.35,5549273
2021-02-16 16:00:00.288,16.46,16.48,16.36,16.43,7087580
2021-02-17 16:00:00.288,16.41,16.45,16.2,16.31,6957581
2021-02-18 16:00:00.288,16.27,16.35,16.09,16.1,8482379
2021-02-19 16:00:00.288,16.23,16.55,16.18,16.46,7210532
2021-02-22 16:00:00.288,16.38,16.73,16.35,16.51,6178707
2021-02-23 16:00:00.288,16.55,16.6,16.13,16.33,9070768
2021-02-24 16:00:00.288,16.35,16.63,16.3,16.58,8066773
2021-02-25 16:00:00.288,16.51,16.6,15.96,15.99,11816508
2021-02-26 16:00:00.288,16.04,16.26,15.92,16.03,8489737
2021-03-01 16:00:00.288,16.2,16.37,15.96,15.96,8038601
2021-03-02 16:00:00.288,15.99,16.18,15.96,16.14,7540004
2021-03-03 16:00:00.288,16.14,16.23,15.98,15.99,6339378
2021-03-04 16:00:00.288,16.04,16.1,15.71,15.92,14462605
2021-03-05 16:00:00.288,15.99,16.06,15.39,15.9,13894733
2021-03-08 16:00:00.288,16.02,16.38,15.9,16.33,9818636
2021-03-09 16:00:00.288,16.36,16.41,16.2,16.35,6355913
2021-03-10 16:00:00.288,16.34,16.45,16.29,16.4,5597348
2021-03-11 16:00:00.288,16.37,16.42,16.24,16.31,8740126
2021-03-12 16:00:00.288,16.31,16.58,16.31,16.47,9452511
2021-03-15 16:00:00.288,16.53,16.63,16.44,16.52,7901782
2021-03-16 16:00:00.288,16.48,16.53,16.36,16.48,4808946
2021-03-17 16:00:00.288,16.45,16.69,16.32,16.68,5910836
2021-03-18 16:00:00.288,16.6,16.71,16.47,16.5,6859787
2021-03-19 16:00:00.288,16.54,16.79,16.44,16.59,11255604
2021-03-22 16:00:00.288,16.65,16.7,16.52,16.67,4690098
2021-03-23 16:00:00.288,16.68,16.77,16.5,16.56,5221862
2021-03-24 16:00:00.288,16.63,16.85,16.55,16.55,7966718
2021-03-25 16:00:00.288,16.55,16.88,16.37,16.79,9474527
2021-03-26 16:00:00.288,16.81,17.03,16.74,17.02,5612947
2021-03-29 16:00:00.288,16.93,17.09,16.75,16.76,6405380
2021-03-30 16:00:00.288,16.73,16.9,16.59,16.89,4775274
2021-03-31 16:00:00.288,16.8,16.89,16.71,16.76,6210498
2021-04-01 16:00:00.288,16.78,17.03,16.73,17.02,5452714
2021-04-05 16:00:00.288,17.05,17.07,16.9,17.0,4910992
2021-04-06 16:00:00.288,16.98,17.06,16.95,17.01,4370309
2021-04-07 16:00:00.288,17.02,17.12,16.95,17.11,3584407
2021-04-08 16:00:00.288,17.08,17.16,17.03,17.16,2964733
2021-04-09 16:00:00.288,17.17,17.24,17.05,17.06,3843988
2021-04-12 16:00:00.288,17.15,17.22,17.09,17.17,4303953
2021-04-13 16:00:00.288,17.12,17.25,17.05,17.22,3823401
2021-04-14 16:00:00.288,17.27,17.47,17.21,17.36,6892606
2021-04-15 16:00:00.288,17.41,17.42,17.21,17.33,4879641
2021-04-16 16:00:00.288,17.36,17.5,17.34,17.48,4049813
2021-04-19 16:00:00.288,17.5,17.5,17.32,17.34,5182984
2021-04-20 16:00:00.288,17.38,17.4,17.22,17.32,4600055
2021-04-21 16:00:00.288,17.29,17.45,17.13,17.44,4925574
2021-04-22 16:00:00.288,17.46,17.5,17.37,17.39,4214048
2021-04-23 16:00:00.288,17.38,17.54,17.3,17.47,6230709
2021-04-26 16:00:00.288,17.51,17.53,17.34,17.36,7961293
2021-04-27 16:00:00.288,17.52,17.88,17.5,17.75,8736146
2021-04-28 16:00:00.288,17.88,18.0,17.85,17.96,7005519
2021-04-29 16:00:00.288,17.9,17.97,17.83,17.95,6151362
2021-04-30 16:00:00.288,17.93,18.02,17.88,17.93,5186354
2021-05-03 16:00:00.288,18.02,18.1,17.95,17.99,4666023
2021-05-04 16:00:00.288,18.06,18.08,17.79,17.89,6808794
2021-05-05 16:00:00.288,17.9,18.17,17.76,18.13,6056649
2021-05-06 16:00:00.288,18.18,18.21,17.98,18.21,6071945
2021-05-07 16:00:00.288,18.15,18.33,18.08,18.32,4850909
2021-05-10 16:00:00.288,18.34,18.45,18.26,18.28,4677214
2021-05-11 16:00:00.288,18.19,18.25,17.99,18.08,8529962
2021-05-12 16:00:00.288,18.05,18.13,17.36,17.42,13749784
2021-05-13 16:00:00.288,17.59,17.94,17.54,17.84,7377168
2021-05-14 16:00:00.288,17.97,18.2,17.97,18.18,5660082
2021-05-17 16:00:00.288,18.24,18.25,18.09,18.21,5556831
2021-05-18 16:00:00.288,18.23,18.49,18.2,18.37,7538369
2021-05-19 16:00:00.288,18.27,18.48,18.16,18.43,7171939
2021-05-20 16:00:00.288,18.43,18.48,18.33,18.43,4374851
2021-05-21 16:00:00.288,18.47,18.52,18.42,18.5,4839647
2021-05-24 16:00:00.288,18.58,18.63,18.46,18.58,6049400
2021-05-25 16:00:00.288,18.63,18.67,18.5,18.53,6507512
2021-05-26 16:00:00.288,18.59,18.65,18.48,18.58,6364892
2021-05-27 16:00:00.288,18.53,18.54,18.4,18.51,6566557
2021-05-28 16:00:00.288,18.51,18.55,18.46,18.54,4826398
2021-06-01 16:00:00.288,18.55,18.65,18.48,18.63,7704286
2021-06-02 16:00:00.288,18.63,18.74,18.59,18.66,6297527
2021-06-03 16:00:00.288,18.66,18.68,18.56,18.6,5078563
2021-06-04 16:00:00.288,18.63,18.7,18.53,18.65,5854517
2021-06-07 16:00:00.288,18.65,18.72,18.56,18.68,5394646
2021-06-08 16:00:00.288,18.64,18.7,18.57,18.7,6580465
2021-06-09 16:00:00.288,18.71,18.84,18.64,18.66,9386463
2021-06-10 16:00:00.288,18.77,18.8,18.61,18.62,8183586
2021-06-11 16:00:00.288,18.15,18.18,17.62,17.71,25943351
2021-06-14 16:00:00.288,17.73,17.88,17.54,17.63,13341502
2021-06-15 16:00:00.288,17.68,17.7,17.29,17.37,12171269
2021-06-16 16:00:00.288,17.39,17.5,17.32,17.46,8875370
2021-06-17 16:00:00.288,17.44,17.52,16.79,16.99,14615272
2021-06-18 16:00:00.288,16.88,16.93,16.6,16.7,16761281
2021-06-21 16:00:00.288,16.82,17.09,16.73,17.07,7558950
2021-06-22 16:00:00.288,17.18,17.18,16.96,17.0,6927099
2021-06-23 16:00:00.288,17.06,17.14,16.98,17.07,6000534
2021-06-24 16:00:00.288,17.13,17.21,17.05,17.15,4027670
2021-06-25 16:00:00.288,17.2,17.3,17.17,17.22,5893843
2021-06-28 16:00:00.288,17.33,17.33,17.1,17.2,6976069
2021-06-29 16:00:00.288,17.17,17.18,16.69,16.8,9067105
2021-06-30 16:00:00.288,16.83,16.94,16.76,16.89,5737717
2021-07-01 16:00:00.288,16.93,17.11,16.81,17.01,5792526
2021-07-02 16:00:00.288,17.06,17.11,16.92,16.94,4545826
2021-07-06 16:00:00.288,17.0,17.01,16.79,16.86,7621684
2021-07-07 16:00:00.288,16.85,16.87,16.64,16.66,7102101
2021-07-08 16:00:00.288,16.49,16.7,16.27,16.53,8672689
2021-07-09 16:00:00.288,16.7,16.91,16.68,16.89,6178739
2021-07-12 16:00:00.288,16.87,16.99,16.75,16.87,5010323
2021-07-13 16:00:00.288,16.86,16.86,16.34,16.36,10767800
2021-07-14 16:00:00.288,16.45,16.62,16.08,16.12,9650736
2021-07-15 16:00:00.288,16.08,16.32,15.95,16.16,8562219
2021-07-16 16:00:00.288,16.25,16.32,16.08,16.13,5232369
2021-07-19 16:00:00.288,15.98,16.01,15.62,15.84,10886607
2021-07-20 16:00:00.288,15.9,16.3,15.8,16.25,8242882
2021-07-21 16:00:00.288,16.35,16.55,16.34,16.43,6992294
2021-07-22 16:00:00.288,16.41,16.43,16.18,16.2,6836860
2021-07-23 16:00:00.288,16.33,16.36,16.07,16.12,5600827
2021-07-26 16:00:00.288,16.14,16.34,16.14,16.18,7429122
2021-07-27 16:00:00.288,16.11,16.19,15.62,16.18,12915728
2021-07-28 16:00:00.288,16.2,16.26,15.91,16.13,7285484
2021-07-29 16:00:00.288,16.12,16.27,16.01,16.18,6270479
2021-07-30 16:00:00.288,16.07,16.22,15.84,15.87,7724730
2021-08-02 16:00:00.288,15.93,16.1,15.85,15.9,5915204
2021-08-03 16:00:00.288,15.94,15.94,15.66,15.82,5324702
2021-08-04 16:00:00.288,15.78,15.87,15.64,15.74,5724571
2021-08-05 16:00:00.288,15.78,15.98,15.74,15.89,4209351
2021-08-06 16:00:00.288,16.0,16.08,15.93,16.01,4192370
2021-08-09 16:00:00.288,16.04,16.09,15.87,16.03,4948239
2021-08-10 16:00:00.288,16.12,16.18,15.99,16.12,4232834
2021-08-11 16:00:00.288,16.18,16.3,16.04,16.27,4757003
2021-08-12 16:00:00.288,16.3,16.38,16.23,16.35,4736715
2021-08-13 16:00:00.288,16.33,16.42,16.28,16.34,3490774
2021-08-16 16:00:00.288,16.34,16.35,16.12,16.27,5078867
2021-08-17 16:00:00.288,16.23,16.34,16.17,16.29,3584916
2021-08-18 16:00:00.288,16.28,16.39,16.2,16.21,4660600
2021-08-19 16:00:00.288,16.14,16.15,15.86,15.9,7877874
2021-08-20 16:00:00.288,15.9,16.1,15.79,16.09,4858330
2021-08-23 16:00:00.288,16.13,16.32,16.12,16.28,4320355
2021-08-24 16:00:00.288,16.32,16.46,16.3,16.42,3784472
2021-08-25 16:00:00.288,16.45,16.53,16.34,16.44,4367992
2021-08-26 16:00:00.288,16.42,16.51,16.26,16.29,5665277
2021-08-27 16:00:00.288,16.28,16.59,16.28,16.53,4683842
2021-08-30 16:00:00.288,16.45,16.49,16.2,16.23,5278273
2021-08-31 16:00:00.288,16.24,16.41,16.24,16.31,6056555
2021-09-01 16:00:00.288,16.35,16.4,16.24,16.32,4699251
2021-09-02 16:00:00.288,16.33,16.37,16.21,16.22,4471202
2021-09-03 16:00:00.288,16.27,16.28,16.11,16.18,3946046
2021-09-07 16:00:00.288,16.22,16.27,15.95,15.98,6654522
2021-09-08 16:00:00.288,16.02,16.13,15.85,15.87,7131606
2021-09-09 16:00:00.288,15.87,16.09,15.81,16.02,5139641
2021-09-10 16:00:00.288,16.09,16.1,15.93,16.01,5230490
2021-09-13 16:00:00.288,16.05,16.14,15.94,16.08,5260145
2021-09-14 16:00:00.288,16.13,16.13,15.92,15.93,5217148
2021-09-15 16:00:00.288,15.95,16.05,15.92,15.96,4492188
2021-09-16 16:00:00.288,16.02,16.09,15.96,15.96,4752909
2021-09-17 16:00:00.288,15.96,16.04,15.91,15.98,8638413
2021-09-20 16:00:00.288,15.84,15.96,15.74,15.91,7826455
2021-09-21 16:00:00.288,15.94,16.12,15.94,16.02,7727860
2021-09-22 16:00:00.288,16.08,16.26,16.05,16.21,5492681
2021-09-23 16:00:00.288,16.25,16.3,16.21,16.22,4672147
2021-09-24 16:00:00.288,16.21,16.25,16.15,16.16,4314336
2021-09-27 16:00:00.288,16.25,16.35,16.19,16.24,4726376
2021-09-28 16:00:00.288,16.31,16.33,16.11,16.13,6565718
2021-09-29 16:00:00.288,16.08,16.09,15.93,15.97,4785860
2021-09-30 16:00:00.288,15.99,16.04,15.76,15.77,7629280
2021-10-01 16:00:00.288,15.77,15.97,15.76,15.9,4837583
2021-10-04 16:00:00.288,15.95,16.22,15.91,16.07,5631046
2021-10-05 16:00:00.288,16.08,16.14,15.95,16.05,6411424
2021-10-06 16:00:00.288,15.92,15.97,15.81,15.95,7799220
2021-10-07 16:00:00.288,16.0,16.13,15.96,16.02,4839628
2021-10-08 16:00:00.288,16.03,16.18,16.01,16.12,3651288
2021-10-11 16:00:00.288,16.2,16.27,16.13,16.17,4496498
2021-10-12 16:00:00.288,16.21,16.29,16.15,16.2,7247140
2021-10-13 16:00:00.288,16.18,16.21,16.08,16.14,4849612
2021-10-14 16:00:00.288,16.2,16.27,16.16,16.19,5607184
2021-10-15 16:00:00.288,16.23,16.36,16.22,16.22,5049756
2021-10-18 16:00:00.288,16.23,16.37,16.14,16.34,5058778
2021-10-19 16:00:00.288,16.37,16.51,16.32,16.5,6485324
2021-10-20 16:00:00.288,16.5,16.75,16.48,16.59,6198593
2021-10-21 16:00:00.288,16.59,16.68,16.5,16.6,4077751
2021-10-22 16:00:00.288,16.6,16.63,16.43,16.55,4834695
2021-10-25 16:00:00.288,16.57,16.64,16.53,16.54,4608502
2021-10-26 16:00:00.288,16.62,16.64,16.5,16.51,6042198
2021-10-27 16:00:00.288,16.5,16.53,16.36,16.37,6821787
2021-10-28 16:00:00.288,16.2,16.28,15.79,15.8,17153315
2021-10-29 16:00:00.288,15.85,15.96,15.79,15.92,8458127
2021-11-01 16:00:00.288,16.0,16.2,15.96,16.18,6383265
2021-11-02 16:00:00.288,16.16,16.17,15.92,15.93,5340927
2021-11-03 16:00:00.288,15.93,16.18,15.89,15.99,5386381
2021-11-04 16:00:00.288,16.03,16.08,15.93,16.01,4254202
2021-11-05 16:00:00.288,16.08,16.26,16.05,16.22,5253221
2021-11-08 16:00:00.288,16.22,16.23,16.09,16.12,3565024
2021-11-09 16:00:00.288,16.12,16.21,16.06,16.07,3600171
2021-11-10 16:00:00.288,16.08,16.2,15.99,16.02,4842312
2021-11-11 16:00:00.288,16.02,16.09,15.99,16.0,3065612
2021-11-12 16:00:00.288,16.02,16.06,15.97,16.04,3643510
2021-11-15 16:00:00.288,16.05,16.11,15.99,16.02,3349245
2021-11-16 16:00:00.288,16.04,16.09,15.99,16.04,5290282
2021-11-17 16:00:00.288,16.0,16.05,15.86,15.94,7397671
2021-11-18 16:00:00.288,15.94,16.01,15.82,15.95,6398279
2021-11-19 16:00:00.288,15.89,16.02,15.83,15.98,4967334
2021-11-22 16:00:00.288,16.02,16.1,15.88,16.04,5654880
2021-11-23 16:00:00.288,16.05,16.08,15.98,16.02,5652706
2021-11-24 16:00:00.288,16.04,16.14,16.02,16.03,4987342
2021-11-26 13:00:00.288,16.0,16.0,15.76,15.91,7329336
2021-11-29 16:00:00.288,15.86,15.9,15.69,15.83,6855640
2021-11-30 16:00:00.288,15.76,15.77,15.25,15.29,17956262
2021-12-01 16:00:00.288,15.5,15.55,15.08,15.1,8579572
2021-12-02 16:00:00.288,15.16,15.5,15.07,15.46,8313674
2021-12-03 16:00:00.288,15.44,15.46,15.26,15.33,5702084
2021-12-06 16:00:00.288,15.4,15.74,15.36,15.65,7118284
2021-12-07 16:00:00.288,15.73,15.95,15.63,15.85,6212055
2021-12-08 16:00:00.288,15.85,16.03,15.8,15.89,5480798
2021-12-09 16:00:00.288,15.86,15.92,15.78,15.85,7037158
2021-12-10 16:00:00.288,15.92,15.93,15.56,15.61,6430372
2021-12-13 16:00:00.288,15.46,15.49,15.03,15.34,10959861
2021-12-14 16:00:00.288,15.35,15.47,15.14,15.19,6165157
2021-12-15 16:00:00.288,15.19,15.26,15.0,15.17,8042593
2021-12-16 16:00:00.288,15.25,15.34,15.09,15.12,7009556
2021-12-17 16:00:00.288,15.1,15.14,14.94,14.99,11884974
2021-12-20 16:00:00.288,14.81,14.81,14.42,14.76,13609896
2021-12-21 16:00:00.288,14.9,15.22,14.88,15.16,7551865
2021-12-22 16:00:00.288,15.16,15.33,15.08,15.24,4845031
2021-12-23 16:00:00.288,15.31,15.44,15.23,15.39,4339119
2021-12-27 16:00:00.288,15.4,15.48,15.28,15.47,4638973
2021-12-28 16:00:00.288,15.47,15.63,15.43,15.49,5040463
2021-12-29 16:00:00.288,15.5,15.52,15.36,15.39,4558544
2021-12-30 16:00:00.288,15.28,15.42,15.2,15.21,4363189
2021-12-31 16:00:00.288,15.11,15.23,15.02,15.04,6363876
2022-01-03 16:00:00.288,15.09,15.47,15.07,15.45,6355303
2022-01-04 16:00:00.288,15.5,15.66,15.39,15.56,7947627
2022-01-05 16:00:00.288,15.58,15.61,15.14,15.16,9814138
2022-01-06 16:00:00.288,15.34,15.35,15.14,15.2,5492341
2022-01-07 16:00:00.288,15.3,15.37,15.18,15.3,4563728
2022-01-10 16:00:00.288,15.32,15.37,15.18,15.34,7936018
2022-01-11 16:00:00.288,15.32,15.58,15.32,15.56,7181438
2022-01-12 16:00:00.288,15.55,15.58,15.44,15.56,4708516
2022-01-13 16:00:00.288,15.6,15.65,15.41,15.41,5749272
2022-01-14 16:00:00.288,15.4,15.41,15.14,15.31,8488904
2022-01-18 16:00:00.288,15.31,15.32,15.14,15.17,7535159
2022-01-19 16:00:00.288,15.19,15.23,15.05,15.06,5170113
2022-01-20 16:00:00.288,15.12,15.2,14.94,14.95,7047334
2022-01-21 16:00:00.288,14.93,14.97,14.66,14.73,11035444
2022-01-24 16:00:00.288,14.56,14.77,14.16,14.73,16224458
2022-01-25 16:00:00.288,14.58,15.04,14.4,15.0,10734489
2022-01-26 16:00:00.288,15.08,15.21,14.8,14.88,11855300
2022-01-27 16:00:00.288,15.04,15.08,14.75,14.81,10644354
2022-01-28 16:00:00.288,14.7,14.76,14.44,14.76,6581875
2022-01-31 16:00:00.288,14.72,14.89,14.63,14.89,9755019
2022-02-01 16:00:00.288,14.89,14.89,14.44,14.68,14276879
2022-02-02 16:00:00.288,14.64,14.68,14.37,14.47,10186719
2022-02-03 16:00:00.288,14.42,14.48,14.2,14.21,8667989
2022-02-04 16:00:00.288,14.19,14.32,13.98,14.24,10153084
2022-02-07 16:00:00.288,14.3,14.47,14.25,14.32,6656190
2022-02-08 16:00:00.288,14.36,14.5,14.28,14.42,7234914
2022-02-09 16:00:00.288,14.48,14.55,14.42,14.43,5977871
2022-02-10 16:00:00.288,14.4,14.66,14.23,14.26,8436067
2022-02-11 16:00:00.288,14.29,14.35,13.93,14.05,12268901
2022-02-14 16:00:00.288,13.92,13.95,13.65,13.71,14937434
2022-02-15 16:00:00.288,13.84,13.86,13.7,13.85,7544488
2022-02-16 16:00:00.288,13.84,13.92,13.81,13.84,6870009
2022-02-17 16:00:00.288,13.81,13.82,13.42,13.51,8730741
2022-02-18 16:00:00.288,13.57,13.61,13.4,13.44,9867935
2022-02-22 16:00:00.288,13.39,13.4,12.98,13.1,11314525
2022-02-23 16:00:00.288,13.18,13.21,12.74,12.75,9747174
2022-02-24 16:00:00.288,12.22,13.01,12.17,12.93,16014557
2022-02-25 16:00:00.288,12.93,13.03,12.85,13.02,9570095
2022-02-28 16:00:00.288,12.89,12.98,12.7,12.91,13861328
2022-03-01 16:00:00.288,12.82,13.01,12.67,12.99,13795682
2022-03-02 16:00:00.288,12.99,13.23,12.87,13.19,9699881
2022-03-03 16:00:00.288,13.19,13.28,13.09,13.13,6561714
2022-03-04 16:00:00.288,13.05,13.14,12.97,13.06,6720455
2022-03-07 16:00:00.288,13.0,13.24,12.95,12.99,9598940
2022-03-08 16:00:00.288,13.01,13.43,13.0,13.26,10694993
2022-03-09 16:00:00.288,13.43,13.54,13.29,13.33,7415410
2022-03-10 16:00:00.288,13.26,13.32,13.08,13.25,6437745
2022-03-11 16:00:00.288,13.22,13.26,12.82,12.98,13545642
2022-03-14 16:00:00.288,13.0,13.09,12.65,12.77,8754697
2022-03-15 16:00:00.288,12.75,12.95,12.75,12.9,9107687
2022-03-16 16:00:00.288,12.99,13.11,12.69,12.96,8701514
2022-03-17 16:00:00.288,12.9,13.07,12.83,13.04,7032849
2022-03-18 16:00:00.288,12.96,13.21,12.89,13.21,10444423
2022-03-21 16:00:00.288,13.25,13.33,12.99,13.01,7713089
2022-03-22 16:00:00.288,13.08,13.27,13.03,13.19,9549767
2022-03-23 16:00:00.288,13.18,13.18,13.02,13.07,5790083
2022-03-24 16:00:00.288,13.07,13.12,13.0,13.05,7739522
2022-03-25 16:00:00.288,13.08,13.29,13.05,13.27,6665979
2022-03-28 16:00:00.288,13.31,13.4,13.12,13.38,9915764
2022-03-29 16:00:00.288,13.44,13.64,13.44,13.56,11082049
2022-03-30 16:00:00.288,13.41,13.44,13.19,13.24,10503531
2022-03-31 16:00:00.288,13.3,13.33,13.09,13.1,9427214
2022-04-01 16:00:00.288,13.13,13.17,12.98,13.17,9427874
2022-04-04 16:00:00.288,13.13,13.17,12.91,13.09,8177689
2022-04-05 16:00:00.288,13.05,13.18,12.8,12.84,9789071
2022-04-06 16:00:00.288,12.8,12.8,12.57,12.58,10753125
2022-04-07 16:00:00.288,12.57,12.67,12.33,12.54,10698327
2022-04-08 16:00:00.288,12.57,12.76,12.53,12.6,6832179
2022-04-11 16:00:00.288,12.58,12.72,12.45,12.49,10030441
2022-04-12 16:00:00.288,12.62,12.73,12.51,12.53,9785114
2022-04-13 16:00:00.288,12.55,12.62,12.45,12.54,7764078
2022-04-14 16:00:00.288,12.54,12.64,12.44,12.48,8686520
2022-04-18 16:00:00.288,12.46,12.47,12.23,12.28,10388113
2022-04-19 16:00:00.288,12.31,12.34,11.82,11.86,17395261
2022-04-20 16:00:00.288,11.91,12.12,11.84,11.99,9902199
2022-04-21 16:00:00.288,12.04,12.14,11.86,11.87,9473624
2022-04-22 16:00:00.288,11.86,11.87,11.55,11.59,13591352
2022-04-25 16:00:00.288,11.52,11.69,11.26,11.67,14819821
2022-04-26 16:00:00.288,11.62,11.71,11.01,11.07,18780894
2022-04-27 16:00:00.288,11.13,11.2,11.01,11.09,14485942
2022-04-28 16:00:00.288,11.09,11.48,10.97,11.47,16728809
2022-04-29 16:00:00.288,11.47,11.51,10.95,10.98,15965397
2022-05-02 16:00:00.288,11.01,11.22,10.86,11.2,15827274
2022-05-03 16:00:00.288,11.5,12.01,11.48,11.99,24503660
2022-05-04 16:00:00.288,11.96,12.15,11.75,12.12,17646172
2022-05-05 16:00:00.288,12.1,12.34,11.99,12.14,18174930
2022-05-06 16:00:00.288,12.1,12.44,12.09,12.41,16212239
2022-05-09 16:00:00.288,12.24,12.37,12.13,12.26,15517268
2022-05-10 16:00:00.288,12.38,12.65,12.12,12.23,21932484
2022-05-11 16:00:00.288,12.25,12.32,12.09,12.14,18167735
2022-05-12 16:00:00.288,12.07,12.19,11.85,12.11,21945244
2022-05-13 16:00:00.288,12.12,12.39,12.07,12.39,16389576
2022-05-16 16:00:00.288,12.4,12.43,12.21,12.29,13470115
2022-05-17 16:00:00.288,12.29,12.3,11.93,12.11,15316391
2022-05-18 16:00:00.288,12.08,12.11,11.86,11.89,14345208
2022-05-19 16:00:00.288,11.84,12.02,11.69,11.72,18100092
2022-05-20 16:00:00.288,11.76,11.82,11.53,11.76,14549903
2022-05-23 16:00:00.288,11.82,12.06,11.81,12.0,12941396
2022-05-24 16:00:00.288,11.99,11.99,11.75,11.92,11374093
2022-05-25 16:00:00.288,11.94,12.0,11.76,11.88,12476328
2022-05-26 16:00:00.288,11.95,12.22,11.93,12.11,10462968
2022-05-27 16:00:00.288,12.02,12.21,11.94,12.21,8282077
2022-05-31 16:00:00.288,12.15,12.3,12.06,12.23,43586521
2022-06-01 16:00:00.288,12.25,12.26,11.97,12.17,10240480
2022-06-02 16:00:00.288,12.15,12.2,12.03,12.19,8509870
2022-06-03 16:00:00.288,12.17,12.22,12.04,12.06,7760337
2022-06-06 16:00:00.288,12.07,12.2,12.02,12.04,6913201
2022-06-07 16:00:00.288,12.0,12.2,11.97,12.16,5813831
2022-06-08 16:00:00.288,12.13,12.16,11.95,11.99,7601843
2022-06-09 16:00:00.288,12.12,12.41,12.1,12.19,13509665
2022-06-10 16:00:00.288,12.1,12.14,11.81,11.95,12140452
2022-06-13 16:00:00.288,11.75,11.76,11.0,11.02,28550585
2022-06-14 16:00:00.288,11.03,11.1,10.67,10.75,22354714
2022-06-15 16:00:00.288,10.8,10.87,10.35,10.67,28235745
2022-06-16 16:00:00.288,10.36,10.41,9.99,10.03,22349104
2022-06-17 16:00:00.288,10.08,10.48,10.04,10.41,22000172
2022-06-21 16:00:00.288,10.57,10.81,10.53,10.72,12379747
2022-06-22 16:00:00.288,10.62,10.93,10.58,10.84,11936621
2022-06-23 16:00:00.288,10.88,11.18,10.83,11.17,11982674
2022-06-24 16:00:00.288,11.23,11.65,11.22,11.6,12514937
2022-06-27 16:00:00.288,11.66,11.73,11.49,11.57,10013519
2022-06-28 16:00:00.288,11.61,11.71,11.34,11.4,10779445
2022-06-29 16:00:00.288,11.23,11.27,11.09,11.15,8967014
2022-06-30 16:00:00.288,11.01,11.24,10.94,11.07,9694637
2022-07-01 16:00:00.288,11.06,11.53,11.02,11.48,11451942
2022-07-05 16:00:00.288,11.31,11.63,11.25,11.61,11174767
2022-07-06 16:00:00.288,11.56,11.67,11.26,11.36,10027522
2022-07-07 16:00:00.288,11.38,11.65,11.38,11.49,7786930
2022-07-08 16:00:00.288,11.5,11.51,11.32,11.42,8622897
2022-07-11 16:00:00.288,11.37,11.45,11.3,11.34,5644601
2022-07-12 16:00:00.288,11.35,11.51,11.3,11.42,8143233
2022-07-13 16:00:00.288,11.31,11.64,11.26,11.6,7621363
2022-07-14 16:00:00.288,11.46,11.52,11.33,11.43,6344849
2022-07-15 16:00:00.288,11.54,11.73,11.29,11.69,8277095
2022-07-18 16:00:00.288,11.71,11.73,11.36,11.61,7325339
2022-07-19 16:00:00.288,11.68,12.07,11.66,12.0,9678090
2022-07-20 16:00:00.288,12.03,12.18,11.95,12.12,10143024
2022-07-21 16:00:00.288,12.06,12.23,11.97,12.22,7670331
2022-07-22 16:00:00.288,12.26,12.3,12.07,12.15,6122757
2022-07-25 16:00:00.288,12.19,12.29,12.08,12.27,8751372
2022-07-26 16:00:00.288,11.93,12.22,11.9,12.12,15156389
2022-07-27 16:00:00.288,12.16,12.48,12.12,12.4,12264496
2022-07-28 16:00:00.288,12.27,12.59,12.25,12.57,14745727
2022-07-29 16:00:00.288,12.56,12.89,12.56,12.61,13677703
2022-08-01 16:00:00.288,12.62,12.78,12.52,12.67,7255629
2022-08-02 16:00:00.288,12.62,12.62,12.28,12.3,9437201
2022-08-03 16:00:00.288,12.42,12.46,12.35,12.38,5841217
2022-08-04 16:00:00.288,12.38,12.4,12.2,12.31,8890765
2022-08-05 16:00:00.288,12.24,12.34,12.17,12.25,7611680
2022-08-08 16:00:00.288,12.34,12.53,12.34,12.41,7124202
2022-08-09 16:00:00.288,12.44,12.51,12.34,12.44,6096564
2022-08-10 16:00:00.288,12.52,12.65,12.52,12.54,5475415
2022-08-11 16:00:00.288,12.6,12.77,12.59,12.68,6185137
2022-08-12 16:00:00.288,12.78,12.79,12.65,12.78,4547364
2022-08-15 16:00:00.288,12.73,12.81,12.69,12.79,6530380
2022-08-16 16:00:00.288,12.8,12.85,12.74,12.8,5389098
2022-08-17 16:00:00.288,12.75,12.77,12.6,12.72,4953444
2022-08-18 16:00:00.288,12.75,12.79,12.64,12.68,5624898
2022-08-19 16:00:00.288,12.63,12.66,12.46,12.51,5880597
2022-08-22 16:00:00.288,12.42,12.44,12.22,12.22,5322667
2022-08-23 16:00:00.288,12.28,12.4,12.26,12.32,3782686
2022-08-24 16:00:00.288,12.3,12.41,12.27,12.4,3317941
2022-08-25 16:00:00.288,12.46,12.59,12.45,12.53,4289703
2022-08-26 16:00:00.288,12.54,12.58,12.36,12.37,5989049
2022-08-29 16:00:00.288,12.31,12.4,12.26,12.31,7161424
2022-08-30 16:00:00.288,12.25,12.29,11.92,11.94,9345579
2022-08-31 16:00:00.288,11.94,12.1,11.86,11.95,5780351
2022-09-01 16:00:00.288,11.89,11.9,11.53,11.83,10349540
2022-09-02 16:00:00.288,11.91,12.02,11.77,11.77,5076757
2022-09-06 16:00:00.288,11.77,11.94,11.61,11.75,14100851
2022-09-07 16:00:00.288,11.74,11.95,11.56,11.92,8331151
2022-09-08 16:00:00.288,11.9,12.04,11.82,12.02,4852626
2022-09-09 16:00:00.288,12.05,12.12,11.9,11.91,6735109
2022-09-12 16:00:00.288,11.99,12.06,11.82,11.85,7208577
2022-09-13 16:00:00.288,11.66,11.71,11.5,11.55,8293487
2022-09-14 16:00:00.288,11.58,11.64,11.47,11.55,8997063
2022-09-15 16:00:00.288,11.55,11.67,11.19,11.19,8893794
2022-09-16 16:00:00.288,11.11,11.27,10.98,11.24,13162035
2022-09-19 16:00:00.288,11.07,11.33,11.06,11.27,7280262
2022-09-20 16:00:00.288,11.21,11.25,11.09,11.19,7356879
2022-09-21 16:00:00.288,11.24,11.24,11.03,11.03,8376813
2022-09-22 16:00:00.288,11.03,11.05,10.71,10.77,9549502
2022-09-23 16:00:00.288,10.74,10.74,10.3,10.42,11082297
2022-09-26 16:00:00.288,10.35,10.45,9.58,9.62,28651161
2022-09-27 16:00:00.288,9.78,9.82,9.03,9.08,37345450
2022-09-28 16:00:00.288,9.17,9.44,9.03,9.22,28382589
2022-09-29 16:00:00.288,9.01,9.02,8.39,8.68,26616878
2022-09-30 16:00:00.288,8.72,8.8,8.39,8.42,22112385
2022-10-03 16:00:00.288,8.51,8.71,8.1,8.52,18603146
2022-10-04 16:00:00.288,8.68,9.15,8.68,9.11,20151876
2022-10-05 16:00:00.288,8.94,8.94,8.23,8.5,23810393
2022-10-06 16:00:00.288,8.49,8.56,8.1,8.2,26043849
2022-10-07 16:00:00.288,8.12,8.23,7.82,7.87,28069867
2022-10-10 16:00:00.288,7.86,7.98,7.36,7.37,23649346
2022-10-11 16:00:00.288,7.4,8.27,7.4,8.17,42333906
2022-10-12 16:00:00.288,8.13,8.25,7.69,8.0,27294755
2022-10-13 16:00:00.288,7.86,8.11,7.73,8.04,20986418
2022-10-14 16:00:00.288,8.14,8.25,7.88,7.89,14085214
2022-10-17 16:00:00.288,8.06,8.16,7.87,7.96,11451956
2022-10-18 16:00:00.288,8.14,8.3,7.98,8.09,12789153
2022-10-19 16:00:00.288,8.0,8.04,7.84,7.91,12752081
2022-10-20 16:00:00.288,7.96,8.02,7.81,7.83,10527248
2022-10-21 16:00:00.288,7.81,7.81,7.61,7.74,21581794
2022-10-24 16:00:00.288,7.77,7.79,7.46,7.62,15058656
2022-10-25 16:00:00.288,7.49,7.98,7.3,7.91,23193406
2022-10-26 16:00:00.288,8.0,8.19,7.88,7.92,22187312
2022-10-27 16:00:00.288,8.21,8.36,7.87,7.89,32256532
2022-10-28 16:00:00.288,7.8,8.21,7.77,8.18,20741797
2022-10-31 16:00:00.288,8.13,8.28,8.05,8.22,17038667
2022-11-01 16:00:00.288,8.37,8.48,8.17,8.22,12567559
2022-11-02 16:00:00.288,8.18,8.57,8.08,8.16,17446597
2022-11-03 16:00:00.288,8.01,8.15,7.81,8.05,13490652
2022-11-04 16:00:00.288,8.18,8.38,8.12,8.35,13346134
2022-11-07 16:00:00.288,8.46,8.51,8.23,8.44,10312513
2022-11-08 16:00:00.288,8.45,8.72,8.36,8.56,12941296
2022-11-09 16:00:00.288,8.62,8.84,8.5,8.62,10805541
2022-11-10 16:00:00.288,9.0,9.48,8.98,9.45,23847717
2022-11-11 16:00:00.288,9.45,9.71,9.3,9.63,14420809
2022-11-14 16:00:00.288,9.67,9.74,9.32,9.36,15282217
2022-11-15 16:00:00.288,9.54,9.73,9.37,9.59,11651288
2022-11-16 16:00:00.288,9.6,9.62,9.33,9.46,13351694
2022-11-17 16:00:00.288,9.3,9.33,9.02,9.22,12914300
2022-11-18 16:00:00.288,9.31,9.39,9.06,9.13,8304050
2022-11-21 16:00:00.288,9.12,9.41,9.12,9.4,9455912
2022-11-22 16:00:00.288,9.42,9.61,9.4,9.5,11272770
2022-11-23 16:00:00.288,9.54,9.89,9.49,9.85,10966579
2022-11-25 13:05:00.096,9.88,10.07,9.85,10.02,6429723
2022-11-28 16:00:00.288,10.0,10.05,9.75,9.76,10612878
2022-11-29 16:00:00.288,9.64,9.72,9.56,9.71,8732151
2022-11-30 16:00:00.288,9.61,10.02,9.56,9.99,14165822
2022-12-01 16:00:00.288,10.02,10.25,9.99,10.07,9424049
2022-12-02 16:00:00.288,9.97,10.03,9.73,10.01,13490000
2022-12-05 16:00:00.288,10.0,10.03,9.73,9.82,9099513
2022-12-06 16:00:00.288,9.82,9.87,9.55,9.69,11665229
2022-12-07 16:00:00.288,9.67,9.87,9.58,9.83,7842033
2022-12-08 16:00:00.288,9.85,9.96,9.8,9.92,6258471
2022-12-09 16:00:00.288,9.9,10.02,9.84,9.9,8558751
2022-12-12 16:00:00.288,9.9,9.98,9.81,9.91,10587832
2022-12-13 16:00:00.288,10.16,10.45,10.11,10.17,11827307
2022-12-14 16:00:00.288,10.12,10.3,10.01,10.14,11828471
2022-12-15 16:00:00.288,10.07,10.33,10.0,10.24,12978485
2022-12-16 16:00:00.288,10.1,10.22,10.01,10.14,19189165
2022-12-19 16:00:00.288,10.11,10.33,10.07,10.18,9263599
2022-12-20 16:00:00.288,10.11,10.38,9.95,10.33,16977219
2022-12-21 16:00:00.288,10.47,10.64,10.45,10.58,13960995
2022-12-22 16:00:00.288,10.59,10.67,10.33,10.65,12657731
2022-12-23 16:00:00.288,10.65,10.72,10.55,10.71,9054053
2022-12-27 16:00:00.288,10.7,10.72,10.52,10.69,11070433
2022-12-28 16:00:00.288,10.68,10.72,10.35,10.41,10531559
2022-12-29 16:00:00.288,10.34,10.56,10.3,10.48,8705178
2022-12-30 16:00:00.288,10.35,10.45,10.25,10.35,9461281
2023-01-03 16:00:00.288,10.44,10.7,10.37,10.46,11979950
2023-01-04 16:00:00.288,10.57,10.7,10.54,10.63,10155916
2023-01-05 16:00:00.288,10.57,10.69,10.45,10.62,7378939
2023-01-06 16:00:00.288,10.71,10.88,10.61,10.85,9458209
2023-01-09 16:00:00.288,10.9,11.07,10.81,10.87,11978691
2023-01-10 16:00:00.288,10.87,11.01,10.83,10.98,9068232
2023-01-11 16:00:00.288,11.04,11.25,11.04,11.14,9588705
2023-01-12 16:00:00.288,11.25,11.39,11.2,11.28,9738502
2023-01-13 16:00:00.288,11.21,11.36,11.16,11.3,10224227
2023-01-17 16:00:00.288,11.31,11.4,11.2,11.21,12850784
2023-01-18 16:00:00.288,11.28,11.45,11.26,11.36,10968187
2023-01-19 16:00:00.288,11.32,11.39,11.24,11.37,8725752
2023-01-20 16:00:00.288,11.37,11.56,11.29,11.53,11853829
2023-01-23 16:00:00.288,11.56,11.61,11.44,11.58,14022520
2023-01-24 16:00:00.288,11.55,11.6,11.48,11.5,7610968
2023-01-25 16:00:00.288,11.46,11.48,11.32,11.38,11377892
2023-01-26 16:00:00.288,11.41,11.51,11.36,11.5,11080103
2023-01-27 16:00:00.288,11.52,11.73,11.5,11.68,11343224
2023-01-30 16:00:00.288,11.52,11.54,11.25,11.28,14278265
2023-01-31 16:00:00.288,11.37,11.83,11.32,11.6,22696573
2023-02-01 16:00:00.288,11.57,12.06,11.56,11.95,16606249
2023-02-02 16:00:00.288,12.07,12.25,12.07,12.14,13321285
2023-02-03 16:00:00.288,11.99,12.04,11.91,11.96,10561612
2023-02-06 16:00:00.288,11.79,11.79,11.46,11.51,14927201
2023-02-07 16:00:00.288,11.53,11.76,11.44,11.74,10957761
2023-02-08 16:00:00.288,11.73,11.75,11.56,11.73,8965850
2023-02-09 16:00:00.288,11.86,11.96,11.39,11.46,17069072
2023-02-10 16:00:00.288,11.44,11.5,11.25,11.35,15961740
2023-02-13 16:00:00.288,11.35,11.47,11.32,11.44,13506368
2023-02-14 16:00:00.288,11.42,11.49,11.24,11.41,9410475
2023-02-15 16:00:00.288,11.35,11.5,11.25,11.48,8589620
2023-02-16 16:00:00.288,11.36,11.58,11.3,11.47,6610861
2023-02-17 16:00:00.288,11.46,11.48,11.31,11.39,6423972
2023-02-21 16:00:00.288,11.32,11.35,11.04,11.12,12891987
2023-02-22 16:00:00.288,11.13,11.31,11.12,11.25,7281078
2023-02-23 16:00:00.288,11.29,11.37,11.17,11.32,5795460
2023-02-24 16:00:00.288,11.2,11.25,11.02,11.1,11699896
2023-02-27 16:00:00.288,11.1,11.13,10.87,10.89,9406515
2023-02-28 16:00:00.288,10.88,10.93,10.81,10.87,11123038
2023-03-01 16:00:00.288,10.82,10.87,10.52,10.59,10819874
2023-03-02 16:00:00.288,10.47,10.59,10.36,10.55,10076295
2023-03-03 16:00:00.288,10.6,10.77,10.56,10.71,6868318
2023-03-06 16:00:00.288,10.75,10.88,10.71,10.72,6701588
2023-03-07 16:00:00.288,10.76,10.82,10.57,10.59,5803655
2023-03-08 16:00:00.288,10.75,10.83,10.66,10.81,10333606
2023-03-09 16:00:00.288,10.79,10.86,10.43,10.45,12243383
2023-03-10 16:00:00.288,10.42,10.48,9.95,9.97,19213767
2023-03-13 16:00:00.288,9.79,10.07,9.52,9.96,26674351
2023-03-14 16:00:00.288,10.14,10.57,10.11,10.26,17774127
2023-03-15 16:00:00.288,10.07,10.11,9.81,9.89,26016052
2023-03-16 16:00:00.288,9.85,9.99,9.74,9.96,18847938
2023-03-17 16:00:00.288,9.92,9.92,9.64,9.74,16819950
2023-03-20 16:00:00.288,9.78,9.88,9.68,9.68,14035830
2023-03-21 16:00:00.288,9.84,9.93,9.81,9.85,10491176
2023-03-22 16:00:00.288,9.8,9.97,9.71,9.76,13516528
2023-03-23 16:00:00.288,9.83,10.13,9.58,9.63,18459100
2023-03-24 16:00:00.288,9.55,9.81,9.4,9.79,12044431
2023-03-27 16:00:00.288,9.94,9.98,9.8,9.89,10786186
2023-03-28 16:00:00.288,9.84,9.91,9.77,9.86,11436381
2023-03-29 16:00:00.288,9.95,9.98,9.89,9.93,9236798
2023-03-30 16:00:00.288,9.89,9.92,9.79,9.91,6078296
2023-03-31 16:00:00.288,9.92,10.08,9.91,10.08,14563280
2023-04-03 16:00:00.288,10.06,10.15,9.95,9.98,9541188
2023-04-04 16:00:00.288,10.02,10.18,9.92,10.15,12601976
2023-04-05 16:00:00.288,10.1,10.42,10.08,10.31,9744214
2023-04-06 16:00:00.288,10.37,10.4,10.26,10.29,5470679
2023-04-10 16:00:00.288,10.27,10.31,9.76,10.02,17480293
2023-04-11 16:00:00.288,10.05,10.13,9.93,10.04,9476338
2023-04-12 16:00:00.288,10.17,10.19,10.01,10.01,7817970
2023-04-13 16:00:00.288,10.05,10.09,9.9,10.06,7570300
2023-04-14 16:00:00.288,10.08,10.11,9.82,9.96,13321537
2023-04-17 16:00:00.288,9.96,10.13,9.85,10.07,10787698
2023-04-18 16:00:00.288,10.06,10.07,9.92,10.0,8435857
2023-04-19 16:00:00.288,9.96,10.07,9.88,10.0,5602534
2023-04-20 16:00:00.288,9.94,10.02,9.88,9.98,9558883
2023-04-21 16:00:00.288,9.94,10.05,9.85,10.05,8798859
2023-04-24 16:00:00.288,10.06,10.13,9.84,10.05,13939503
2023-04-25 16:00:00.288,10.01,10.05,9.7,9.75,14525093
2023-04-26 16:00:00.288,9.83,9.94,9.7,9.78,11752769
2023-04-27 16:00:00.288,9.71,9.85,9.69,9.78,8304668
2023-04-28 16:00:00.288,9.83,9.97,9.81,9.91,12857331
2023-05-01 16:00:00.288,9.89,9.9,9.55,9.57,14125028
2023-05-02 16:00:00.288,9.57,9.63,9.1,9.24,15078342
2023-05-03 16:00:00.288,9.27,9.64,9.27,9.41,15481012
2023-05-04 16:00:00.288,9.33,9.37,9.12,9.25,13453431
2023-05-05 16:00:00.288,9.4,9.53,9.35,9.47,8071141
2023-05-08 16:00:00.288,9.47,9.53,9.38,9.5,6170772
2023-05-09 16:00:00.288,9.44,9.46,9.32,9.36,6223970
2023-05-10 16:00:00.288,9.5,9.59,9.23,9.34,9495383
2023-05-11 16:00:00.288,9.3,9.35,9.23,9.34,5250864
2023-05-12 16:00:00.288,9.37,9.37,9.15,9.17,6459328
2023-05-15 16:00:00.288,9.21,9.28,9.05,9.12,12496838
2023-05-16 16:00:00.288,9.08,9.11,9.01,9.02,5227970
2023-05-17 16:00:00.288,9.05,9.24,9.02,9.19,6722147
2023-05-18 16:00:00.288,9.18,9.29,9.13,9.28,6795389
2023-05-19 16:00:00.288,9.3,9.36,9.13,9.21,9036708
2023-05-22 16:00:00.288,9.24,9.26,9.12,9.17,7970900
2023-05-23 16:00:00.288,9.21,9.27,9.01,9.01,10666738
2023-05-24 16:00:00.288,9.0,9.0,8.75,8.87,15955128
2023-05-25 16:00:00.288,8.86,8.86,8.57,8.75,15620174
2023-05-26 16:00:00.288,8.76,9.13,8.66,9.11,11757477
2023-05-30 16:00:00.288,9.05,9.32,8.99,9.27,11554751
2023-05-31 16:00:00.288,9.17,9.28,9.07,9.19,11228780
2023-06-01 16:00:00.288,9.19,9.46,9.18,9.45,10243789
2023-06-02 16:00:00.288,9.54,9.6,9.43,9.47,8971976
2023-06-05 16:00:00.288,9.51,9.53,9.39,9.49,7952715
2023-06-06 16:00:00.288,9.46,9.72,9.45,9.66,8671289
2023-06-07 16:00:00.288,9.71,9.81,9.64,9.68,9762589
2023-06-08 16:00:00.288,9.7,9.82,9.65,9.73,7956863
2023-06-09 16:00:00.288,9.74,9.82,9.7,9.79,13678811
2023-06-12 16:00:00.288,9.79,10.05,9.76,10.03,12388443
2023-06-13 16:00:00.288,10.08,10.17,10.02,10.14,11489248
2023-06-14 16:00:00.288,10.18,10.27,10.03,10.12,11593418
2023-06-15 16:00:00.288,10.1,10.31,10.09,10.25,8760885
2023-06-16 16:00:00.288,10.23,10.28,10.14,10.21,8897559
2023-06-20 16:00:00.288,10.17,10.2,10.1,10.13,6731808
2023-06-21 16:00:00.288,10.16,10.25,10.1,10.18,6528703
2023-06-22 16:00:00.288,10.16,10.18,10.1,10.13,6159710
2023-06-23 16:00:00.288,10.09,10.11,9.93,9.94,9592340
2023-06-26 16:00:00.288,9.99,10.26,9.93,10.16,10761561
2023-06-27 16:00:00.288,10.17,10.31,10.09,10.29,10010630
2023-06-28 16:00:00.288,10.3,10.34,10.26,10.32,11207019
2023-06-29 16:00:00.288,10.17,10.18,9.96,10.15,13694518
2023-06-30 16:00:00.288,10.19,10.2,10.06,10.13,10132774
2023-07-03 13:05:00.096,10.14,10.16,9.94,9.97,5922974
2023-07-05 16:00:00.288,9.98,10.01,9.78,9.79,8638676
2023-07-06 16:00:00.288,9.68,9.68,9.32,9.47,15318464
2023-07-07 16:00:00.288,9.45,9.86,9.45,9.76,9350455
2023-07-10 16:00:00.288,9.77,9.97,9.73,9.97,6897514
2023-07-11 16:00:00.288,9.99,10.11,9.89,9.95,9279825
2023-07-12 16:00:00.288,10.12,10.16,10.07,10.15,10507188
2023-07-13 16:00:00.288,10.15,10.39,10.14,10.25,10542325
2023-07-14 16:00:00.288,10.27,10.27,10.1,10.13,7284041
2023-07-17 16:00:00.288,10.12,10.24,10.04,10.21,7725755
2023-07-18 16:00:00.288,10.22,10.32,10.18,10.26,8398253
2023-07-19 16:00:00.288,10.31,10.41,10.29,10.31,8487981
2023-07-20 16:00:00.288,10.3,10.3,10.14,10.14,10629917
2023-07-21 16:00:00.288,10.21,10.21,10.06,10.1,7567110
2023-07-24 16:00:00.288,10.15,10.33,10.11,10.26,12447922
2023-07-25 16:00:00.288,10.33,10.55,10.23,10.4,17989957
2023-07-26 16:00:00.288,10.4,10.61,10.4,10.5,13058046
2023-07-27 16:00:00.288,10.56,10.64,10.18,10.22,14688001
2023-07-28 16:00:00.288,10.21,10.38,10.11,10.33,9208187
2023-07-31 16:00:00.288,10.34,10.35,10.15,10.19,13049900
2023-08-01 16:00:00.288,10.16,10.24,10.08,10.11,9235006
2023-08-02 16:00:00.288,10.04,10.08,9.89,10.04,14010384
2023-08-03 16:00:00.288,9.94,9.96,9.7,9.71,17566132
2023-08-04 16:00:00.288,9.79,9.93,9.74,9.91,13978965
2023-08-07 16:00:00.288,9.94,10.01,9.91,9.97,7983534
2023-08-08 16:00:00.288,9.92,10.05,9.82,10.03,7964586
2023-08-09 16:00:00.288,10.04,10.07,9.92,9.99,9072870
2023-08-10 16:00:00.288,10.05,10.06,9.97,9.98,7893757
2023-08-11 16:00:00.288,9.96,9.97,9.82,9.85,7823338
2023-08-14 16:00:00.288,9.86,9.87,9.61,9.68,18605419
2023-08-15 16:00:00.288,9.65,9.67,9.56,9.61,9357213
2023-08-16 16:00:00.288,9.6,9.66,9.52,9.55,10608261
2023-08-17 16:00:00.288,9.56,9.61,9.41,9.45,11611023
2023-08-18 16:00:00.288,9.4,9.57,9.35,9.48,17481630
2023-08-21 16:00:00.288,9.5,9.53,9.4,9.51,10619675
2023-08-22 16:00:00.288,9.57,9.58,9.45,9.46,14434305
2023-08-23 16:00:00.288,9.5,9.71,9.49,9.68,13871151
2023-08-24 16:00:00.288,9.68,9.82,9.65,9.71,9274830
2023-08-25 16:00:00.288,9.75,9.81,9.64,9.76,7348713
2023-08-28 16:00:00.288,9.83,9.99,9.81,9.99,11074004
2023-08-29 16:00:00.288,10.0,10.14,9.92,10.12,13068603
2023-08-30 16:00:00.288,9.97,9.98,9.83,9.85,10318861
2023-08-31 16:00:00.288,9.85,9.94,9.84,9.91,10352314
2023-09-01 16:00:00.288,9.94,10.02,9.87,9.96,7888298
2023-09-05 16:00:00.288,9.95,9.95,9.75,9.76,10765383
2023-09-06 16:00:00.288,9.77,9.78,9.63,9.68,8225890
2023-09-07 16:00:00.288,9.63,9.7,9.57,9.63,8352115
2023-09-08 16:00:00.288,9.66,9.74,9.65,9.69,7873258
2023-09-11 16:00:00.288,9.72,9.84,9.7,9.83,7491879
2023-09-12 16:00:00.288,9.85,9.95,9.76,9.77,10996124
2023-09-13 16:00:00.288,9.84,9.95,9.74,9.93,9952281
2023-09-14 16:00:00.288,9.97,10.12,9.97,10.09,16386811
2023-09-15 16:00:00.288,10.07,10.09,10.02,10.07,14225608
2023-09-18 16:00:00.288,10.17,10.27,10.14,10.17,19431263
2023-09-19 16:00:00.288,10.16,10.29,10.09,10.12,8936149
2023-09-20 16:00:00.288,10.16,10.26,10.11,10.11,8572734
2023-09-21 16:00:00.288,10.02,10.05,9.78,9.78,13448808
2023-09-22 16:00:00.288,9.82,9.89,9.76,9.81,12083826
2023-09-25 16:00:00.288,9.77,9.81,9.65,9.67,14356829
2023-09-26 16:00:00.288,9.64,9.65,9.43,9.45,19335343
2023-09-27 16:00:00.288,9.49,9.53,9.28,9.38,18309497
2023-09-28 16:00:00.288,9.26,9.46,9.15,9.4,11391140
2023-09-29 16:00:00.288,9.45,9.59,9.42,9.44,11899631
2023-10-02 16:00:00.288,9.45,9.45,9.07,9.11,13881944
2023-10-03 16:00:00.288,9.02,9.06,8.8,8.92,20210272
2023-10-04 16:00:00.288,8.97,8.97,8.56,8.79,19186190
2023-10-05 16:00:00.288,8.79,9.04,8.71,9.0,12895756
2023-10-06 16:00:00.288,8.86,9.06,8.82,8.93,8596579
2023-10-09 16:00:00.288,8.9,9.14,8.9,9.09,9514128
2023-10-10 16:00:00.288,9.07,9.2,9.05,9.12,10304425
2023-10-11 16:00:00.288,9.17,9.21,9.07,9.18,9431593
2023-10-12 16:00:00.288,9.14,9.16,8.83,8.93,11839222
2023-10-13 16:00:00.288,8.95,8.99,8.77,8.78,16208955
2023-10-16 16:00:00.288,8.83,8.93,8.68,8.91,11258917
2023-10-17 16:00:00.288,8.83,8.91,8.77,8.85,16109290
2023-10-18 16:00:00.288,8.78,8.79,8.57,8.58,17240431
2023-10-19 16:00:00.288,8.58,8.59,8.2,8.26,33088349
2023-10-20 16:00:00.288,8.25,8.36,8.2,8.2,15222187
2023-10-23 16:00:00.288,8.11,8.17,7.93,8.11,17199999
2023-10-24 16:00:00.288,7.35,7.73,7.34,7.54,43471502
2023-10-25 16:00:00.288,7.44,7.48,6.98,6.98,60663943
2023-10-26 16:00:00.288,7.0,7.31,7.0,7.13,30726056
2023-10-27 16:00:00.288,7.18,7.23,7.0,7.0,22024483
2023-10-30 16:00:00.288,6.95,7.05,6.81,6.94,17291779
2023-10-31 16:00:00.288,7.11,7.47,7.08,7.38,22784686
2023-11-01 16:00:00.288,7.35,7.8,7.33,7.76,24741647
2023-11-02 16:00:00.288,7.9,8.19,7.85,8.16,26814723
2023-11-03 16:00:00.288,8.4,8.58,8.3,8.35,22574152
2023-11-06 16:00:00.288,8.35,8.39,8.2,8.34,17668040
2023-11-07 16:00:00.288,8.32,8.48,8.22,8.46,15043551
2023-11-08 16:00:00.288,8.47,8.53,8.37,8.51,13247935
2023-11-09 16:00:00.288,8.57,8.65,8.22,8.27,15888136
2023-11-10 16:00:00.288,8.35,8.42,8.25,8.4,12512685
2023-11-13 16:00:00.288,8.3,8.45,8.25,8.44,9381047
2023-11-14 16:00:00.288,8.71,8.83,8.64,8.67,19485892
2023-11-15 16:00:00.288,8.72,8.72,8.58,8.67,14778948
2023-11-16 16:00:00.288,8.67,8.78,8.59,8.68,13384293
2023-11-17 16:00:00.288,8.73,8.83,8.61,8.7,10899363
2023-11-20 16:00:00.288,8.72,8.82,8.65,8.77,12793954
2023-11-21 16:00:00.288,8.75,8.83,8.75,8.82,14817048
2023-11-22 16:00:00.288,8.87,8.95,8.74,8.79,15064500
2023-11-24 13:05:00.096,8.79,8.84,8.69,8.71,7589793
2023-11-27 16:00:00.288,8.72,8.77,8.57,8.72,14225967
2023-11-28 16:00:00.288,8.72,8.93,8.62,8.84,17812470
2023-11-29 16:00:00.288,8.78,8.99,8.78,8.95,16352615
2023-11-30 16:00:00.288,8.95,8.99,8.79,8.82,17749288
2023-12-01 16:00:00.288,8.81,9.1,8.79,9.05,21228039
2023-12-04 16:00:00.288,9.0,9.09,8.97,9.08,13722826
2023-12-05 16:00:00.288,9.08,9.13,8.95,9.0,9665198
2023-12-06 16:00:00.288,9.04,9.08,8.85,8.91,12637041
2023-12-07 16:00:00.288,8.94,9.0,8.89,8.96,10419053
2023-12-08 16:00:00.288,8.9,9.07,8.87,9.01,10045938
2023-12-11 16:00:00.288,9.03,9.09,8.9,8.92,10591426
2023-12-12 16:00:00.288,8.93,9.03,8.87,8.95,11084005
2023-12-13 16:00:00.288,8.98,9.42,8.94,9.37,22121620
2023-12-14 16:00:00.288,9.56,9.92,9.54,9.88,28446373
2023-12-15 16:00:00.288,9.88,9.96,9.7,9.73,25772598
2023-12-18 16:00:00.288,9.77,9.84,9.68,9.73,12125010
2023-12-19 16:00:00.288,9.78,9.95,9.77,9.85,14485949
2023-12-20 16:00:00.288,9.81,9.94,9.67,9.77,13495025
2023-12-21 16:00:00.288,9.89,9.92,9.81,9.92,10338392
2023-12-22 16:00:00.288,9.95,10.02,9.91,9.95,10366578
2023-12-26 16:00:00.288,9.99,10.11,9.98,10.07,9049820
2023-12-27 16:00:00.288,10.11,10.14,10.04,10.13,13197435
2023-12-28 16:00:00.288,10.01,10.07,9.95,10.06,11073630
2023-12-29 16:00:00.288,9.93,10.02,9.81,9.81,11909292
