Date,Open,High,Low,Close,Volume
2012-01-02 15:29:59.712,4850.91,5037.83,4735.2,5028.93,61044
2012-01-03 15:29:59.712,5109.03,5429.46,5091.23,5269.25,96830
2012-01-04 15:29:59.712,5340.45,5500.67,5287.05,5420.56,39356
2012-01-05 15:29:59.712,5384.96,5384.96,5269.25,5278.15,11922
2012-01-06 15:29:59.712,5251.45,5331.55,5206.94,5251.45,14300
2012-01-09 15:29:59.712,5171.34,5313.75,5171.34,5251.45,3400
2012-01-10 15:29:59.712,5251.45,5384.96,5206.94,5260.35,21751
2012-01-11 15:29:59.712,5260.35,5384.96,5260.35,5322.65,10010
2012-01-12 15:29:59.712,5304.85,5402.76,5304.85,5349.35,29941
2012-01-13 15:29:59.712,5384.96,5384.96,5313.75,5358.26,13243
2012-01-16 15:29:59.712,5376.06,5384.96,5304.85,5376.06,18320
2012-01-17 15:29:59.712,5313.75,5384.96,5206.94,5384.96,115169
2012-01-18 15:29:59.712,5562.97,5562.97,5340.45,5340.45,20690
2012-01-19 15:29:59.712,5340.45,5376.06,5295.95,5331.55,13790
2012-01-20 15:29:59.712,5269.25,5331.55,5260.35,5278.15,13763
2012-01-25 15:29:59.712,5340.45,5340.45,5278.15,5322.65,14610
2012-01-26 15:29:59.712,5278.15,5322.65,5260.35,5287.05,28970
2012-01-27 15:29:59.712,5287.05,5313.75,5224.74,5278.15,13841
2012-01-30 15:29:59.712,5429.46,5429.46,5251.45,5251.45,16590
2012-01-31 15:29:59.712,5251.45,5331.55,5251.45,5287.05,11860
2012-02-01 15:29:59.712,5198.04,5322.65,5198.04,5287.05,1878
2012-02-02 15:29:59.712,5251.45,5313.75,5251.45,5278.15,6630
2012-02-03 15:29:59.712,5206.94,5331.55,5206.94,5251.45,1914
2012-02-06 15:29:59.712,5295.95,5295.95,5242.55,5251.45,850
2012-02-07 15:29:59.712,5198.04,5340.45,5198.04,5251.45,16074
2012-02-08 15:29:59.712,5260.35,5473.97,5260.35,5402.76,66746
2012-02-09 15:29:59.712,5429.46,5509.57,5313.75,5384.96,49180
2012-02-10 15:29:59.712,5411.66,5411.66,5260.35,5358.26,17570
2012-02-13 15:29:59.712,5295.95,5358.26,5260.35,5358.26,33850
2012-02-14 15:29:59.712,5358.26,5358.26,5287.05,5322.65,15887
2012-02-15 15:29:59.712,5340.45,5349.35,5287.05,5340.45,13120
2012-02-16 15:29:59.712,5331.55,5447.26,5287.05,5340.45,29590
2012-02-17 15:29:59.712,5295.95,5358.26,5295.95,5331.55,12524
2012-02-20 15:29:59.712,5340.45,5376.06,5295.95,5367.16,12740
2012-02-21 15:29:59.712,5402.76,5402.76,5340.45,5349.35,12340
2012-02-22 15:29:59.712,5322.65,5384.96,5278.15,5358.26,16070
2012-02-23 15:29:59.712,5349.35,5527.37,5331.55,5349.35,15970
2012-02-24 15:29:59.712,5349.35,5598.58,5304.85,5465.06,37520
2012-02-27 15:29:59.712,5465.06,5696.48,5465.06,5562.97,18240
2012-02-28 15:29:59.712,5518.47,5678.68,5518.47,5562.97,13350
2012-02-29 15:29:59.712,5518.47,5669.78,5518.47,5571.87,71421
2012-03-02 15:29:59.712,5571.87,5678.68,5527.37,5554.07,29360
2012-03-05 15:29:59.712,5545.17,5651.98,5536.27,5580.77,78160
2012-03-06 15:29:59.712,5527.37,5598.58,5473.97,5554.07,19660
2012-03-07 15:29:59.712,5456.16,5589.68,5420.56,5465.06,34540
2012-03-08 15:29:59.712,5447.26,5571.87,5438.36,5509.57,26600
2012-03-09 15:29:59.712,5473.97,6052.51,5473.97,5892.3,167370
2012-03-12 15:29:59.712,5892.3,6052.51,5740.99,5803.29,38692
2012-03-13 15:29:59.712,5803.29,5892.3,5758.79,5785.49,30240
2012-03-14 15:29:59.712,5794.39,5901.2,5776.59,5856.7,44342
2012-03-15 15:29:59.712,5963.51,5963.51,5749.89,5821.09,44501
2012-03-16 15:29:59.712,5767.69,5874.5,5732.09,5830.0,48340
2012-03-19 15:29:59.712,5776.59,5936.8,5776.59,5803.29,24243
2012-03-20 15:29:59.712,5803.29,5856.7,5740.99,5830.0,65673
2012-03-21 15:29:59.712,5794.39,5954.61,5794.39,5803.29,19530
2012-03-22 15:29:59.712,5830.0,5963.51,5794.39,5812.19,54010
2012-03-23 15:29:59.712,5758.79,5901.2,5758.79,5812.19,14413
2012-03-26 15:29:59.712,5723.19,5945.71,5723.19,5812.19,18260
2012-03-27 15:29:59.712,5723.19,5901.2,5723.19,5803.29,38690
2012-03-28 15:29:59.712,5865.6,5865.6,5740.99,5803.29,21010
2012-03-29 15:29:59.712,5696.48,5821.09,5625.28,5723.19,25828
2012-03-30 15:29:59.712,5723.19,5776.59,5643.08,5732.09,16491
2012-04-02 15:29:59.712,5651.98,5847.8,5651.98,5847.8,29073
2012-04-03 15:29:59.712,5847.8,5847.8,5758.79,5821.09,7370
2012-04-04 15:29:59.712,5821.09,5847.8,5651.98,5767.69,8807
2012-04-05 15:29:59.712,5705.38,5830.0,5616.38,5812.19,28434
2012-04-06 15:29:59.712,5740.99,5954.61,5589.68,5874.5,28031
2012-04-09 15:29:59.712,5874.5,5874.5,5705.38,5705.38,4734
2012-04-10 15:29:59.712,5651.98,5758.79,5607.48,5687.58,6531
2012-04-12 15:29:59.712,5687.58,5705.38,5562.97,5696.48,17120
2012-04-13 15:29:59.712,5687.58,5740.99,5669.78,5696.48,4377
2012-04-16 15:29:59.712,5669.78,5696.48,5616.38,5696.48,10010
2012-04-17 15:29:59.712,5643.08,5776.59,5429.46,5696.48,4470
2012-04-18 15:29:59.712,5705.38,5732.09,5580.77,5607.48,21200
2012-04-19 15:29:59.712,5687.58,5687.58,5580.77,5660.88,9490
2012-04-20 15:29:59.712,5607.48,5651.98,5580.77,5580.77,6602
2012-04-23 15:29:59.712,5536.27,5651.98,5491.77,5607.48,7328
2012-04-24 15:29:59.712,5518.47,5598.58,5456.16,5465.06,6427
2012-04-25 15:29:59.712,5562.97,5562.97,5340.45,5402.76,9100
2012-04-26 15:29:59.712,5491.77,5500.67,5358.26,5358.26,15920
2012-04-27 15:29:59.712,5411.66,5500.67,5384.96,5384.96,3736
2012-04-30 15:29:59.712,5411.66,5411.66,5349.35,5358.26,7490
2012-05-02 15:29:59.712,5340.45,5589.68,5287.05,5438.36,18244
2012-05-03 15:29:59.712,5554.07,5554.07,5438.36,5447.26,4800
2012-05-04 15:29:59.712,5447.26,5518.47,5429.46,5518.47,9210
2012-05-07 15:29:59.712,5456.16,5500.67,5411.66,5473.97,5560
2012-05-08 15:29:59.712,5473.97,5527.37,5473.97,5473.97,1731
2012-05-09 15:29:59.712,5482.87,5696.48,5482.87,5562.97,7885
2012-05-10 15:29:59.712,5598.58,5785.49,5447.26,5456.16,14319
2012-05-11 15:29:59.712,5429.46,5429.46,4655.1,5162.44,60587
2012-05-14 15:29:59.712,5144.64,5295.95,5117.94,5260.35,9080
2012-05-15 15:29:59.712,5171.34,5171.34,5011.13,5117.94,19690
2012-05-16 15:29:59.712,5233.64,5278.15,5135.74,5251.45,4176
2012-05-17 15:29:59.712,5215.84,5304.85,5215.84,5251.45,11010
2012-05-18 15:29:59.712,5162.44,5251.45,5117.94,5233.64,11451
2012-05-21 15:29:59.712,5171.34,5295.95,5073.43,5100.13,34567
2012-05-22 15:29:59.712,5144.64,5580.77,5073.43,5251.45,5020
2012-05-23 15:29:59.712,5251.45,5278.15,5171.34,5215.84,2780
2012-05-24 15:29:59.712,4717.4,5313.75,4717.4,5313.75,9460
2012-05-25 15:29:59.712,5295.95,5304.85,5215.84,5304.85,3310
2012-05-29 15:29:59.712,5304.85,5313.75,5206.94,5278.15,2380
2012-05-30 15:29:59.712,5260.35,5287.05,5144.64,5278.15,3790
2012-05-31 15:29:59.712,5278.15,5278.15,5180.24,5269.25,4720
2012-06-01 15:29:59.712,5295.95,5340.45,5162.44,5295.95,5660
2012-06-04 15:29:59.712,5144.64,5153.54,5064.53,5135.74,14190
2012-06-05 15:29:59.712,5100.13,5340.45,5100.13,5340.45,4170
2012-06-07 15:29:59.712,5269.25,5340.45,5269.25,5313.75,3540
2012-06-08 15:29:59.712,5287.05,5473.97,5269.25,5313.75,4970
2012-06-11 15:29:59.712,5313.75,5411.66,5269.25,5322.65,2950
2012-06-12 15:29:59.712,5269.25,5393.86,5269.25,5384.96,70
2012-06-13 15:29:59.712,5313.75,5340.45,5295.95,5295.95,5540
2012-06-14 15:29:59.712,5260.35,5322.65,5260.35,5304.85,2670
2012-06-15 15:29:59.712,5340.45,5340.45,5278.15,5304.85,1160
2012-06-18 15:29:59.712,5304.85,5304.85,5251.45,5269.25,10141
2012-06-19 15:29:59.712,5269.25,5295.95,5251.45,5295.95,5240
2012-06-20 15:29:59.712,5260.35,5331.55,5251.45,5295.95,9310
2012-06-21 15:29:59.712,5269.25,5340.45,5251.45,5340.45,6370
2012-06-22 15:29:59.712,5269.25,5322.65,5260.35,5322.65,5420
2012-06-25 15:29:59.712,5269.25,5322.65,5251.45,5322.65,1670
2012-06-26 15:29:59.712,5251.45,5322.65,5224.74,5322.65,7250
2012-06-27 15:29:59.712,5269.25,5384.96,5260.35,5384.96,9520
2012-06-28 15:29:59.712,5367.16,5438.36,5295.95,5438.36,2070
2012-06-29 15:29:59.712,5429.46,5465.06,5411.66,5447.26,14070
2012-07-02 15:29:59.712,5473.97,5473.97,5367.16,5420.56,1740
2012-07-03 15:29:59.712,5420.56,5545.17,5349.35,5545.17,18170
2012-07-04 15:29:59.712,5545.17,5545.17,5482.87,5545.17,3850
2012-07-05 15:29:59.712,5518.47,5545.17,5491.77,5536.27,2680
2012-07-06 15:29:59.712,5500.67,5714.29,5500.67,5660.88,46160
2012-07-09 15:29:59.712,5660.88,5740.99,5660.88,5696.48,3890
2012-07-10 15:29:59.712,5696.48,5696.48,5607.48,5687.58,5144
2012-07-11 15:29:59.712,5643.08,5785.49,5643.08,5740.99,18610
2012-07-12 15:29:59.712,5740.99,5812.19,5696.48,5758.79,20708
2012-07-13 15:29:59.712,5740.99,5821.09,5696.48,5812.19,15950
2012-07-16 15:29:59.712,5812.19,5821.09,5714.29,5767.69,17763
2012-07-17 15:29:59.712,5830.0,6105.92,5776.59,6070.32,139910
2012-07-18 15:29:59.712,6203.83,6515.35,5963.51,6043.61,171670
2012-07-19 15:29:59.712,6043.61,6319.54,5963.51,6319.54,150000
2012-07-20 15:29:59.712,6408.54,6898.09,6292.83,6542.06,215104
2012-07-23 15:29:59.712,6453.05,6728.97,6328.44,6604.36,69695
2012-07-24 15:29:59.712,6613.26,6764.57,6559.86,6764.57,216720
2012-07-25 15:29:59.712,6898.09,6933.69,6666.67,6666.67,43750
2012-07-26 15:29:59.712,6595.46,6809.08,6595.46,6720.07,67350
2012-07-27 15:29:59.712,6844.68,6844.68,6693.37,6720.07,55842
2012-07-30 15:29:59.712,6675.57,7013.8,6613.26,6960.39,112114
2012-07-31 15:29:59.712,7040.5,7120.61,6978.19,7067.2,100220
2012-08-01 15:29:59.712,7085.0,7165.11,7031.6,7093.9,55322
2012-08-02 15:29:59.712,7093.9,7120.61,6791.28,6791.28,46798
2012-08-03 15:29:59.712,6728.97,6942.59,6693.37,6942.59,17745
2012-08-06 15:29:59.712,6942.59,6942.59,6639.96,6666.67,86192
2012-08-07 15:29:59.712,6675.57,6764.57,6639.96,6648.87,34530
2012-08-08 15:29:59.712,6648.87,6764.57,6586.56,6720.07,72216
2012-08-09 15:29:59.712,6844.68,6915.89,6604.36,6773.48,96490
2012-08-10 15:29:59.712,6844.68,6898.09,6693.37,6773.48,102511
2012-08-13 15:29:59.712,6853.58,6853.58,6702.27,6720.07,35480
2012-08-14 15:29:59.712,6720.07,6746.77,6550.96,6559.86,83280
2012-08-16 15:29:59.712,6550.96,6648.87,6364.04,6417.45,82233
2012-08-17 15:29:59.712,6461.95,6604.36,6372.94,6568.76,141088
2012-08-20 15:29:59.712,6577.66,6737.87,6506.45,6568.76,45390
2012-08-21 15:29:59.712,6568.76,6817.98,6559.86,6764.57,59101
2012-08-22 15:29:59.712,6862.48,6898.09,6595.46,6898.09,67960
2012-08-23 15:29:59.712,6880.28,7031.6,6880.28,6915.89,35111
2012-08-24 15:29:59.712,6862.48,6960.39,6791.28,6800.18,31490
2012-08-27 15:29:59.712,6987.09,6987.09,6631.06,6737.87,30142
2012-08-28 15:29:59.712,6782.38,6809.08,6631.06,6746.77,62450
2012-08-29 15:29:59.712,6773.48,7325.32,6693.37,7316.42,250001
2012-08-30 15:29:59.712,7387.63,7521.14,7227.41,7441.03,163078
2012-08-31 15:29:59.712,7592.35,7592.35,7432.13,7476.64,112053
2012-09-03 15:29:59.712,7556.74,8046.28,7432.13,7912.77,230835
2012-09-04 15:29:59.712,8001.78,8144.19,7788.16,7903.87,147884
2012-09-05 15:29:59.712,7894.97,8037.38,7734.76,7841.57,61570
2012-09-06 15:29:59.712,7966.18,8179.8,7841.57,8055.18,160555
2012-09-07 15:29:59.712,8055.18,8090.79,7814.86,8010.68,99066
2012-09-10 15:29:59.712,7983.98,8179.8,7850.47,7948.38,36100
2012-09-11 15:29:59.712,7966.18,8055.18,7886.07,8046.28,48531
2012-09-12 15:29:59.712,8188.7,8455.72,8055.18,8224.3,93590
2012-09-13 15:29:59.712,8233.2,8366.71,8037.38,8153.09,21671
2012-09-14 15:29:59.712,8188.7,8188.7,7770.36,8010.68,121788
2012-09-17 15:29:59.712,8010.68,8010.68,7770.36,7823.77,56190
2012-09-18 15:29:59.712,7805.96,7992.88,7805.96,7921.67,57600
2012-09-19 15:29:59.712,8037.38,8037.38,7805.96,8001.78,40550
2012-09-20 15:29:59.712,8099.69,8829.55,7983.98,8589.23,166648
2012-09-21 15:29:59.712,8740.54,9523.81,8598.13,9167.78,248291
2012-09-24 15:29:59.712,9167.78,9256.79,8891.86,8900.76,103380
2012-09-25 15:29:59.712,8900.76,9078.77,8713.84,8891.86,82866
2012-09-26 15:29:59.712,8874.05,8989.76,8553.63,8802.85,97944
2012-09-27 15:29:59.712,8651.54,8749.44,8429.02,8589.23,91366
2012-09-28 15:29:59.712,8607.03,8900.76,8553.63,8874.05,57480
2012-10-02 15:29:59.712,8874.05,10146.86,8874.05,9790.83,213659
2012-10-04 15:29:59.712,9790.83,9968.85,9568.31,9924.34,137764
2012-10-05 15:29:59.712,9879.84,10146.86,9746.33,9879.84,102742
2012-10-08 15:29:59.712,9879.84,10146.86,9612.82,9835.34,100150
2012-10-09 15:29:59.712,9835.34,10235.87,9701.82,10235.87,169021
2012-10-10 15:29:59.712,10191.37,10280.37,9924.34,9968.85,74652
2012-10-11 15:29:59.712,9924.34,9968.85,9434.8,9746.33,86454
2012-10-12 15:29:59.712,9790.83,10369.38,9657.32,10280.37,111761
2012-10-15 15:29:59.712,10458.39,10725.41,10102.36,10413.89,99280
2012-10-16 15:29:59.712,10502.89,10502.89,8856.25,9746.33,221513
2012-10-17 15:29:59.712,9701.82,9790.83,9345.79,9746.33,70051
2012-10-18 15:29:59.712,9879.84,9879.84,8989.76,9345.79,111404
2012-10-19 15:29:59.712,9123.28,9701.82,9123.28,9434.8,37996
2012-10-22 15:29:59.712,9390.3,9568.31,8900.76,9523.81,42611
2012-10-23 15:29:59.712,9523.81,9790.83,9345.79,9701.82,61865
2012-10-24 15:29:59.712,9479.31,10146.86,9479.31,9835.34,148956
2012-10-25 15:29:59.712,10057.85,10057.85,9523.81,9523.81,47153
2012-10-26 15:29:59.712,9612.82,9657.32,8900.76,9212.28,77370
2012-10-29 15:29:59.712,9212.28,9301.29,8847.35,8891.86,58624
2012-10-30 15:29:59.712,8820.65,9345.79,8820.65,9301.29,99222
2012-10-31 15:29:59.712,9345.79,9612.82,9123.28,9434.8,28400
2012-11-01 15:29:59.712,9434.8,9657.32,9212.28,9390.3,42990
2012-11-02 15:29:59.712,9523.81,9657.32,8989.76,9167.78,44250
2012-11-05 15:29:59.712,9345.79,9390.3,8989.76,9301.29,77264
2012-11-06 15:29:59.712,9345.79,9479.31,9078.77,9256.79,29990
2012-11-07 15:29:59.712,9256.79,9434.8,8767.25,8989.76,107526
2012-11-08 15:29:59.712,8820.65,9167.78,8820.65,8989.76,42371
2012-11-09 15:29:59.712,9078.77,9390.3,8838.45,9390.3,71210
2012-11-12 15:29:59.712,9479.31,9479.31,9167.78,9301.29,92559
2012-11-13 15:29:59.712,9212.28,9568.31,9212.28,9301.29,157570
2012-11-14 15:29:59.712,9256.79,9523.81,8900.76,8900.76,90111
2012-11-15 15:29:59.712,8874.05,8874.05,8366.71,8562.53,93315
2012-11-16 15:29:59.712,8473.52,8989.76,8473.52,8900.76,155040
2012-11-19 15:29:59.712,8989.76,8989.76,8713.84,8865.15,50215
2012-11-20 15:29:59.712,8900.76,8989.76,8526.92,8607.03,72972
2012-11-21 15:29:59.712,8696.04,8696.04,8170.89,8170.89,67990
2012-11-22 15:29:59.712,8170.89,8233.2,7966.18,8170.89,84170
2012-11-23 15:29:59.712,8144.19,8500.22,8010.68,8277.7,64260
2012-11-26 15:29:59.712,8446.82,8446.82,8170.89,8322.21,61057
2012-11-27 15:29:59.712,8437.92,8437.92,8126.39,8144.19,39482
2012-11-28 15:29:59.712,8055.18,8188.7,7832.67,8010.68,58641
2012-11-29 15:29:59.712,8010.68,8170.89,7734.76,8010.68,66262
2012-11-30 15:29:59.712,8010.68,8099.69,7788.16,8010.68,66092
2012-12-03 15:29:59.712,8010.68,8331.11,8001.78,8322.21,49221
2012-12-04 15:29:59.712,8437.92,8900.76,8322.21,8900.76,125216
2012-12-05 15:29:59.712,8811.75,8847.35,8544.73,8598.13,48089
2012-12-06 15:29:59.712,8678.24,8811.75,8500.22,8589.23,47774
2012-12-07 15:29:59.712,8669.34,8669.34,8099.69,8384.51,64280
2012-12-10 15:29:59.712,8384.51,8580.33,8117.49,8197.6,44912
2012-12-11 15:29:59.712,8117.49,8331.11,8001.78,8010.68,31990
2012-12-12 15:29:59.712,7957.28,8206.5,7957.28,8206.5,42130
2012-12-13 15:29:59.712,8251.0,8322.21,7886.07,8268.8,23934
2012-12-14 15:29:59.712,8153.09,8348.91,8019.58,8019.58,47965
2012-12-17 15:29:59.712,8277.7,8411.21,8126.39,8206.5,71034
2012-12-18 15:29:59.712,8331.11,8331.11,8170.89,8206.5,31150
2012-12-20 15:29:59.712,8206.5,8268.8,8144.19,8206.5,18070
2012-12-21 15:29:59.712,8206.5,8251.0,8099.69,8233.2,14210
2012-12-24 15:29:59.712,8233.2,8687.14,8233.2,8562.53,54557
2012-12-26 15:29:59.712,8589.23,8749.44,8429.02,8455.72,32260
2012-12-27 15:29:59.712,8464.62,8544.73,8242.1,8429.02,41009
2012-12-28 15:29:59.712,8357.81,8455.72,8322.21,8411.21,23570
2013-01-02 15:29:59.712,8411.21,8491.32,8099.69,8206.5,45301
2013-01-03 15:29:59.712,8224.3,8384.51,8215.4,8215.4,30020
2013-01-04 15:29:59.712,8277.7,8526.92,8277.7,8455.72,27620
2013-01-07 15:29:59.712,8544.73,8696.04,8518.02,8678.24,46016
2013-01-08 15:29:59.712,8696.04,9212.28,8651.54,8989.76,125990
2013-01-09 15:29:59.712,9123.28,9434.8,8900.76,9301.29,139318
2013-01-10 15:29:59.712,9301.29,9568.31,9212.28,9390.3,65644
2013-01-11 15:29:59.712,9390.3,10057.85,9345.79,9790.83,187431
2013-01-14 15:29:59.712,9968.85,9968.85,9612.82,9701.82,84931
2013-01-15 15:29:59.712,9790.83,9924.34,9256.79,9612.82,139260
2013-01-16 15:29:59.712,9479.31,10191.37,9479.31,10102.36,128442
2013-01-17 15:29:59.712,10057.85,10280.37,9879.84,10146.86,83067
2013-01-18 15:29:59.712,10146.86,10235.87,10013.35,10102.36,50420
2013-01-21 15:29:59.712,10102.36,10680.91,9968.85,10547.4,76686
2013-01-22 15:29:59.712,10680.91,10769.92,10369.38,10680.91,64541
2013-01-23 15:29:59.712,10947.93,10947.93,10369.38,10636.4,52610
2013-01-24 15:29:59.712,10680.91,10814.42,9968.85,10502.89,49361
2013-01-25 15:29:59.712,10591.9,11081.44,10413.89,10858.92,64640
2013-01-28 15:29:59.712,10858.92,10992.43,10680.91,10769.92,60350
2013-01-29 15:29:59.712,10680.91,10858.92,10413.89,10680.91,41620
2013-01-30 15:29:59.712,10769.92,10858.92,10458.39,10769.92,36080
2013-01-31 15:29:59.712,10903.43,11214.95,10680.91,11036.94,97305
2013-02-01 15:29:59.712,11303.96,11303.96,10502.89,10903.43,84052
2013-02-04 15:29:59.712,10903.43,10903.43,10102.36,10102.36,100186
2013-02-05 15:29:59.712,9924.34,10191.37,9701.82,9924.34,88650
2013-02-06 15:29:59.712,10013.35,10458.39,9835.34,10280.37,84523
2013-02-07 15:29:59.712,10413.89,10547.4,10057.85,10458.39,49115
2013-02-08 15:29:59.712,10413.89,10680.91,10235.87,10324.88,31901
2013-02-12 15:29:59.712,10413.89,10458.39,10102.36,10235.87,22751
2013-02-13 15:29:59.712,10146.86,10725.41,10146.86,10725.41,43703
2013-02-14 15:29:59.712,10903.43,10992.43,10547.4,10769.92,35207
2013-02-15 15:29:59.712,10680.91,10947.93,10413.89,10903.43,49640
2013-02-18 15:29:59.712,10814.42,11214.95,10814.42,11125.95,37819
2013-02-19 15:29:59.712,11036.94,11214.95,10680.91,10680.91,71810
2013-02-20 15:29:59.712,10769.92,10903.43,10502.89,10769.92,61789
2013-02-21 15:29:59.712,10725.41,10725.41,10324.88,10324.88,56067
2013-02-22 15:29:59.712,10324.88,10413.89,10057.85,10191.37,65006
2013-02-25 15:29:59.712,10235.87,10324.88,9968.85,10146.86,38316
2013-02-26 15:29:59.712,10146.86,10235.87,9835.34,10102.36,33082
2013-02-27 15:29:59.712,10013.35,10369.38,10013.35,10280.37,30282
2013-02-28 15:29:59.712,10280.37,10413.89,10057.85,10280.37,24198
2013-03-04 15:29:59.712,10324.88,10324.88,9835.34,9879.84,63973
2013-03-05 15:29:59.712,9968.85,10324.88,9746.33,10235.87,50448
2013-03-06 15:29:59.712,10191.37,10769.92,10146.86,10636.4,72750
2013-03-07 15:29:59.712,10636.4,10725.41,10102.36,10636.4,76630
2013-03-08 15:29:59.712,10547.4,10636.4,10413.89,10458.39,34319
2013-03-11 15:29:59.712,10458.39,11125.95,10369.38,11036.94,80983
2013-03-12 15:29:59.712,11036.94,11170.45,10903.43,10992.43,64242
2013-03-13 15:29:59.712,10992.43,11036.94,10769.92,11036.94,44431
2013-03-14 15:29:59.712,11125.95,11615.49,10903.43,11526.48,78844
2013-03-15 15:29:59.712,11838.01,11838.01,11392.97,11437.47,58937
2013-03-18 15:29:59.712,11348.46,11793.5,11170.45,11481.98,62710
2013-03-19 15:29:59.712,11570.98,12149.53,11481.98,12016.02,79648
2013-03-20 15:29:59.712,11882.51,12105.03,11615.49,11882.51,73990
2013-03-21 15:29:59.712,11882.51,12105.03,11882.51,11882.51,23580
2013-03-22 15:29:59.712,12016.02,12372.05,11838.01,12149.53,37420
2013-03-25 15:29:59.712,12149.53,12594.57,11971.52,12461.06,41752
2013-03-26 15:29:59.712,12505.56,12906.1,12283.04,12817.09,39652
2013-03-27 15:29:59.712,12817.09,12995.1,12639.07,12861.59,41750
2013-03-28 15:29:59.712,12995.1,12995.1,12683.58,12772.59,75640
2013-03-29 15:29:59.712,12772.59,13084.11,12639.07,12906.1,49318
2013-04-01 15:29:59.712,13039.61,13751.67,13039.61,13262.13,97524
2013-04-02 15:29:59.712,13084.11,14597.24,13084.11,14597.24,394146
2013-04-03 15:29:59.712,14463.73,15264.8,14330.22,14864.26,324094
2013-04-04 15:29:59.712,14686.25,15086.78,14330.22,14997.77,247724
2013-04-05 15:29:59.712,15042.28,15131.29,14686.25,14908.77,106320
2013-04-08 15:29:59.712,14730.75,15131.29,13796.17,14196.71,101882
2013-04-09 15:29:59.712,14241.21,14508.23,13618.16,14419.23,128332
2013-04-10 15:29:59.712,14508.23,14508.23,14241.21,14419.23,23840
2013-04-11 15:29:59.712,14508.23,15042.28,14330.22,14686.25,63110
2013-04-12 15:29:59.712,14686.25,15264.8,14419.23,14953.27,149767
2013-04-15 15:29:59.712,14953.27,14997.77,14241.21,14953.27,120083
2013-04-16 15:29:59.712,14686.25,14730.75,14063.2,14552.74,126220
2013-04-17 15:29:59.712,14597.24,14864.26,14374.72,14819.76,83533
2013-04-18 15:29:59.712,14775.26,15620.83,14508.23,15220.29,168468
2013-04-19 15:29:59.712,15264.8,15576.32,14775.26,15131.29,108825
2013-04-22 15:29:59.712,15131.29,15576.32,14997.77,15531.82,211776
2013-04-23 15:29:59.712,15665.33,16288.38,15665.33,16110.37,220727
2013-04-24 15:29:59.712,16332.89,16866.93,15976.86,16733.42,159163
2013-04-25 15:29:59.712,16777.93,16822.43,16243.88,16822.43,119173
2013-04-26 15:29:59.712,16777.93,17222.96,16466.4,17089.45,83929
2013-04-29 15:29:59.712,17222.96,17356.48,16466.4,16911.44,58686
2013-04-30 15:29:59.712,16955.94,16955.94,16288.38,16466.4,85737
2013-05-02 15:29:59.712,16199.38,17222.96,16154.87,17133.96,80510
2013-05-03 15:29:59.712,17133.96,17623.5,16644.41,16777.93,56918
2013-05-06 15:29:59.712,16777.93,16777.93,16377.39,16510.9,39322
2013-05-07 15:29:59.712,16555.41,17089.45,16288.38,17089.45,48400
2013-05-08 15:29:59.712,17178.46,17979.53,17044.95,17846.02,119257
2013-05-09 15:29:59.712,17979.53,17979.53,17044.95,17846.02,133621
2013-05-10 15:29:59.712,17846.02,18291.05,17712.51,17846.02,93240
2013-05-13 15:29:59.712,17489.99,17846.02,17356.48,17400.98,36221
2013-05-14 15:29:59.712,17534.49,17534.49,16421.9,16955.94,128352
2013-05-15 15:29:59.712,16911.44,17178.46,16777.93,16911.44,87531
2013-05-16 15:29:59.712,16866.93,16911.44,16021.36,16466.4,81668
2013-05-20 15:29:59.712,16288.38,16777.93,15798.84,16777.93,124833
2013-05-21 15:29:59.712,16599.91,16866.93,16421.9,16733.42,41621
2013-05-22 15:29:59.712,16822.43,16955.94,16510.9,16822.43,56259
2013-05-23 15:29:59.712,16510.9,16822.43,16288.38,16733.42,44116
2013-05-24 15:29:59.712,16733.42,16733.42,16110.37,16110.37,35551
2013-05-27 15:29:59.712,16466.4,16555.41,16110.37,16421.9,34032
2013-05-28 15:29:59.712,16421.9,17044.95,16110.37,16911.44,59500
2013-05-29 15:29:59.712,16911.44,17668.0,16733.42,17668.0,80712
2013-05-30 15:29:59.712,17578.99,17578.99,17000.45,17267.47,60033
2013-05-31 15:29:59.712,17489.99,17489.99,16466.4,17044.95,96977
2013-06-03 15:29:59.712,17044.95,17445.48,16599.91,16955.94,25631
2013-06-04 15:29:59.712,16599.91,17311.97,16243.88,16822.43,31815
2013-06-05 15:29:59.712,16510.9,16510.9,15576.32,15620.83,65333
2013-06-07 15:29:59.712,15398.31,16021.36,15309.3,15620.83,43341
2013-06-10 15:29:59.712,15665.33,16688.92,15665.33,16510.9,54166
2013-06-11 15:29:59.712,16822.43,16822.43,16154.87,16332.89,30497
2013-06-12 15:29:59.712,16421.9,16955.94,16110.37,16866.93,37973
2013-06-13 15:29:59.712,16644.41,16866.93,16154.87,16644.41,19030
2013-06-14 15:29:59.712,16644.41,16644.41,16065.87,16065.87,18799
2013-06-17 15:29:59.712,15976.86,16199.38,15576.32,15709.84,28441
2013-06-18 15:29:59.712,15531.82,16332.89,15131.29,16332.89,47125
2013-06-19 15:29:59.712,16332.89,16510.9,16110.37,16199.38,13783
2013-06-20 15:29:59.712,16110.37,16288.38,15353.81,16154.87,47018
2013-06-21 15:29:59.712,15353.81,16065.87,15353.81,16021.36,26366
2013-06-24 15:29:59.712,16021.36,16021.36,15576.32,15576.32,20010
2013-06-25 15:29:59.712,15353.81,15576.32,13618.16,13707.17,101766
2013-06-26 15:29:59.712,14241.21,14819.76,14196.71,14686.25,31971
2013-06-27 15:29:59.712,15086.78,15754.34,14997.77,15442.81,38653
2013-06-28 15:29:59.712,15442.81,15576.32,15042.28,15487.32,19473
2013-07-01 15:29:59.712,15487.32,15843.35,15175.79,15709.84,27505
2013-07-02 15:29:59.712,15576.32,15709.84,15309.3,15487.32,17575
2013-07-03 15:29:59.712,15487.32,15932.35,15220.29,15264.8,24628
2013-07-04 15:29:59.712,15264.8,15665.33,15264.8,15620.83,23437
2013-07-05 15:29:59.712,15620.83,16332.89,15620.83,16065.87,26727
2013-07-08 15:29:59.712,15709.84,16021.36,15487.32,16021.36,9900
2013-07-09 15:29:59.712,16065.87,16243.88,15754.34,16243.88,10781
2013-07-10 15:29:59.712,16199.38,16332.89,15754.34,16065.87,50899
2013-07-11 15:29:59.712,16288.38,16332.89,15932.35,16154.87,19920
2013-07-12 15:29:59.712,16154.87,16288.38,15843.35,16154.87,17860
2013-07-15 15:29:59.712,16154.87,16288.38,15843.35,16154.87,12228
2013-07-16 15:29:59.712,16644.41,16644.41,16154.87,16421.9,29250
2013-07-17 15:29:59.712,16466.4,16555.41,16199.38,16510.9,35420
2013-07-18 15:29:59.712,16510.9,16644.41,15887.85,16199.38,37174
2013-07-19 15:29:59.712,16199.38,16466.4,15976.86,16377.39,28786
2013-07-22 15:29:59.712,16243.88,17356.48,16199.38,17267.47,59592
2013-07-23 15:29:59.712,17267.47,17623.5,17133.96,17356.48,43353
2013-07-24 15:29:59.712,17356.48,17489.99,17133.96,17222.96,35490
2013-07-25 15:29:59.712,17222.96,17489.99,16688.92,17400.98,33205
2013-07-26 15:29:59.712,17267.47,17801.51,17089.45,17757.01,36570
2013-07-29 15:29:59.712,17757.01,17801.51,17356.48,17489.99,27118
2013-07-30 15:29:59.712,17489.99,17935.02,17267.47,17801.51,44687
2013-07-31 15:29:59.712,17801.51,18914.11,17801.51,18691.59,102553
2013-08-01 15:29:59.712,18869.6,19225.63,18691.59,19047.62,55333
2013-08-02 15:29:59.712,19314.64,19314.64,18424.57,18602.58,35991
2013-08-05 15:29:59.712,18380.06,19225.63,18335.56,18647.09,39495
2013-08-06 15:29:59.712,18691.59,18958.61,18424.57,18513.57,31020
2013-08-07 15:29:59.712,18335.56,18424.57,17578.99,17623.5,59200
2013-08-08 15:29:59.712,17534.49,18380.06,17534.49,18291.05,51641
2013-08-09 15:29:59.712,17890.52,18424.57,17133.96,17133.96,47321
2013-08-12 15:29:59.712,17000.45,17133.96,16288.38,16510.9,62581
2013-08-13 15:29:59.712,16644.41,16688.92,16110.37,16466.4,45020
2013-08-14 15:29:59.712,16288.38,16466.4,15754.34,15976.86,100667
2013-08-16 15:29:59.712,15976.86,16377.39,15843.35,16110.37,30156
2013-08-19 15:29:59.712,16021.36,16021.36,15442.81,15843.35,53600
2013-08-20 15:29:59.712,15576.32,15798.84,15175.79,15487.32,69365
2013-08-21 15:29:59.712,15576.32,15620.83,14508.23,15487.32,71022
2013-08-22 15:29:59.712,15442.81,15442.81,14508.23,14686.25,48180
2013-08-23 15:29:59.712,14953.27,15264.8,14686.25,15131.29,29907
2013-08-26 15:29:59.712,15131.29,15131.29,14196.71,14374.72,75550
2013-08-27 15:29:59.712,14241.21,14552.74,14063.2,14241.21,36470
2013-08-28 15:29:59.712,13840.68,14641.74,13796.17,14641.74,46777
2013-08-29 15:29:59.712,14641.74,15398.31,14463.73,14864.26,52910
2013-08-30 15:29:59.712,14864.26,14864.26,14285.71,14686.25,15864
2013-09-02 15:29:59.712,14597.24,14775.26,14196.71,14374.72,23570
2013-09-03 15:29:59.712,14374.72,14463.73,14196.71,14241.21,19025
2013-09-04 15:29:59.712,14330.22,14419.23,13885.18,14374.72,17551
2013-09-05 15:29:59.712,14241.21,14374.72,13707.17,13796.17,39201
2013-09-06 15:29:59.712,13707.17,14018.69,13173.12,13840.68,76180
2013-09-09 15:29:59.712,13796.17,13929.68,13262.13,13351.13,39900
2013-09-10 15:29:59.712,13484.65,13751.67,13173.12,13573.65,36540
2013-09-11 15:29:59.712,13573.65,14285.71,13573.65,14063.2,50202
2013-09-12 15:29:59.712,14063.2,14330.22,13707.17,13885.18,33043
2013-09-13 15:29:59.712,13796.17,14330.22,13618.16,14107.7,34621
2013-09-16 15:29:59.712,14107.7,14374.72,13796.17,13929.68,39770
2013-09-17 15:29:59.712,13974.19,13974.19,13662.66,13707.17,21310
2013-09-23 15:29:59.712,13662.66,13885.18,13217.62,13262.13,39479
2013-09-24 15:29:59.712,13262.13,13573.65,12995.1,13484.65,50170
2013-09-25 15:29:59.712,13529.15,14107.7,13351.13,14018.69,36080
2013-09-26 15:29:59.712,14018.69,14819.76,13929.68,14597.24,137830
2013-09-27 15:29:59.712,14419.23,14552.74,14196.71,14330.22,38802
2013-09-30 15:29:59.712,14063.2,14508.23,14063.2,14419.23,42720
2013-10-01 15:29:59.712,14419.23,14686.25,14196.71,14686.25,24650
2013-10-02 15:29:59.712,14597.24,14775.26,14107.7,14196.71,34830
2013-10-04 15:29:59.712,14018.69,14196.71,13529.15,13662.66,46858
2013-10-07 15:29:59.712,13484.65,13618.16,13262.13,13306.63,43240
2013-10-08 15:29:59.712,13395.64,13573.65,13039.61,13573.65,31240
2013-10-10 15:29:59.712,13618.16,13751.67,13440.14,13751.67,25450
2013-10-11 15:29:59.712,13751.67,13751.67,13173.12,13351.13,64500
2013-10-14 15:29:59.712,13351.13,13484.65,12950.6,13217.62,54490
2013-10-15 15:29:59.712,13217.62,13262.13,12995.1,13173.12,57650
2013-10-16 15:29:59.712,13173.12,13395.64,13084.11,13173.12,61090
2013-10-17 15:29:59.712,13217.62,13351.13,12995.1,13173.12,44610
2013-10-18 15:29:59.712,13173.12,13929.68,13128.62,13618.16,68488
2013-10-21 15:29:59.712,13618.16,13796.17,13395.64,13573.65,35000
2013-10-22 15:29:59.712,13885.18,14063.2,13573.65,13885.18,49910
2013-10-23 15:29:59.712,14063.2,14285.71,13796.17,14107.7,53180
2013-10-24 15:29:59.712,14107.7,14241.21,13707.17,13974.19,49831
2013-10-25 15:29:59.712,13974.19,15042.28,13840.68,15042.28,116141
2013-10-28 15:29:59.712,15131.29,15487.32,14819.76,15042.28,118981
2013-10-29 15:29:59.712,14908.77,15398.31,14908.77,15309.3,99796
2013-10-30 15:29:59.712,15086.78,15309.3,14908.77,15264.8,48030
2013-10-31 15:29:59.712,14997.77,15264.8,14953.27,15086.78,34441
2013-11-01 15:29:59.712,15086.78,15576.32,14953.27,15576.32,91218
2013-11-04 15:29:59.712,15576.32,15576.32,14997.77,14997.77,25300
2013-11-05 15:29:59.712,14908.77,15220.29,14819.76,15086.78,41632
2013-11-06 15:29:59.712,14953.27,15309.3,14775.26,15264.8,25330
2013-11-07 15:29:59.712,15220.29,15398.31,14953.27,15398.31,18480
2013-11-08 15:29:59.712,15309.3,15309.3,14730.75,14775.26,41340
2013-11-11 15:29:59.712,14686.25,15042.28,14330.22,14641.74,35054
2013-11-12 15:29:59.712,14997.77,15576.32,14641.74,15042.28,73270
2013-11-13 15:29:59.712,15309.3,15309.3,14552.74,14552.74,36390
2013-11-14 15:29:59.712,14775.26,15131.29,14508.23,15131.29,18221
2013-11-15 15:29:59.712,14775.26,15398.31,14730.75,15264.8,27213
2013-11-18 15:29:59.712,15264.8,15309.3,15042.28,15131.29,10252
2013-11-19 15:29:59.712,14953.27,15175.79,14775.26,15131.29,26680
2013-11-20 15:29:59.712,15175.79,15175.79,14730.75,14775.26,22938
2013-11-21 15:29:59.712,14864.26,14953.27,14463.73,14597.24,14305
2013-11-22 15:29:59.712,14641.74,14819.76,14463.73,14552.74,14423
2013-11-25 15:29:59.712,14552.74,14864.26,14508.23,14730.75,9900
2013-11-26 15:29:59.712,14597.24,14864.26,14285.71,14775.26,22620
2013-11-27 15:29:59.712,14908.77,15175.79,14552.74,15175.79,29206
2013-11-28 15:29:59.712,15175.79,15175.79,14819.76,14953.27,28240
2013-11-29 15:29:59.712,14908.77,14953.27,14463.73,14641.74,31120
2013-12-02 15:29:59.712,14641.74,14908.77,14463.73,14463.73,13038
2013-12-03 15:29:59.712,14552.74,14819.76,14196.71,14775.26,27630
2013-12-04 15:29:59.712,14686.25,15131.29,14463.73,14508.23,17710
2013-12-05 15:29:59.712,14597.24,14953.27,14419.23,14686.25,8260
2013-12-06 15:29:59.712,14641.74,15131.29,14419.23,14641.74,9401
2013-12-09 15:29:59.712,14508.23,14686.25,14330.22,14330.22,10401
2013-12-10 15:29:59.712,14330.22,14641.74,13796.17,14241.21,16050
2013-12-11 15:29:59.712,14463.73,14463.73,13707.17,14241.21,31320
2013-12-12 15:29:59.712,14152.2,14419.23,13796.17,14018.69,12600
2013-12-13 15:29:59.712,14018.69,14196.71,13796.17,13929.68,14679
2013-12-16 15:29:59.712,14063.2,14063.2,13707.17,13885.18,9140
2013-12-17 15:29:59.712,13796.17,13974.19,13707.17,13929.68,5220
2013-12-18 15:29:59.712,13974.19,14018.69,13573.65,13751.67,8165
2013-12-19 15:29:59.712,13796.17,13796.17,13440.14,13618.16,8340
2013-12-20 15:29:59.712,13751.67,13796.17,13306.63,13395.64,20626
2013-12-23 15:29:59.712,13217.62,13618.16,13217.62,13484.65,12981
2013-12-24 15:29:59.712,13395.64,13529.15,13262.13,13440.14,12461
2013-12-26 15:29:59.712,13306.63,13529.15,13084.11,13173.12,66683
2013-12-27 15:29:59.712,13173.12,13974.19,13173.12,13885.18,23690
2013-12-30 15:29:59.712,13707.17,14107.7,13484.65,13974.19,45610
2014-01-02 15:29:59.712,14018.69,14018.69,13618.16,13707.17,16230
2014-01-03 15:29:59.712,13796.17,13885.18,13662.66,13840.68,8491
2014-01-06 15:29:59.712,13840.68,13974.19,13796.17,13929.68,17381
2014-01-07 15:29:59.712,13929.68,13974.19,13662.66,13885.18,9676
2014-01-08 15:29:59.712,13885.18,14552.74,13707.17,14419.23,29556
2014-01-09 15:29:59.712,14686.25,14686.25,14152.2,14597.24,28180
2014-01-10 15:29:59.712,14908.77,15131.29,14463.73,15042.28,55511
2014-01-13 15:29:59.712,15131.29,16199.38,14953.27,16021.36,160560
2014-01-14 15:29:59.712,16288.38,16288.38,15798.84,15798.84,60312
2014-01-15 15:29:59.712,15843.35,16421.9,15665.33,16332.89,80626
2014-01-16 15:29:59.712,16377.39,16421.9,15887.85,16021.36,29134
2014-01-17 15:29:59.712,15843.35,15976.86,15576.32,15843.35,43303
2014-01-20 15:29:59.712,15932.35,16110.37,15576.32,15843.35,28321
2014-01-21 15:29:59.712,15932.35,16021.36,15353.81,15887.85,82204
2014-01-22 15:29:59.712,15887.85,16021.36,15442.81,15798.84,18065
2014-01-23 15:29:59.712,15754.34,15843.35,15353.81,15843.35,48704
2014-01-24 15:29:59.712,15665.33,15887.85,15353.81,15843.35,23220
2014-01-27 15:29:59.712,15709.84,15754.34,15175.79,15220.29,34610
2014-01-28 15:29:59.712,15042.28,15576.32,14908.77,15398.31,23900
2014-01-29 15:29:59.712,15309.3,16332.89,15309.3,16199.38,74971
2014-02-03 15:29:59.712,16199.38,16555.41,16154.87,16466.4,36884
2014-02-04 15:29:59.712,16421.9,16421.9,15665.33,16154.87,65040
2014-02-05 15:29:59.712,16288.38,17000.45,16243.88,16777.93,91480
2014-02-06 15:29:59.712,16733.42,17044.95,16599.91,16733.42,29866
2014-02-07 15:29:59.712,16911.44,17000.45,16510.9,16822.43,31846
2014-02-10 15:29:59.712,16866.93,17089.45,16555.41,16644.41,26640
2014-02-11 15:29:59.712,16644.41,16911.44,16466.4,16911.44,33681
2014-02-12 15:29:59.712,16822.43,16955.94,16599.91,16822.43,21121
2014-02-13 15:29:59.712,16644.41,16777.93,16466.4,16688.92,20200
2014-02-14 15:29:59.712,16688.92,17267.47,16288.38,17044.95,30010
2014-02-17 15:29:59.712,17089.45,17400.98,16866.93,17356.48,41246
2014-02-18 15:29:59.712,17489.99,17668.0,17178.46,17623.5,39476
2014-02-20 15:29:59.712,17267.47,17445.48,16866.93,17356.48,17800
2014-02-21 15:29:59.712,17445.48,17445.48,16733.42,16911.44,49018
2014-02-24 15:29:59.712,16955.94,16955.94,16021.36,16777.93,57096
2014-02-25 15:29:59.712,16866.93,16911.44,16644.41,16911.44,26291
2014-02-26 15:29:59.712,16911.44,17089.45,16644.41,16866.93,20249
2014-02-27 15:29:59.712,16911.44,16911.44,16421.9,16777.93,31140
2014-02-28 15:29:59.712,16777.93,16777.93,16332.89,16332.89,39851
2014-03-03 15:29:59.712,16332.89,16332.89,15709.84,16154.87,48002
2014-03-04 15:29:59.712,16199.38,16510.9,16065.87,16421.9,26728
2014-03-05 15:29:59.712,16421.9,16644.41,16243.88,16555.41,25220
2014-03-06 15:29:59.712,16555.41,16599.91,16243.88,16466.4,25820
2014-03-07 15:29:59.712,16466.4,17000.45,16421.9,16866.93,46885
2014-03-10 15:29:59.712,17044.95,17044.95,16688.92,16733.42,19940
2014-03-11 15:29:59.712,16733.42,18246.55,16733.42,18157.54,148498
2014-03-12 15:29:59.712,18068.54,18291.05,17935.02,18157.54,49606
2014-03-13 15:29:59.712,18246.55,18691.59,18068.54,18602.58,37196
2014-03-14 15:29:59.712,18424.57,18914.11,17846.02,18602.58,33490
2014-03-17 15:29:59.712,18602.58,18602.58,17668.0,17979.53,41837
2014-03-18 15:29:59.712,17935.02,18113.04,17668.0,18113.04,31804
2014-03-19 15:29:59.712,18068.54,18113.04,17668.0,17801.51,41571
2014-03-20 15:29:59.712,17489.99,18202.05,17489.99,17801.51,51602
2014-03-21 15:29:59.712,17935.02,18068.54,17623.5,18068.54,38815
2014-03-24 15:29:59.712,18068.54,18068.54,17400.98,17801.51,56700
2014-03-25 15:29:59.712,17668.0,17712.51,17089.45,17623.5,40355
2014-03-26 15:29:59.712,17534.49,17979.53,17356.48,17979.53,134766
2014-03-27 15:29:59.712,17979.53,18068.54,17712.51,18068.54,61853
2014-03-28 15:29:59.712,18246.55,18246.55,17757.01,18246.55,285946
2014-03-31 15:29:59.712,18380.06,18869.6,17979.53,18647.09,78077
2014-04-01 15:29:59.712,18647.09,18736.09,18246.55,18335.56,75081
2014-04-02 15:29:59.712,18691.59,19581.66,18469.07,19047.62,102636
2014-04-03 15:29:59.712,18958.61,19181.13,18469.07,18736.09,81880
2014-04-04 15:29:59.712,18691.59,18958.61,18202.05,18469.07,43451
2014-04-07 15:29:59.712,18246.55,18335.56,17757.01,17935.02,37698
2014-04-08 15:29:59.712,17935.02,18513.57,17712.51,18513.57,33451
2014-04-09 15:29:59.712,18513.57,18513.57,17890.52,17979.53,37523
2014-04-10 15:29:59.712,17979.53,18202.05,17668.0,17935.02,32882
2014-04-11 15:29:59.712,17757.01,18024.03,17534.49,18024.03,17331
2014-04-14 15:29:59.712,17757.01,18024.03,17534.49,17801.51,19993
2014-04-15 15:29:59.712,17935.02,18157.54,17578.99,18024.03,23788
2014-04-16 15:29:59.712,18068.54,18113.04,17668.0,17890.52,21560
2014-04-17 15:29:59.712,17757.01,17979.53,17668.0,17890.52,20910
2014-04-18 15:29:59.712,17890.52,17935.02,17534.49,17890.52,50841
2014-04-21 15:29:59.712,18068.54,18068.54,17534.49,17623.5,28900
2014-04-22 15:29:59.712,17712.51,17801.51,17267.47,17534.49,29630
2014-04-23 15:29:59.712,17445.48,17801.51,17222.96,17489.99,43098
2014-04-24 15:29:59.712,17445.48,17801.51,17178.46,17712.51,34842
2014-04-25 15:29:59.712,17578.99,17846.02,17356.48,17356.48,15843
2014-04-28 15:29:59.712,17267.47,17534.49,16777.93,16911.44,36084
2014-04-29 15:29:59.712,16955.94,17534.49,16955.94,17445.48,17851
2014-04-30 15:29:59.712,17534.49,17578.99,17311.97,17445.48,4774
2014-05-02 15:29:59.712,17489.99,17668.0,16955.94,17623.5,12249
2014-05-07 15:29:59.712,17133.96,17623.5,17133.96,17623.5,14671
2014-05-08 15:29:59.712,17534.49,17623.5,17089.45,17623.5,16500
2014-05-09 15:29:59.712,17712.51,18024.03,17267.47,17801.51,27961
2014-05-12 15:29:59.712,17712.51,17890.52,17578.99,17712.51,8160
2014-05-13 15:29:59.712,17801.51,17846.02,17400.98,17801.51,19920
2014-05-14 15:29:59.712,17935.02,18113.04,17623.5,18068.54,27710
2014-05-15 15:29:59.712,18113.04,18113.04,17757.01,17890.52,8750
2014-05-16 15:29:59.712,17757.01,18024.03,17489.99,18024.03,11857
2014-05-19 15:29:59.712,18024.03,18024.03,17400.98,17445.48,45516
2014-05-20 15:29:59.712,17356.48,17846.02,17178.46,17400.98,32410
2014-05-21 15:29:59.712,17400.98,17578.99,16777.93,17000.45,27350
2014-05-22 15:29:59.712,17133.96,17534.49,16866.93,17400.98,35382
2014-05-23 15:29:59.712,17311.97,17489.99,16822.43,17400.98,27217
2014-05-26 15:29:59.712,17267.47,17356.48,16822.43,17000.45,24271
2014-05-27 15:29:59.712,17000.45,17000.45,16555.41,16555.41,23368
2014-05-28 15:29:59.712,16644.41,16733.42,16243.88,16510.9,26840
2014-05-29 15:29:59.712,16644.41,17089.45,16154.87,16955.94,13431
2014-05-30 15:29:59.712,16866.93,17578.99,16733.42,17222.96,25772
2014-06-02 15:29:59.712,17089.45,17311.97,16777.93,16866.93,22078
2014-06-03 15:29:59.712,16733.42,17089.45,16555.41,17000.45,23127
2014-06-05 15:29:59.712,16866.93,17534.49,16777.93,17445.48,35416
2014-06-09 15:29:59.712,17445.48,17623.5,17222.96,17578.99,18024
2014-06-10 15:29:59.712,17489.99,17623.5,17356.48,17578.99,24574
2014-06-11 15:29:59.712,17578.99,17712.51,17356.48,17623.5,10811
2014-06-12 15:29:59.712,17846.02,18558.08,17712.51,18558.08,83995
2014-06-13 15:29:59.712,18602.58,19092.12,18335.56,18914.11,51118
2014-06-16 15:29:59.712,18869.6,18914.11,18513.57,18647.09,24751
2014-06-17 15:29:59.712,18513.57,20026.7,18513.57,19759.68,83085
2014-06-18 15:29:59.712,19848.69,20204.72,19359.15,19359.15,48744
2014-06-19 15:29:59.712,19670.67,19670.67,19136.63,19492.66,29665
2014-06-20 15:29:59.712,19359.15,19715.18,19136.63,19581.66,31941
2014-06-23 15:29:59.712,19581.66,19581.66,18780.6,18869.6,37420
2014-06-24 15:29:59.712,18869.6,19136.63,18558.08,18780.6,22872
2014-06-25 15:29:59.712,18958.61,18958.61,18380.06,18825.1,32015
2014-06-26 15:29:59.712,18825.1,18825.1,18157.54,18157.54,38097
2014-06-27 15:29:59.712,18113.04,18380.06,17979.53,18246.55,25032
2014-06-30 15:29:59.712,18113.04,18602.58,17712.51,18335.56,45139
2014-07-01 15:29:59.712,18335.56,18780.6,18335.56,18469.07,33874
2014-07-02 15:29:59.712,18602.58,19403.65,18380.06,19092.12,71209
2014-07-03 15:29:59.712,19003.12,20338.23,18958.61,20115.71,90426
2014-07-04 15:29:59.712,20115.71,20471.74,19759.68,20115.71,30954
2014-07-07 15:29:59.712,19937.69,20115.71,19581.66,19848.69,24297
2014-07-08 15:29:59.712,20026.7,20382.73,19937.69,20115.71,59829
2014-07-09 15:29:59.712,19893.19,19982.2,19136.63,19225.63,70245
2014-07-10 15:29:59.712,19225.63,19270.14,18691.59,18869.6,44387
2014-07-11 15:29:59.712,18691.59,19937.69,18647.09,19848.69,101063
2014-07-14 15:29:59.712,19982.2,20382.73,19759.68,20338.23,78845
2014-07-15 15:29:59.712,20471.74,20471.74,19937.69,20026.7,60099
2014-07-16 15:29:59.712,19937.69,20382.73,19314.64,20382.73,57038
2014-07-17 15:29:59.712,20427.24,20427.24,19848.69,20382.73,38285
2014-07-18 15:29:59.712,20204.72,20738.76,19937.69,20204.72,20941
2014-07-21 15:29:59.712,20427.24,20427.24,19537.16,19537.16,27957
2014-07-22 15:29:59.712,19403.65,19670.67,19225.63,19270.14,24889
2014-07-23 15:29:59.712,19270.14,19715.18,19270.14,19314.64,25288
2014-07-24 15:29:59.712,19448.15,19715.18,19270.14,19403.65,16733
2014-07-25 15:29:59.712,19403.65,19492.66,18780.6,18780.6,41874
2014-07-28 15:29:59.712,18736.09,19270.14,18558.08,18914.11,21381
2014-07-29 15:29:59.712,18958.61,19092.12,17712.51,18825.1,63028
2014-07-30 15:29:59.712,18647.09,18869.6,17712.51,17712.51,62249
2014-07-31 15:29:59.712,17846.02,18068.54,17222.96,17979.53,38870
2014-08-01 15:29:59.712,17489.99,18513.57,17222.96,18513.57,31624
2014-08-04 15:29:59.712,18291.05,18914.11,18113.04,18647.09,29903
2014-08-05 15:29:59.712,18424.57,19136.63,18424.57,18691.59,33541
2014-08-06 15:29:59.712,18558.08,19047.62,18335.56,18691.59,15706
2014-08-07 15:29:59.712,18958.61,18958.61,17935.02,18157.54,19786
2014-08-08 15:29:59.712,18068.54,18424.57,17311.97,17534.49,42631
2014-08-11 15:29:59.712,17534.49,17801.51,17222.96,17534.49,11247
2014-08-12 15:29:59.712,17668.0,17757.01,17178.46,17712.51,25275
2014-08-13 15:29:59.712,17846.02,18246.55,17534.49,18202.05,17866
2014-08-14 15:29:59.712,18246.55,18825.1,18024.03,18335.56,39998
2014-08-18 15:29:59.712,18291.05,18825.1,18291.05,18736.09,23096
2014-08-19 15:29:59.712,18958.61,18958.61,18068.54,18335.56,28955
2014-08-20 15:29:59.712,18335.56,18424.57,17623.5,18291.05,57058
2014-08-21 15:29:59.712,18335.56,18335.56,17935.02,18157.54,17403
2014-08-22 15:29:59.712,18157.54,18157.54,17534.49,17890.52,35877
2014-08-25 15:29:59.712,17846.02,18380.06,17534.49,18291.05,37273
2014-08-26 15:29:59.712,18291.05,18602.58,18024.03,18380.06,30377
2014-08-27 15:29:59.712,18157.54,18869.6,18157.54,18780.6,28952
2014-08-28 15:29:59.712,18958.61,19403.65,18825.1,19181.13,41281
2014-08-29 15:29:59.712,19225.63,19359.15,18513.57,18691.59,17181
2014-09-01 15:29:59.712,18736.09,19136.63,18291.05,19092.12,15347
2014-09-02 15:29:59.712,19270.14,19581.66,18825.1,19403.65,25233
2014-09-03 15:29:59.712,19537.16,19537.16,19047.62,19314.64,14219
2014-09-04 15:29:59.712,19181.13,19403.65,18914.11,19003.12,15738
2014-09-05 15:29:59.712,19003.12,19403.65,18691.59,19403.65,18802
2014-09-11 15:29:59.712,19359.15,19848.69,19181.13,19759.68,36817
2014-09-12 15:29:59.712,19537.16,19893.19,19314.64,19759.68,12111
2014-09-15 15:29:59.712,19759.68,19893.19,19537.16,19670.67,13105
2014-09-16 15:29:59.712,19848.69,19848.69,19403.65,19759.68,14633
2014-09-17 15:29:59.712,19759.68,20160.21,19492.66,20115.71,51422
2014-09-18 15:29:59.712,20115.71,20427.24,19937.69,20338.23,72902
2014-09-19 15:29:59.712,20338.23,20605.25,20115.71,20605.25,63428
2014-09-22 15:29:59.712,20783.27,20827.77,20427.24,20560.75,20921
2014-09-23 15:29:59.712,20427.24,20961.28,20427.24,20916.78,29470
2014-09-24 15:29:59.712,21050.29,21317.31,20649.76,21183.8,36189
2014-09-25 15:29:59.712,21005.79,21228.3,20872.27,20916.78,27219
2014-09-26 15:29:59.712,20916.78,21139.3,20560.75,20872.27,18107
2014-09-29 15:29:59.712,20649.76,21139.3,20471.74,20916.78,21066
2014-09-30 15:29:59.712,20916.78,21806.85,20694.26,21717.85,117980
2014-10-01 15:29:59.712,21539.83,22429.91,21406.32,21851.36,96097
2014-10-02 15:29:59.712,21984.87,22207.39,21406.32,22029.37,40900
2014-10-06 15:29:59.712,21940.36,22029.37,21050.29,21628.84,35318
2014-10-07 15:29:59.712,21584.33,21584.33,20916.78,21272.81,21609
2014-10-08 15:29:59.712,20916.78,21984.87,20471.74,21628.84,55162
2014-10-10 15:29:59.712,21628.84,21717.85,20516.24,21539.83,52738
2014-10-13 15:29:59.712,21317.31,21317.31,20204.72,20827.77,67792
2014-10-14 15:29:59.712,20427.24,20961.28,20026.7,20382.73,32275
2014-10-15 15:29:59.712,20204.72,21406.32,20204.72,21317.31,46186
2014-10-16 15:29:59.712,21094.79,21851.36,20827.77,21539.83,36951
2014-10-17 15:29:59.712,21806.85,21806.85,21139.3,21361.82,31922
2014-10-20 15:29:59.712,22251.89,22251.89,21450.82,21495.33,12611
2014-10-21 15:29:59.712,21628.84,22118.38,21406.32,21717.85,25115
2014-10-22 15:29:59.712,21450.82,21851.36,21228.3,21673.34,24283
2014-10-23 15:29:59.712,21717.85,22029.37,21272.81,22029.37,22671
2014-10-24 15:29:59.712,21895.86,21895.86,21228.3,21272.81,21771
2014-10-27 15:29:59.712,20916.78,21228.3,20738.76,20961.28,177228
2014-10-28 15:29:59.712,21139.3,21183.8,20649.76,20738.76,31829
2014-10-29 15:29:59.712,20738.76,21628.84,20115.71,21361.82,70939
2014-10-30 15:29:59.712,21272.81,21317.31,20427.24,21272.81,68659
2014-10-31 15:29:59.712,21183.8,21673.34,21094.79,21272.81,38076
2014-11-03 15:29:59.712,21228.3,21628.84,20827.77,21050.29,26313
2014-11-04 15:29:59.712,20916.78,21183.8,20382.73,20649.76,41071
2014-11-05 15:29:59.712,20382.73,21183.8,19759.68,20026.7,27609
2014-11-06 15:29:59.712,20071.21,20738.76,19848.69,20471.74,42990
2014-11-07 15:29:59.712,20382.73,21361.82,20382.73,21317.31,49248
2014-11-10 15:29:59.712,20827.77,21851.36,20827.77,21450.82,32251
2014-11-11 15:29:59.712,21628.84,21806.85,21139.3,21539.83,47333
2014-11-12 15:29:59.712,21539.83,21717.85,21183.8,21628.84,24058
2014-11-13 15:29:59.712,21628.84,21851.36,20827.77,21450.82,65595
2014-11-14 15:29:59.712,21895.86,21895.86,21183.8,21361.82,41152
2014-11-17 15:29:59.712,21806.85,21806.85,20605.25,20827.77,60934
2014-11-18 15:29:59.712,21139.3,21495.33,20293.72,21317.31,53734
2014-11-19 15:29:59.712,21450.82,21450.82,21050.29,21272.81,22213
2014-11-20 15:29:59.712,21183.8,21272.81,20427.24,20738.76,49903
2014-11-21 15:29:59.712,21005.79,21361.82,20738.76,21183.8,20422
2014-11-24 15:29:59.712,21584.33,21584.33,20471.74,21228.3,38846
2014-11-25 15:29:59.712,21317.31,21317.31,20738.76,21228.3,20457
2014-11-26 15:29:59.712,21183.8,21228.3,20827.77,21005.79,17163
2014-11-27 15:29:59.712,20738.76,21228.3,20738.76,21183.8,21578
2014-11-28 15:29:59.712,21228.3,21272.81,20916.78,21094.79,8029
2014-12-01 15:29:59.712,20916.78,21495.33,20916.78,21406.32,26281
2014-12-02 15:29:59.712,21584.33,21584.33,21094.79,21361.82,7807
2014-12-03 15:29:59.712,21361.82,21673.34,21005.79,21317.31,12211
2014-12-04 15:29:59.712,21272.81,21495.33,21183.8,21272.81,9903
2014-12-05 15:29:59.712,21094.79,21539.83,21005.79,21272.81,11599
2014-12-08 15:29:59.712,21272.81,21272.81,20872.27,21183.8,12695
2014-12-09 15:29:59.712,21183.8,21183.8,20649.76,21050.29,13692
2014-12-10 15:29:59.712,21005.79,21005.79,20471.74,21005.79,23137
2014-12-11 15:29:59.712,20738.76,20738.76,20026.7,20471.74,53383
2014-12-12 15:29:59.712,20471.74,20694.26,20115.71,20560.75,21618
2014-12-15 15:29:59.712,20605.25,20605.25,20071.21,20293.72,23301
2014-12-16 15:29:59.712,20293.72,20293.72,19492.66,19492.66,29956
2014-12-17 15:29:59.712,19448.15,20026.7,19314.64,19759.68,29782
2014-12-18 15:29:59.712,19715.18,20827.77,18469.07,20649.76,98242
2014-12-19 15:29:59.712,20649.76,20694.26,20071.21,20382.73,20017
2014-12-22 15:29:59.712,20649.76,20649.76,19982.2,20026.7,21919
2014-12-23 15:29:59.712,20204.72,20471.74,19893.19,20427.24,12059
2014-12-24 15:29:59.712,20738.76,21183.8,20338.23,20916.78,18975
2014-12-26 15:29:59.712,20827.77,20827.77,20249.22,20649.76,20638
2014-12-29 15:29:59.712,20783.27,21317.31,20560.75,21094.79,38269
2014-12-30 15:29:59.712,21094.79,21272.81,21005.79,21272.81,12211
2015-01-02 15:29:59.712,21361.82,21361.82,20827.77,21272.81,13937
2015-01-05 15:29:59.712,20961.28,21628.84,20916.78,21539.83,38244
2015-01-06 15:29:59.712,21539.83,21895.86,21228.3,21717.85,21445
2015-01-08 15:29:59.712,20916.78,21228.3,20026.7,20026.7,81802
2015-01-09 15:29:59.712,20071.21,20738.76,20026.7,20516.24,25474
2015-01-12 15:29:59.712,20382.73,20605.25,19937.69,20605.25,32139
2015-01-13 15:29:59.712,20738.76,20738.76,20293.72,20649.76,10849
2015-01-14 15:29:59.712,20382.73,20783.27,20293.72,20738.76,13090
2015-01-15 15:29:59.712,20738.76,20738.76,20071.21,20427.24,29034
2015-01-16 15:29:59.712,20115.71,20293.72,19982.2,20115.71,20950
2015-01-19 15:29:59.712,20115.71,20427.24,19893.19,20071.21,11304
2015-01-20 15:29:59.712,20071.21,20471.74,19492.66,20471.74,31028
2015-01-21 15:29:59.712,20516.24,20560.75,20160.21,20427.24,19872
2015-01-22 15:29:59.712,20827.77,20827.77,20160.21,20204.72,24828
2015-01-23 15:29:59.712,20427.24,20694.26,20249.22,20560.75,18316
2015-01-26 15:29:59.712,20560.75,20738.76,20071.21,20204.72,14013
2015-01-27 15:29:59.712,20649.76,20649.76,19982.2,20071.21,15029
2015-01-28 15:29:59.712,19937.69,20916.78,19848.69,20872.27,39465
2015-01-29 15:29:59.712,20872.27,20916.78,20338.23,20916.78,29925
2015-01-30 15:29:59.712,20827.77,20916.78,20560.75,20827.77,17030
2015-02-02 15:29:59.712,20560.75,20827.77,20026.7,20605.25,26631
2015-02-03 15:29:59.712,20605.25,20738.76,20071.21,20560.75,9793
2015-02-04 15:29:59.712,20338.23,20560.75,20115.71,20338.23,16380
2015-02-05 15:29:59.712,20115.71,20293.72,19626.17,19715.18,52392
2015-02-06 15:29:59.712,19626.17,20427.24,19581.66,20382.73,27684
2015-02-09 15:29:59.712,20382.73,20427.24,20026.7,20382.73,14866
2015-02-10 15:29:59.712,20160.21,20249.22,19804.18,20249.22,21120
2015-02-11 15:29:59.712,20026.7,20160.21,19359.15,19359.15,78868
2015-02-12 15:29:59.712,19359.15,19581.66,18914.11,19314.64,46650
2015-02-13 15:29:59.712,19448.15,19448.15,18602.58,18958.61,51323
2015-02-16 15:29:59.712,18825.1,19136.63,18558.08,19136.63,25242
2015-02-17 15:29:59.712,19136.63,19492.66,18469.07,19092.12,52946
2015-02-23 15:29:59.712,19047.62,19181.13,18602.58,18958.61,27981
2015-02-24 15:29:59.712,19047.62,19136.63,18647.09,19092.12,26189
2015-02-25 15:29:59.712,19225.63,19270.14,18780.6,19225.63,39083
2015-02-26 15:29:59.712,19314.64,19314.64,18914.11,19314.64,24681
2015-02-27 15:29:59.712,19314.64,19715.18,19314.64,19715.18,13188
2015-03-02 15:29:59.712,19581.66,19715.18,19403.65,19670.67,25517
2015-03-03 15:29:59.712,19626.17,19626.17,19225.63,19225.63,21658
2015-03-04 15:29:59.712,19225.63,19537.16,18869.6,19403.65,24552
2015-03-05 15:29:59.712,19403.65,19581.66,19047.62,19270.14,65750
2015-03-06 15:29:59.712,19403.65,19403.65,19136.63,19359.15,24551
2015-03-09 15:29:59.712,19359.15,19537.16,18825.1,18869.6,35178
2015-03-10 15:29:59.712,18958.61,19047.62,18513.57,18914.11,21013
2015-03-11 15:29:59.712,18914.11,18914.11,18513.57,18825.1,25685
2015-03-12 15:29:59.712,18825.1,19047.62,18602.58,19003.12,26079
2015-03-13 15:29:59.712,19092.12,19136.63,18825.1,18914.11,17984
2015-03-16 15:29:59.712,19047.62,19136.63,18825.1,18958.61,8456
2015-03-17 15:29:59.712,18958.61,19359.15,18780.6,19314.64,16625
2015-03-18 15:29:59.712,19314.64,19314.64,18914.11,19092.12,26853
2015-03-19 15:29:59.712,19225.63,19492.66,18914.11,19448.15,19056
2015-03-20 15:29:59.712,19448.15,19448.15,18958.61,19181.13,25930
2015-03-23 15:29:59.712,19314.64,19359.15,19047.62,19136.63,14441
2015-03-24 15:29:59.712,19181.13,19537.16,18869.6,19492.66,24435
2015-03-25 15:29:59.712,20071.21,22029.37,20071.21,21139.3,210959
2015-03-26 15:29:59.712,20694.26,21228.3,20471.74,21228.3,45868
2015-03-27 15:29:59.712,20916.78,21272.81,20738.76,21272.81,25868
2015-03-30 15:29:59.712,21050.29,21139.3,20560.75,20649.76,63357
2015-03-31 15:29:59.712,20204.72,21139.3,20026.7,21094.79,104215
2015-04-01 15:29:59.712,20516.24,20738.76,19759.68,20471.74,104142
2015-04-02 15:29:59.712,20471.74,20649.76,20026.7,20071.21,52275
2015-04-03 15:29:59.712,20204.72,20605.25,19982.2,20560.75,22885
2015-04-06 15:29:59.712,20471.74,20738.76,20204.72,20694.26,22130
2015-04-07 15:29:59.712,20516.24,20694.26,20115.71,20649.76,40108
2015-04-08 15:29:59.712,20649.76,20738.76,20160.21,20516.24,25182
2015-04-09 15:29:59.712,20471.74,20694.26,20293.72,20560.75,17645
2015-04-10 15:29:59.712,20738.76,20738.76,20338.23,20338.23,33746
2015-04-13 15:29:59.712,20249.22,20605.25,19982.2,20427.24,55677
2015-04-14 15:29:59.712,20382.73,20827.77,20249.22,20694.26,57982
2015-04-15 15:29:59.712,20694.26,21183.8,20338.23,20961.28,50118
2015-04-16 15:29:59.712,20961.28,21183.8,20649.76,20916.78,48268
2015-04-17 15:29:59.712,20916.78,21539.83,20738.76,21139.3,44652
2015-04-20 15:29:59.712,20872.27,21317.31,20827.77,21005.79,26345
2015-04-21 15:29:59.712,21050.29,21228.3,20738.76,21228.3,42732
2015-04-22 15:29:59.712,21228.3,21539.83,19937.69,21005.79,51101
2015-04-23 15:29:59.712,21005.79,21005.79,20471.74,20471.74,64699
2015-04-24 15:29:59.712,20694.26,20694.26,20115.71,20338.23,29382
2015-04-27 15:29:59.712,20293.72,20605.25,20071.21,20471.74,37654
2015-04-28 15:29:59.712,20293.72,20872.27,20115.71,20694.26,31504
2015-04-29 15:29:59.712,20694.26,21005.79,20560.75,20872.27,26850
2015-04-30 15:29:59.712,20916.78,20961.28,20071.21,20783.27,39765
2015-05-04 15:29:59.712,20560.75,20605.25,20115.71,20115.71,24090
2015-05-06 15:29:59.712,20026.7,20026.7,19448.15,19581.66,31496
2015-05-07 15:29:59.712,19314.64,19848.69,18958.61,19448.15,32355
2015-05-08 15:29:59.712,19270.14,19670.67,19047.62,19314.64,29158
2015-05-11 15:29:59.712,19314.64,19670.67,19181.13,19581.66,32730
2015-05-12 15:29:59.712,19626.17,19759.68,19270.14,19403.65,6419
2015-05-13 15:29:59.712,19181.13,20026.7,18958.61,19982.2,40075
2015-05-14 15:29:59.712,19670.67,20338.23,19670.67,20249.22,26601
2015-05-15 15:29:59.712,20338.23,20382.73,19804.18,20382.73,26565
2015-05-18 15:29:59.712,20071.21,20471.74,19626.17,20471.74,33519
2015-05-19 15:29:59.712,20382.73,20382.73,19581.66,19670.67,60479
2015-05-20 15:29:59.712,19670.67,20026.7,19626.17,19670.67,16866
2015-05-21 15:29:59.712,19670.67,19759.68,19092.12,19581.66,36545
2015-05-22 15:29:59.712,19893.19,19982.2,19314.64,19982.2,19849
2015-05-26 15:29:59.712,19982.2,19982.2,19492.66,19893.19,27406
2015-05-27 15:29:59.712,19848.69,19937.69,19181.13,19759.68,25769
2015-05-28 15:29:59.712,19581.66,19670.67,18469.07,19047.62,75464
2015-05-29 15:29:59.712,19047.62,19092.12,18157.54,18602.58,71104
2015-06-01 15:29:59.712,18513.57,18647.09,17979.53,18068.54,55099
2015-06-02 15:29:59.712,18024.03,19047.62,18024.03,18958.61,43966
2015-06-03 15:29:59.712,18780.6,19047.62,18291.05,18602.58,26005
2015-06-04 15:29:59.712,18469.07,18647.09,17890.52,18113.04,29188
2015-06-05 15:29:59.712,17979.53,18157.54,17712.51,17890.52,23087
2015-06-08 15:29:59.712,17801.51,18246.55,17267.47,18024.03,25723
2015-06-09 15:29:59.712,17757.01,17846.02,17222.96,17578.99,57183
2015-06-10 15:29:59.712,17445.48,18113.04,17222.96,18113.04,30462
2015-06-11 15:29:59.712,18068.54,18246.55,17935.02,18157.54,24205
2015-06-12 15:29:59.712,17979.53,18291.05,17846.02,18157.54,29856
2015-06-15 15:29:59.712,17890.52,18068.54,17089.45,17534.49,59788
2015-06-16 15:29:59.712,17668.0,18068.54,17356.48,17979.53,26739
2015-06-17 15:29:59.712,17801.51,17890.52,17445.48,17846.02,22996
2015-06-18 15:29:59.712,17846.02,17979.53,17712.51,17979.53,45462
2015-06-19 15:29:59.712,17801.51,18068.54,17623.5,17979.53,20446
2015-06-22 15:29:59.712,17846.02,18558.08,17846.02,18469.07,23323
2015-06-23 15:29:59.712,18513.57,18736.09,18202.05,18558.08,20778
2015-06-24 15:29:59.712,18602.58,18869.6,18246.55,18780.6,27483
2015-06-25 15:29:59.712,18647.09,18869.6,18469.07,18602.58,32264
2015-06-26 15:29:59.712,18602.58,18914.11,18291.05,18914.11,31094
2015-06-29 15:29:59.712,18914.11,18914.11,18335.56,18691.59,21320
2015-06-30 15:29:59.712,18380.06,19003.12,18246.55,18958.61,36517
2015-07-01 15:29:59.712,18647.09,19003.12,18647.09,18780.6,12303
2015-07-02 15:29:59.712,18958.61,19003.12,18513.57,18558.08,24122
2015-07-03 15:29:59.712,18558.08,19047.62,18335.56,18691.59,39158
2015-07-06 15:29:59.712,18691.59,19136.63,18513.57,19047.62,31301
2015-07-07 15:29:59.712,19047.62,19403.65,18602.58,19047.62,24699
2015-07-08 15:29:59.712,18736.09,19270.14,18513.57,18869.6,22160
2015-07-09 15:29:59.712,18513.57,18869.6,18202.05,18869.6,31115
2015-07-10 15:29:59.712,18869.6,19047.62,18558.08,19003.12,21146
2015-07-13 15:29:59.712,19003.12,19448.15,18825.1,19359.15,23823
2015-07-14 15:29:59.712,19136.63,19448.15,19092.12,19359.15,9289
2015-07-15 15:29:59.712,19225.63,19314.64,18958.61,19314.64,14576
2015-07-16 15:29:59.712,19181.13,19270.14,18869.6,19270.14,16661
2015-07-17 15:29:59.712,19003.12,19270.14,18914.11,19136.63,22607
2015-07-20 15:29:59.712,19136.63,19314.64,18780.6,19092.12,18392
2015-07-21 15:29:59.712,19092.12,19181.13,18691.59,18691.59,22840
2015-07-22 15:29:59.712,18558.08,18958.61,18380.06,18691.59,24108
2015-07-23 15:29:59.712,18469.07,18914.11,18246.55,18736.09,16254
2015-07-24 15:29:59.712,18469.07,18736.09,18335.56,18602.58,11004
2015-07-27 15:29:59.712,18691.59,18691.59,18024.03,18157.54,12509
2015-07-28 15:29:59.712,18157.54,18246.55,17712.51,18157.54,10031
2015-07-29 15:29:59.712,18691.59,18691.59,17979.53,18469.07,13314
2015-07-30 15:29:59.712,18291.05,18424.57,17623.5,17712.51,28876
2015-07-31 15:29:59.712,17578.99,18068.54,17044.95,17712.51,22758
2015-08-03 15:29:59.712,17445.48,17623.5,17089.45,17089.45,11660
2015-08-04 15:29:59.712,17445.48,18024.03,17089.45,17890.52,20165
2015-08-05 15:29:59.712,18068.54,18068.54,17267.47,17534.49,17467
2015-08-06 15:29:59.712,17623.5,17668.0,17133.96,17534.49,14008
2015-08-07 15:29:59.712,17623.5,17757.01,17311.97,17712.51,13795
2015-08-10 15:29:59.712,17935.02,17935.02,17356.48,17623.5,26296
2015-08-11 15:29:59.712,17623.5,17623.5,17044.95,17222.96,23774
2015-08-12 15:29:59.712,17222.96,18068.54,15976.86,17757.01,36141
2015-08-13 15:29:59.712,17712.51,17712.51,16911.44,17534.49,29310
2015-08-17 15:29:59.712,17489.99,17489.99,17044.95,17356.48,15131
2015-08-18 15:29:59.712,17000.45,17222.96,16510.9,16822.43,23721
2015-08-19 15:29:59.712,16822.43,16822.43,15576.32,16199.38,132496
2015-08-20 15:29:59.712,15887.85,16377.39,15887.85,16288.38,86496
2015-08-21 15:29:59.712,15754.34,16599.91,15353.81,16021.36,32137
2015-08-24 15:29:59.712,16199.38,16377.39,15487.32,15976.86,23562
2015-08-25 15:29:59.712,16021.36,16688.92,15576.32,16688.92,22550
2015-08-26 15:29:59.712,16688.92,17000.45,16288.38,17000.45,18591
2015-08-27 15:29:59.712,17356.48,17356.48,16332.89,16644.41,24357
2015-08-28 15:29:59.712,16822.43,17089.45,16332.89,16822.43,26329
2015-08-31 15:29:59.712,16822.43,16911.44,16377.39,16466.4,12040
2015-09-01 15:29:59.712,16688.92,16688.92,16110.37,16510.9,14406
2015-09-02 15:29:59.712,16110.37,16421.9,15754.34,16332.89,35049
2015-09-03 15:29:59.712,16555.41,16777.93,16243.88,16733.42,26166
2015-09-04 15:29:59.712,16733.42,16777.93,15531.82,15887.85,33986
2015-09-07 15:29:59.712,15932.35,16332.89,15665.33,16065.87,9715
2015-09-08 15:29:59.712,16377.39,16377.39,15843.35,16199.38,11376
2015-09-09 15:29:59.712,16510.9,16911.44,16199.38,16866.93,17497
2015-09-10 15:29:59.712,16822.43,16822.43,16599.91,16777.93,8268
2015-09-11 15:29:59.712,16822.43,18246.55,16822.43,17979.53,51927
2015-09-14 15:29:59.712,18024.03,18024.03,17445.48,17623.5,7032
2015-09-15 15:29:59.712,17445.48,17668.0,16644.41,17311.97,19620
2015-09-16 15:29:59.712,17222.96,17489.99,17044.95,17489.99,17916
2015-09-17 15:29:59.712,17757.01,17757.01,17178.46,17534.49,14037
2015-09-18 15:29:59.712,17757.01,17757.01,17133.96,17757.01,20737
2015-09-21 15:29:59.712,17846.02,17890.52,17267.47,17801.51,10522
2015-09-22 15:29:59.712,17757.01,17846.02,17489.99,17801.51,14261
2015-09-23 15:29:59.712,17846.02,17846.02,17222.96,17356.48,14826
2015-09-24 15:29:59.712,17356.48,17578.99,17222.96,17534.49,15881
2015-09-25 15:29:59.712,17356.48,17801.51,17356.48,17801.51,18188
2015-09-30 15:29:59.712,17534.49,18157.54,17267.47,18068.54,16582
2015-10-01 15:29:59.712,17935.02,18068.54,17757.01,17979.53,6093
2015-10-02 15:29:59.712,17712.51,17979.53,17712.51,17757.01,7059
2015-10-05 15:29:59.712,17712.51,17801.51,17222.96,17222.96,16653
2015-10-06 15:29:59.712,17222.96,17801.51,17222.96,17757.01,12220
2015-10-07 15:29:59.712,17623.5,17623.5,17400.98,17623.5,3812
2015-10-08 15:29:59.712,17623.5,17668.0,16466.4,17356.48,26825
2015-10-12 15:29:59.712,17178.46,17356.48,16377.39,16377.39,29616
2015-10-13 15:29:59.712,16555.41,16555.41,15798.84,16377.39,25823
2015-10-14 15:29:59.712,16243.88,17489.99,16154.87,17356.48,19278
2015-10-15 15:29:59.712,16955.94,17668.0,16955.94,17623.5,11764
2015-10-16 15:29:59.712,17489.99,18469.07,17489.99,17801.51,87040
2015-10-19 15:29:59.712,17757.01,19136.63,17712.51,18780.6,92408
2015-10-20 15:29:59.712,18780.6,19670.67,18513.57,19670.67,64271
2015-10-21 15:29:59.712,19403.65,20382.73,19270.14,20204.72,55984
2015-10-22 15:29:59.712,19893.19,20204.72,19403.65,20071.21,30107
2015-10-23 15:29:59.712,20071.21,20382.73,19670.67,20293.72,25121
2015-10-26 15:29:59.712,20382.73,20427.24,19937.69,20293.72,24611
2015-10-27 15:29:59.712,20115.71,20427.24,19537.16,20382.73,39314
2015-10-28 15:29:59.712,20160.21,20338.23,19804.18,20160.21,37110
2015-10-29 15:29:59.712,20338.23,20427.24,19759.68,20338.23,47403
2015-10-30 15:29:59.712,20338.23,20827.77,20115.71,20516.24,65394
2015-11-02 15:29:59.712,20516.24,20605.25,19759.68,19893.19,18863
2015-11-03 15:29:59.712,20071.21,20071.21,18958.61,18958.61,29669
2015-11-04 15:29:59.712,19136.63,19136.63,18602.58,18869.6,21778
2015-11-05 15:29:59.712,18691.59,18958.61,18068.54,18380.06,47746
2015-11-06 15:29:59.712,18380.06,18602.58,17846.02,18380.06,29053
2015-11-09 15:29:59.712,18335.56,18335.56,17489.99,17979.53,35968
2015-11-10 15:29:59.712,17935.02,18113.04,17178.46,18113.04,30070
2015-11-11 15:29:59.712,17712.51,18424.57,17712.51,18113.04,37938
2015-11-12 15:29:59.712,17890.52,19537.16,17801.51,19225.63,54966
2015-11-13 15:29:59.712,19225.63,19314.64,18246.55,19136.63,75800
2015-11-16 15:29:59.712,19092.12,19225.63,18469.07,19225.63,29222
2015-11-17 15:29:59.712,19492.66,20026.7,18869.6,19937.69,54534
2015-11-18 15:29:59.712,19937.69,20204.72,19270.14,19759.68,48907
2015-11-19 15:29:59.712,20026.7,20026.7,19314.64,19626.17,18488
2015-11-20 15:29:59.712,19670.67,19937.69,18469.07,19937.69,79117
2015-11-23 15:29:59.712,20115.71,20115.71,19181.13,19492.66,30019
2015-11-24 15:29:59.712,19804.18,19804.18,19047.62,19314.64,21224
2015-11-25 15:29:59.712,19537.16,19537.16,18780.6,19003.12,28354
2015-11-26 15:29:59.712,19047.62,19448.15,19047.62,19448.15,25425
2015-11-27 15:29:59.712,19759.68,19759.68,18780.6,19403.65,38312
2015-11-30 15:29:59.712,19047.62,19359.15,18780.6,19270.14,24772
2015-12-01 15:29:59.712,19359.15,19403.65,18825.1,18825.1,29323
2015-12-02 15:29:59.712,19359.15,19937.69,18691.59,18825.1,49230
2015-12-03 15:29:59.712,18691.59,19092.12,18602.58,19092.12,17053
2015-12-04 15:29:59.712,19092.12,19092.12,18869.6,19047.62,8467
2015-12-07 15:29:59.712,19047.62,19759.68,18691.59,19759.68,35187
2015-12-08 15:29:59.712,19759.68,19982.2,19136.63,19893.19,27887
2015-12-09 15:29:59.712,20115.71,20204.72,19626.17,19937.69,29372
2015-12-10 15:29:59.712,19937.69,20382.73,19403.65,19982.2,34829
2015-12-11 15:29:59.712,20026.7,20338.23,19403.65,19581.66,44526
2015-12-14 15:29:59.712,19403.65,19581.66,18869.6,19314.64,24781
2015-12-15 15:29:59.712,19314.64,19359.15,18424.57,18424.57,57763
2015-12-16 15:29:59.712,18691.59,18736.09,17979.53,18647.09,39516
2015-12-17 15:29:59.712,19003.12,19003.12,18291.05,18869.6,22382
2015-12-18 15:29:59.712,19047.62,19804.18,18647.09,19759.68,43377
2015-12-21 15:29:59.712,19848.69,20115.71,19270.14,20026.7,29960
2015-12-22 15:29:59.712,20204.72,20204.72,19448.15,19715.18,26979
2015-12-23 15:29:59.712,19715.18,19937.69,19403.65,19715.18,11441
2015-12-24 15:29:59.712,19581.66,19893.19,19092.12,19804.18,44240
2015-12-28 15:29:59.712,19492.66,19759.68,18958.61,19626.17,53132
2015-12-29 15:29:59.712,19804.18,20560.75,19537.16,20382.73,64802
2015-12-30 15:29:59.712,20471.74,22474.41,19982.2,21495.33,80292
2016-01-04 15:29:59.712,22029.37,22029.37,20872.27,21050.29,57602
2016-01-05 15:29:59.712,20916.78,20961.28,20560.75,20738.76,24321
2016-01-06 15:29:59.712,20872.27,21050.29,20338.23,20916.78,34189
2016-01-07 15:29:59.712,21050.29,21139.3,20115.71,20516.24,34102
2016-01-08 15:29:59.712,20115.71,20516.24,19759.68,20204.72,29219
2016-01-11 15:29:59.712,20204.72,20427.24,19581.66,19937.69,32518
2016-01-12 15:29:59.712,19715.18,20160.21,19670.67,20071.21,15851
2016-01-13 15:29:59.712,20249.22,20382.73,19893.19,20204.72,16946
2016-01-14 15:29:59.712,19937.69,20160.21,19537.16,20115.71,15292
2016-01-15 15:29:59.712,19848.69,20115.71,19626.17,19759.68,20542
2016-01-18 15:29:59.712,19314.64,19893.19,19225.63,19848.69,25686
2016-01-19 15:29:59.712,19804.18,20026.7,19492.66,19893.19,12326
2016-01-20 15:29:59.712,19670.67,19893.19,18068.54,18691.59,76998
2016-01-21 15:29:59.712,18647.09,19003.12,17979.53,18602.58,20312
2016-01-22 15:29:59.712,18513.57,18914.11,18202.05,18513.57,24800
2016-01-25 15:29:59.712,18869.6,19047.62,18558.08,18869.6,14657
2016-01-26 15:29:59.712,18558.08,18958.61,18558.08,18825.1,7081
2016-01-27 15:29:59.712,18869.6,19092.12,18691.59,19092.12,20156
2016-01-28 15:29:59.712,19047.62,19448.15,18780.6,19314.64,29312
2016-01-29 15:29:59.712,19448.15,19893.19,19225.63,19759.68,32912
2016-02-01 15:29:59.712,19759.68,20026.7,19537.16,19848.69,11394
2016-02-02 15:29:59.712,20026.7,20026.7,19537.16,19848.69,20918
2016-02-03 15:29:59.712,19848.69,19982.2,19181.13,19804.18,19091
2016-02-04 15:29:59.712,19848.69,20160.21,19537.16,20115.71,16689
2016-02-05 15:29:59.712,19893.19,20204.72,19581.66,20160.21,22544
2016-02-11 15:29:59.712,19715.18,19848.69,19136.63,19136.63,15208
2016-02-12 15:29:59.712,19047.62,19047.62,17935.02,19047.62,32659
2016-02-15 15:29:59.712,19047.62,20026.7,18602.58,18914.11,13345
2016-02-16 15:29:59.712,18914.11,19403.65,18825.1,19359.15,12118
2016-02-17 15:29:59.712,19047.62,19804.18,19003.12,19804.18,9968
2016-02-18 15:29:59.712,19670.67,20382.73,19537.16,20382.73,18398
2016-02-19 15:29:59.712,20382.73,20427.24,20071.21,20338.23,17028
2016-02-22 15:29:59.712,20338.23,20338.23,20026.7,20293.72,16829
2016-02-23 15:29:59.712,20293.72,20827.77,20204.72,20427.24,42761
2016-02-24 15:29:59.712,20471.74,20471.74,20160.21,20204.72,8843
2016-02-25 15:29:59.712,20249.22,20338.23,19715.18,19893.19,26818
2016-02-26 15:29:59.712,20026.7,20026.7,19136.63,19759.68,61363
2016-02-29 15:29:59.712,19759.68,20160.21,19448.15,19982.2,18567
2016-03-02 15:29:59.712,19848.69,20115.71,19448.15,19492.66,34837
2016-03-03 15:29:59.712,19670.67,19937.69,19492.66,19848.69,20482
2016-03-04 15:29:59.712,19848.69,19893.19,19581.66,19581.66,14289
2016-03-07 15:29:59.712,19670.67,20115.71,19537.16,19848.69,38110
2016-03-08 15:29:59.712,19937.69,20738.76,19937.69,20738.76,36330
2016-03-09 15:29:59.712,20560.75,20872.27,20471.74,20649.76,22225
2016-03-10 15:29:59.712,20649.76,20872.27,20338.23,20649.76,20035
2016-03-11 15:29:59.712,20605.25,21272.81,20471.74,21139.3,32197
2016-03-14 15:29:59.712,21139.3,21139.3,20471.74,20516.24,18667
2016-03-15 15:29:59.712,20516.24,20560.75,20071.21,20382.73,8768
2016-03-16 15:29:59.712,20204.72,20961.28,19937.69,20694.26,19662
2016-03-17 15:29:59.712,20694.26,20916.78,20338.23,20738.76,4789
2016-03-18 15:29:59.712,20738.76,20961.28,20471.74,20738.76,17474
2016-03-21 15:29:59.712,20738.76,20916.78,20382.73,20694.26,15822
2016-03-22 15:29:59.712,20605.25,20738.76,20471.74,20694.26,8420
2016-03-23 15:29:59.712,20738.76,21005.79,20427.24,20827.77,14875
2016-03-24 15:29:59.712,20694.26,21050.29,20694.26,20827.77,9455
2016-03-25 15:29:59.712,20738.76,20916.78,20427.24,20605.25,11213
2016-03-28 15:29:59.712,20605.25,20783.27,20382.73,20694.26,12890
2016-03-29 15:29:59.712,20516.24,20916.78,20471.74,20916.78,11250
2016-03-30 15:29:59.712,20872.27,21717.85,20694.26,21673.34,29086
2016-03-31 15:29:59.712,21673.34,21717.85,20160.21,21317.31,52080
2016-04-01 15:29:59.712,21139.3,21361.82,20872.27,21317.31,20981
2016-04-04 15:29:59.712,21272.81,21628.84,20872.27,21361.82,28069
2016-04-05 15:29:59.712,21050.29,21584.33,20961.28,21361.82,15102
2016-04-06 15:29:59.712,21539.83,21539.83,20872.27,20916.78,16286
2016-04-07 15:29:59.712,20961.28,21094.79,20338.23,20694.26,31789
2016-04-08 15:29:59.712,20694.26,21094.79,20160.21,20738.76,24713
2016-04-11 15:29:59.712,20560.75,20738.76,20115.71,20115.71,24806
2016-04-12 15:29:59.712,20204.72,20293.72,19359.15,19670.67,51627
2016-04-14 15:29:59.712,19670.67,19937.69,19225.63,19314.64,32501
2016-04-15 15:29:59.712,19492.66,19492.66,18602.58,18869.6,69137
2016-04-18 15:29:59.712,18647.09,19181.13,18513.57,18558.08,32379
2016-04-19 15:29:59.712,18602.58,18691.59,18024.03,18024.03,46713
2016-04-20 15:29:59.712,18202.05,19003.12,18157.54,18869.6,56969
2016-04-21 15:29:59.712,18958.61,19225.63,18335.56,19047.62,33651
2016-04-22 15:29:59.712,18958.61,18958.61,18647.09,18958.61,25434
2016-04-25 15:29:59.712,18914.11,19136.63,18558.08,18958.61,17372
2016-04-26 15:29:59.712,18958.61,18958.61,18424.57,18513.57,18238
2016-04-27 15:29:59.712,18469.07,19181.13,18424.57,19047.62,39443
2016-04-28 15:29:59.712,19047.62,19181.13,18914.11,19181.13,21478
2016-04-29 15:29:59.712,19003.12,19003.12,18647.09,18780.6,21128
2016-05-02 15:29:59.712,18914.11,18914.11,18335.56,18335.56,8955
2016-05-03 15:29:59.712,18291.05,19092.12,18202.05,19092.12,18450
2016-05-04 15:29:59.712,18958.61,19092.12,18602.58,18958.61,9486
2016-05-09 15:29:59.712,19092.12,19092.12,18736.09,18958.61,6526
2016-05-10 15:29:59.712,18958.61,19448.15,18691.59,19448.15,18810
2016-05-11 15:29:59.712,19225.63,19982.2,19225.63,19492.66,26803
2016-05-12 15:29:59.712,19492.66,19492.66,19092.12,19314.64,17104
2016-05-13 15:29:59.712,19403.65,19893.19,19314.64,19626.17,14506
2016-05-16 15:29:59.712,19848.69,19848.69,19403.65,19626.17,14279
2016-05-17 15:29:59.712,19626.17,19715.18,19181.13,19626.17,16892
2016-05-18 15:29:59.712,19403.65,19537.16,19136.63,19492.66,9485
2016-05-19 15:29:59.712,19225.63,19359.15,18736.09,19181.13,25290
2016-05-20 15:29:59.712,19181.13,19492.66,18914.11,19492.66,11929
2016-05-23 15:29:59.712,19581.66,19581.66,19047.62,19359.15,11303
2016-05-24 15:29:59.712,19136.63,19359.15,18825.1,19225.63,15040
2016-05-25 15:29:59.712,19403.65,19403.65,19003.12,19136.63,7890
2016-05-26 15:29:59.712,19003.12,19314.64,18869.6,19136.63,10202
2016-05-27 15:29:59.712,19136.63,19270.14,18736.09,18914.11,10976
2016-05-30 15:29:59.712,19136.63,19403.65,18780.6,19359.15,7516
2016-05-31 15:29:59.712,19181.13,19314.64,18825.1,18825.1,25505
2016-06-01 15:29:59.712,18825.1,19225.63,18825.1,19181.13,9689
2016-06-02 15:29:59.712,19314.64,19581.66,18914.11,19581.66,12173
2016-06-03 15:29:59.712,19581.66,19581.66,19003.12,19270.14,12284
2016-06-07 15:29:59.712,19181.13,19403.65,18958.61,19047.62,14123
2016-06-08 15:29:59.712,18825.1,19136.63,18691.59,19047.62,13300
2016-06-09 15:29:59.712,18869.6,19092.12,18113.04,18513.57,62898
2016-06-10 15:29:59.712,18202.05,18558.08,18024.03,18558.08,35773
2016-06-13 15:29:59.712,18380.06,18602.58,18246.55,18291.05,10427
2016-06-14 15:29:59.712,18157.54,18691.59,18068.54,18691.59,17398
2016-06-15 15:29:59.712,18513.57,18780.6,18424.57,18736.09,22919
2016-06-16 15:29:59.712,18469.07,18691.59,18202.05,18513.57,23028
2016-06-17 15:29:59.712,18513.57,19003.12,18291.05,19003.12,21507
2016-06-20 15:29:59.712,19047.62,19181.13,18825.1,19181.13,13524
2016-06-21 15:29:59.712,18914.11,19448.15,18825.1,19403.65,11626
2016-06-22 15:29:59.712,19403.65,19403.65,19047.62,19359.15,10842
2016-06-23 15:29:59.712,19403.65,19448.15,19003.12,19003.12,8012
2016-06-24 15:29:59.712,19181.13,19225.63,18202.05,18869.6,16861
2016-06-27 15:29:59.712,18068.54,18869.6,17890.52,18335.56,11504
2016-06-28 15:29:59.712,18335.56,18869.6,18157.54,18869.6,13641
2016-06-29 15:29:59.712,19181.13,19581.66,18780.6,19492.66,28062
2016-06-30 15:29:59.712,19359.15,19581.66,19270.14,19537.16,24759
2016-07-01 15:29:59.712,19581.66,19581.66,19225.63,19403.65,10602
2016-07-04 15:29:59.712,19270.14,19581.66,18914.11,19403.65,23971
2016-07-05 15:29:59.712,19403.65,19403.65,19003.12,19136.63,8620
2016-07-06 15:29:59.712,18914.11,19181.13,18780.6,19136.63,9551
2016-07-07 15:29:59.712,18914.11,19136.63,18914.11,19003.12,15624
2016-07-08 15:29:59.712,19136.63,19136.63,18380.06,18602.58,37625
2016-07-11 15:29:59.712,18380.06,18869.6,18335.56,18558.08,17593
2016-07-12 15:29:59.712,18558.08,18558.08,17979.53,18113.04,37542
2016-07-13 15:29:59.712,18202.05,18602.58,18024.03,18513.57,20470
2016-07-14 15:29:59.712,18513.57,18513.57,17890.52,18291.05,57008
2016-07-15 15:29:59.712,18157.54,18291.05,17935.02,18024.03,30060
2016-07-18 15:29:59.712,18113.04,18113.04,17668.0,17757.01,47130
2016-07-19 15:29:59.712,17489.99,17935.02,17489.99,17846.02,25353
2016-07-20 15:29:59.712,17890.52,18068.54,17757.01,18024.03,13225
2016-07-21 15:29:59.712,17890.52,18024.03,17489.99,17801.51,24944
2016-07-22 15:29:59.712,17757.01,17801.51,17489.99,17757.01,26300
2016-07-25 15:29:59.712,17801.51,17801.51,17489.99,17668.0,14555
2016-07-26 15:29:59.712,17578.99,17668.0,17489.99,17623.5,12028
2016-07-27 15:29:59.712,17623.5,17712.51,17311.97,17623.5,17142
2016-07-28 15:29:59.712,17356.48,17623.5,17311.97,17445.48,24646
2016-07-29 15:29:59.712,17534.49,17578.99,17178.46,17267.47,26398
2016-08-01 15:29:59.712,17178.46,17445.48,16866.93,16866.93,34098
2016-08-02 15:29:59.712,16911.44,17267.47,16911.44,17178.46,15903
2016-08-03 15:29:59.712,17178.46,17445.48,16866.93,17222.96,20385
2016-08-04 15:29:59.712,17356.48,17356.48,17000.45,17133.96,18705
2016-08-05 15:29:59.712,17222.96,17445.48,16911.44,17400.98,15024
2016-08-08 15:29:59.712,17222.96,17668.0,17222.96,17356.48,11564
2016-08-09 15:29:59.712,17534.49,17534.49,17133.96,17178.46,8398
2016-08-10 15:29:59.712,17311.97,17534.49,16866.93,17445.48,12214
2016-08-11 15:29:59.712,17445.48,17935.02,17133.96,17890.52,28769
2016-08-12 15:29:59.712,17846.02,18246.55,17489.99,18113.04,27166
2016-08-16 15:29:59.712,17757.01,17979.53,17489.99,17578.99,21027
2016-08-17 15:29:59.712,17668.0,17801.51,17133.96,17445.48,28075
2016-08-18 15:29:59.712,17178.46,17311.97,16911.44,17000.45,46408
2016-08-19 15:29:59.712,16911.44,17222.96,16866.93,17044.95,35120
2016-08-22 15:29:59.712,16866.93,17935.02,16644.41,17356.48,41838
2016-08-23 15:29:59.712,17133.96,17400.98,16822.43,16911.44,19225
2016-08-24 15:29:59.712,17044.95,17757.01,16866.93,17534.49,44029
2016-08-25 15:29:59.712,17534.49,17890.52,17133.96,17222.96,13386
2016-08-26 15:29:59.712,17089.45,17757.01,17089.45,17668.0,17496
2016-08-29 15:29:59.712,17668.0,17757.01,17267.47,17489.99,8101
2016-08-30 15:29:59.712,17311.97,17712.51,17222.96,17400.98,21972
2016-08-31 15:29:59.712,17400.98,17534.49,17000.45,17445.48,12841
2016-09-01 15:29:59.712,17222.96,17445.48,17044.95,17178.46,15340
2016-09-02 15:29:59.712,17267.47,17267.47,16866.93,16955.94,30335
2016-09-05 15:29:59.712,16911.44,17044.95,16733.42,16866.93,17825
2016-09-06 15:29:59.712,16733.42,16911.44,16466.4,16733.42,31516
2016-09-07 15:29:59.712,16599.91,16688.92,16377.39,16466.4,363058
2016-09-08 15:29:59.712,16466.4,16777.93,16110.37,16510.9,18750
2016-09-09 15:29:59.712,16199.38,16733.42,16065.87,16644.41,25293
2016-09-12 15:29:59.712,16288.38,16822.43,16199.38,16688.92,17415
2016-09-13 15:29:59.712,16733.42,16733.42,16154.87,16377.39,22994
2016-09-19 15:29:59.712,16377.39,16377.39,16199.38,16288.38,20414
2016-09-20 15:29:59.712,16555.41,16644.41,16332.89,16644.41,18145
2016-09-21 15:29:59.712,16777.93,16777.93,16332.89,16644.41,17937
2016-09-22 15:29:59.712,16599.91,17222.96,16555.41,17178.46,40478
2016-09-23 15:29:59.712,17044.95,17400.98,16911.44,17356.48,29074
2016-09-26 15:29:59.712,17356.48,17445.48,17089.45,17267.47,21078
2016-09-27 15:29:59.712,17356.48,17534.49,16866.93,17445.48,40306
2016-09-28 15:29:59.712,17623.5,17801.51,17267.47,17489.99,30904
2016-09-29 15:29:59.712,17311.97,17757.01,17311.97,17668.0,48438
2016-09-30 15:29:59.712,17445.48,17846.02,17445.48,17757.01,42038
2016-10-04 15:29:59.712,17578.99,17801.51,17267.47,17400.98,23868
2016-10-05 15:29:59.712,17489.99,17489.99,16777.93,16955.94,53516
2016-10-06 15:29:59.712,17000.45,17089.45,16377.39,16377.39,52613
2016-10-07 15:29:59.712,16288.38,16466.4,15932.35,16110.37,58822
2016-10-10 15:29:59.712,16154.87,16154.87,15442.81,15709.84,46062
2016-10-11 15:29:59.712,15531.82,15709.84,15086.78,15309.3,56429
2016-10-12 15:29:59.712,15264.8,15264.8,14686.25,14953.27,140225
2016-10-13 15:29:59.712,14997.77,16288.38,14997.77,15798.84,135502
2016-10-14 15:29:59.712,15620.83,15932.35,15487.32,15798.84,36312
2016-10-17 15:29:59.712,15665.33,15932.35,15576.32,15887.85,47154
2016-10-18 15:29:59.712,15887.85,16065.87,15754.34,15798.84,75208
2016-10-19 15:29:59.712,15843.35,16110.37,15754.34,16021.36,61725
2016-10-20 15:29:59.712,15843.35,16110.37,15798.84,16065.87,24895
2016-10-21 15:29:59.712,16110.37,16199.38,15665.33,15976.86,69461
2016-10-24 15:29:59.712,15754.34,15976.86,15620.83,15620.83,56665
2016-10-25 15:29:59.712,15620.83,15932.35,15398.31,15798.84,24891
2016-10-26 15:29:59.712,15798.84,15932.35,15576.32,15843.35,19715
2016-10-27 15:29:59.712,15754.34,15932.35,15709.84,15887.85,18661
2016-10-28 15:29:59.712,15709.84,15932.35,15709.84,15798.84,14429
2016-10-31 15:29:59.712,15620.83,15843.35,15442.81,15665.33,25858
2016-11-01 15:29:59.712,15665.33,15709.84,15487.32,15531.82,44059
2016-11-02 15:29:59.712,15531.82,15576.32,15086.78,15086.78,50160
2016-11-03 15:29:59.712,15620.83,15620.83,14953.27,15131.29,69494
2016-11-04 15:29:59.712,15131.29,15131.29,14864.26,14953.27,72744
2016-11-07 15:29:59.712,15042.28,15309.3,14953.27,15175.79,25259
2016-11-08 15:29:59.712,15175.79,15353.81,15086.78,15309.3,23908
2016-11-09 15:29:59.712,15220.29,15442.81,14463.73,15175.79,67314
2016-11-10 15:29:59.712,15175.79,16288.38,15175.79,16199.38,48536
2016-11-11 15:29:59.712,15976.86,16421.9,15976.86,16421.9,23890
2016-11-14 15:29:59.712,16199.38,16466.4,16021.36,16288.38,33392
2016-11-15 15:29:59.712,16199.38,16377.39,15887.85,16288.38,21670
2016-11-16 15:29:59.712,16421.9,16421.9,15976.86,16021.36,17291
2016-11-17 15:29:59.712,16065.87,16466.4,15843.35,16466.4,18994
2016-11-18 15:29:59.712,16466.4,16599.91,16021.36,16288.38,23843
2016-11-21 15:29:59.712,16288.38,16288.38,15976.86,16021.36,10112
2016-11-22 15:29:59.712,16021.36,16199.38,15709.84,16021.36,72195
2016-11-23 15:29:59.712,16021.36,16021.36,15665.33,15976.86,20958
2016-11-24 15:29:59.712,15976.86,15976.86,15576.32,15576.32,15627
2016-11-25 15:29:59.712,15309.3,15887.85,15220.29,15887.85,16104
2016-11-28 15:29:59.712,15576.32,16021.36,15353.81,15398.31,20789
2016-11-29 15:29:59.712,15309.3,15442.81,15175.79,15264.8,10712
2016-11-30 15:29:59.712,15264.8,15353.81,14419.23,15264.8,29956
2016-12-01 15:29:59.712,14953.27,15620.83,14953.27,15620.83,20063
2016-12-02 15:29:59.712,15754.34,16021.36,15264.8,15487.32,10271
2016-12-05 15:29:59.712,15487.32,15487.32,14953.27,14953.27,21574
2016-12-06 15:29:59.712,15086.78,15442.81,15042.28,15309.3,8824
2016-12-07 15:29:59.712,15353.81,15353.81,14775.26,15131.29,24341
2016-12-08 15:29:59.712,15131.29,15353.81,14953.27,15131.29,17316
2016-12-09 15:29:59.712,15042.28,15442.81,14997.77,15398.31,30584
2016-12-12 15:29:59.712,15175.79,15798.84,15131.29,15487.32,28787
2016-12-13 15:29:59.712,15264.8,15442.81,15131.29,15131.29,42056
2016-12-14 15:29:59.712,15264.8,15754.34,15131.29,15531.82,26219
2016-12-15 15:29:59.712,15442.81,15620.83,15353.81,15576.32,19115
2016-12-16 15:29:59.712,15754.34,15754.34,15576.32,15620.83,14051
2016-12-19 15:29:59.712,15576.32,15754.34,15353.81,15487.32,6186
2016-12-20 15:29:59.712,15398.31,15665.33,15309.3,15620.83,23153
2016-12-21 15:29:59.712,15620.83,15620.83,15131.29,15175.79,36780
2016-12-22 15:29:59.712,15264.8,15531.82,15131.29,15353.81,23567
2016-12-23 15:29:59.712,15353.81,15576.32,15220.29,15531.82,33292
2016-12-26 15:29:59.712,15531.82,15576.32,15353.81,15487.32,13165
2016-12-27 15:29:59.712,15487.32,15976.86,15442.81,15887.85,76187
2016-12-28 15:29:59.712,15798.84,15887.85,15709.84,15887.85,28532
2016-12-29 15:29:59.712,15887.85,15932.35,15665.33,15709.84,54169
2017-01-02 15:29:59.712,15620.83,15798.84,15398.31,15665.33,31589
2017-01-03 15:29:59.712,15754.34,15843.35,15353.81,15353.81,46260
2017-01-04 15:29:59.712,15442.81,15620.83,15220.29,15220.29,32621
2017-01-05 15:29:59.712,15220.29,15487.32,15131.29,15220.29,27230
2017-01-06 15:29:59.712,15398.31,15487.32,15220.29,15309.3,16704
2017-01-09 15:29:59.712,15309.3,15531.82,15086.78,15131.29,29446
2017-01-10 15:29:59.712,15131.29,15264.8,14864.26,15131.29,30859
2017-01-11 15:29:59.712,15309.3,15309.3,14953.27,15042.28,29931
2017-01-12 15:29:59.712,15131.29,15131.29,14775.26,14775.26,28013
2017-01-13 15:29:59.712,14730.75,14997.77,14730.75,14997.77,26270
2017-01-16 15:29:59.712,14997.77,15665.33,14997.77,14997.77,59331
2017-01-17 15:29:59.712,15309.3,15754.34,15131.29,15131.29,84699
2017-01-18 15:29:59.712,15131.29,15442.81,15086.78,15442.81,18392
2017-01-19 15:29:59.712,15398.31,15665.33,15220.29,15531.82,33076
2017-01-20 15:29:59.712,15353.81,15709.84,15309.3,15398.31,26983
2017-01-23 15:29:59.712,15398.31,15398.31,15086.78,15131.29,31699
2017-01-24 15:29:59.712,15086.78,15353.81,15042.28,15220.29,20784
2017-01-25 15:29:59.712,15398.31,15442.81,15175.79,15264.8,24668
2017-01-26 15:29:59.712,15309.3,15487.32,15220.29,15309.3,19673
2017-01-31 15:29:59.712,15220.29,16199.38,15086.78,15932.35,109566
2017-02-01 15:29:59.712,15932.35,15976.86,15665.33,15798.84,32384
2017-02-02 15:29:59.712,15665.33,15932.35,15665.33,15887.85,17933
2017-02-03 15:29:59.712,15843.35,16822.43,15798.84,16377.39,129455
2017-02-06 15:29:59.712,16377.39,16421.9,15932.35,16021.36,42148
2017-02-07 15:29:59.712,16110.37,16555.41,16021.36,16466.4,26501
2017-02-08 15:29:59.712,16332.89,16555.41,16199.38,16199.38,27904
2017-02-09 15:29:59.712,16199.38,16288.38,15932.35,16243.88,26448
2017-02-10 15:29:59.712,16288.38,16332.89,16065.87,16332.89,15818
2017-02-13 15:29:59.712,16332.89,16510.9,16154.87,16377.39,20316
2017-02-14 15:29:59.712,16332.89,16510.9,16199.38,16510.9,22933
2017-02-15 15:29:59.712,16510.9,16644.41,16332.89,16555.41,31598
2017-02-16 15:29:59.712,16555.41,16555.41,16288.38,16466.4,24896
2017-02-17 15:29:59.712,16555.41,16555.41,16288.38,16510.9,10898
2017-02-20 15:29:59.712,16421.9,16599.91,16332.89,16466.4,16306
2017-02-21 15:29:59.712,16288.38,16599.91,16154.87,16466.4,43462
2017-02-22 15:29:59.712,16555.41,16555.41,16332.89,16466.4,28782
2017-02-23 15:29:59.712,16555.41,17178.46,16288.38,17044.95,64956
2017-02-24 15:29:59.712,16955.94,17000.45,16644.41,16911.44,33557
2017-02-27 15:29:59.712,16911.44,16911.44,16644.41,16777.93,11853
2017-02-28 15:29:59.712,16644.41,16955.94,16644.41,16866.93,22834
2017-03-02 15:29:59.712,16866.93,16866.93,16555.41,16733.42,19909
2017-03-03 15:29:59.712,16644.41,17178.46,16243.88,16955.94,37016
2017-03-06 15:29:59.712,16955.94,17000.45,16644.41,16911.44,6838
2017-03-07 15:29:59.712,16911.44,16911.44,16599.91,16644.41,11325
2017-03-08 15:29:59.712,16644.41,17089.45,16288.38,17044.95,25635
2017-03-09 15:29:59.712,17000.45,17133.96,16733.42,17089.45,23894
2017-03-10 15:29:59.712,17178.46,17178.46,16777.93,17089.45,8783
2017-03-13 15:29:59.712,17044.95,17089.45,16733.42,17000.45,13793
2017-03-14 15:29:59.712,17000.45,17178.46,16599.91,16866.93,22617
2017-03-15 15:29:59.712,16822.43,16911.44,16199.38,16199.38,41212
2017-03-16 15:29:59.712,16243.88,16288.38,15798.84,16065.87,41362
2017-03-17 15:29:59.712,15976.86,16065.87,15754.34,15976.86,386712
2017-03-20 15:29:59.712,15932.35,16243.88,15843.35,16154.87,52634
2017-03-21 15:29:59.712,16154.87,16555.41,16154.87,16510.9,42362
2017-03-22 15:29:59.712,16377.39,16688.92,16199.38,16644.41,34572
2017-03-23 15:29:59.712,16599.91,16599.91,16110.37,16466.4,25525
2017-03-24 15:29:59.712,16466.4,16688.92,16243.88,16688.92,23544
2017-03-27 15:29:59.712,16510.9,16688.92,16421.9,16555.41,29885
2017-03-28 15:29:59.712,16466.4,16644.41,16332.89,16599.91,41772
2017-03-29 15:29:59.712,16510.9,16955.94,16510.9,16911.44,24810
2017-03-30 15:29:59.712,17178.46,17267.47,16777.93,16777.93,24571
2017-03-31 15:29:59.712,16822.43,17178.46,16644.41,17133.96,16754
2017-04-03 15:29:59.712,17222.96,17267.47,16866.93,17000.45,22903
2017-04-04 15:29:59.712,16822.43,17089.45,16822.43,17000.45,8216
2017-04-05 15:29:59.712,17000.45,17489.99,17000.45,17400.98,49207
2017-04-06 15:29:59.712,17400.98,17400.98,17133.96,17356.48,7944
2017-04-07 15:29:59.712,17311.97,17445.48,17133.96,17222.96,7474
2017-04-10 15:29:59.712,17222.96,17267.47,16332.89,17178.46,29947
2017-04-11 15:29:59.712,17133.96,17222.96,16911.44,17178.46,10010
2017-04-12 15:29:59.712,17222.96,17222.96,16777.93,17133.96,29741
2017-04-13 15:29:59.712,17222.96,17222.96,16911.44,17000.45,31432
2017-04-14 15:29:59.712,16955.94,17133.96,16822.43,17000.45,18481
2017-04-17 15:29:59.712,17000.45,17000.45,16510.9,16822.43,47927
2017-04-18 15:29:59.712,16688.92,16911.44,16644.41,16822.43,15715
2017-04-19 15:29:59.712,16777.93,16777.93,16555.41,16733.42,21962
2017-04-20 15:29:59.712,16599.91,16955.94,16510.9,16555.41,36622
2017-04-21 15:29:59.712,16510.9,17000.45,16510.9,16510.9,38099
2017-04-24 15:29:59.712,16466.4,16688.92,16332.89,16332.89,19354
2017-04-25 15:29:59.712,16421.9,16599.91,16332.89,16599.91,17061
2017-04-26 15:29:59.712,16644.41,16777.93,16466.4,16688.92,13962
2017-04-27 15:29:59.712,16510.9,16733.42,16332.89,16644.41,23135
2017-04-28 15:29:59.712,16688.92,16866.93,16466.4,16644.41,17966
2017-05-02 15:29:59.712,16644.41,16644.41,16199.38,16466.4,36053
2017-05-04 15:29:59.712,16466.4,16466.4,16065.87,16243.88,38759
2017-05-08 15:29:59.712,16243.88,16421.9,16154.87,16421.9,21647
2017-05-10 15:29:59.712,16421.9,16466.4,16021.36,16110.37,31146
2017-05-11 15:29:59.712,16199.38,16599.91,15932.35,16555.41,50184
2017-05-12 15:29:59.712,16510.9,16733.42,16332.89,16733.42,27084
2017-05-15 15:29:59.712,16733.42,17267.47,16733.42,17133.96,105030
2017-05-16 15:29:59.712,17222.96,17400.98,16911.44,17044.95,21073
2017-05-17 15:29:59.712,17044.95,17267.47,16955.94,17178.46,16530
2017-05-18 15:29:59.712,17044.95,17267.47,16955.94,17178.46,16721
2017-05-19 15:29:59.712,17178.46,17267.47,17000.45,17267.47,11370
2017-05-22 15:29:59.712,17267.47,17311.97,16866.93,17178.46,28686
2017-05-23 15:29:59.712,17178.46,17489.99,17178.46,17400.98,25745
2017-05-24 15:29:59.712,17267.47,17534.49,17044.95,17489.99,16109
2017-05-25 15:29:59.712,17222.96,17489.99,17178.46,17311.97,13789
2017-05-26 15:29:59.712,17400.98,17623.5,17089.45,17534.49,26287
2017-05-29 15:29:59.712,17534.49,17712.51,17400.98,17534.49,6994
2017-05-30 15:29:59.712,17712.51,17712.51,17445.48,17668.0,7442
2017-05-31 15:29:59.712,17712.51,17712.51,17356.48,17356.48,13942
2017-06-01 15:29:59.712,17489.99,17623.5,17178.46,17623.5,17738
2017-06-02 15:29:59.712,17668.0,17668.0,17445.48,17668.0,3230
2017-06-05 15:29:59.712,17668.0,17668.0,17400.98,17623.5,6980
2017-06-07 15:29:59.712,17668.0,17801.51,17445.48,17757.01,11498
2017-06-08 15:29:59.712,17757.01,17801.51,17267.47,17267.47,23730
2017-06-09 15:29:59.712,17445.48,17623.5,17356.48,17623.5,15830
2017-06-12 15:29:59.712,17668.0,17801.51,17089.45,17089.45,22492
2017-06-13 15:29:59.712,17178.46,17311.97,17089.45,17267.47,10050
2017-06-14 15:29:59.712,17267.47,17400.98,17178.46,17311.97,16855
2017-06-15 15:29:59.712,17222.96,17400.98,17089.45,17356.48,10826
2017-06-19 15:29:59.712,17089.45,17267.47,17000.45,17000.45,7918
2017-06-20 15:29:59.712,17133.96,17178.46,16688.92,17089.45,13275
2017-06-21 15:29:59.712,17133.96,17133.96,16911.44,17089.45,5410
2017-06-22 15:29:59.712,17133.96,17133.96,16644.41,16733.42,17767
2017-06-23 15:29:59.712,16911.44,17178.46,16688.92,17133.96,11359
2017-06-26 15:29:59.712,17133.96,17133.96,16911.44,17089.45,9440
2017-06-27 15:29:59.712,16911.44,17267.47,16911.44,17222.96,12465
2017-06-28 15:29:59.712,17089.45,17267.47,17000.45,17222.96,6382
2017-06-29 15:29:59.712,17178.46,17222.96,16822.43,17178.46,50981
2017-06-30 15:29:59.712,17133.96,17489.99,16955.94,17445.48,36337
2017-07-03 15:29:59.712,17445.48,17534.49,17222.96,17267.47,10318
2017-07-04 15:29:59.712,17311.97,17534.49,17000.45,17178.46,36497
2017-07-05 15:29:59.712,17311.97,17311.97,16955.94,17222.96,10754
2017-07-06 15:29:59.712,17311.97,17311.97,17000.45,17089.45,18128
2017-07-07 15:29:59.712,17178.46,17267.47,17044.95,17267.47,9653
2017-07-10 15:29:59.712,17267.47,17267.47,17089.45,17089.45,13926
2017-07-11 15:29:59.712,17089.45,17222.96,17000.45,17089.45,12380
2017-07-12 15:29:59.712,17222.96,17222.96,16866.93,17000.45,11270
2017-07-13 15:29:59.712,16955.94,17133.96,16777.93,16911.44,12503
2017-07-14 15:29:59.712,16955.94,17089.45,16822.43,16911.44,9416
2017-07-17 15:29:59.712,16955.94,17267.47,16822.43,17267.47,13951
2017-07-18 15:29:59.712,17267.47,17356.48,17044.95,17311.97,11876
2017-07-19 15:29:59.712,17311.97,17400.98,17000.45,17133.96,14282
2017-07-20 15:29:59.712,17222.96,17222.96,16822.43,16911.44,22720
2017-07-21 15:29:59.712,16866.93,16955.94,16688.92,16777.93,19390
2017-07-24 15:29:59.712,16866.93,16866.93,16510.9,16555.41,31605
2017-07-25 15:29:59.712,16644.41,16688.92,16421.9,16688.92,40524
2017-07-26 15:29:59.712,16733.42,16777.93,16377.39,16510.9,46310
2017-07-27 15:29:59.712,16332.89,16955.94,16332.89,16911.44,35877
2017-07-28 15:29:59.712,16955.94,17000.45,16644.41,16866.93,9972
2017-07-31 15:29:59.712,16866.93,16866.93,16555.41,16866.93,10942
2017-08-01 15:29:59.712,16866.93,16955.94,16822.43,16955.94,3911
2017-08-02 15:29:59.712,17000.45,17000.45,16822.43,16955.94,5517
2017-08-03 15:29:59.712,17000.45,17000.45,16599.91,16955.94,12115
2017-08-04 15:29:59.712,16955.94,17000.45,16911.44,17000.45,23781
2017-08-07 15:29:59.712,17089.45,17757.01,17089.45,17712.51,46468
2017-08-08 15:29:59.712,17757.01,17890.52,17578.99,17757.01,23689
2017-08-09 15:29:59.712,17801.51,17890.52,17534.49,17801.51,27943
2017-08-10 15:29:59.712,17801.51,18068.54,17445.48,17890.52,25630
2017-08-11 15:29:59.712,17757.01,17801.51,17445.48,17801.51,10463
2017-08-14 15:29:59.712,17578.99,17890.52,17445.48,17623.5,18167
2017-08-16 15:29:59.712,17623.5,17757.01,17445.48,17757.01,9673
2017-08-17 15:29:59.712,17757.01,17757.01,17356.48,17489.99,12187
2017-08-18 15:29:59.712,17489.99,17534.49,17222.96,17445.48,11094
2017-08-21 15:29:59.712,17356.48,17445.48,16911.44,16911.44,17638
2017-08-22 15:29:59.712,16866.93,17133.96,16866.93,17044.95,11981
2017-08-23 15:29:59.712,17133.96,17133.96,16955.94,17089.45,6192
2017-08-24 15:29:59.712,17178.46,17178.46,16733.42,17000.45,18665
2017-08-25 15:29:59.712,17000.45,17222.96,16955.94,17222.96,6216
2017-08-28 15:29:59.712,17222.96,17356.48,17044.95,17356.48,23591
2017-08-29 15:29:59.712,17356.48,17356.48,16955.94,17222.96,15976
2017-08-30 15:29:59.712,17222.96,17311.97,16866.93,17133.96,12669
2017-08-31 15:29:59.712,17222.96,17267.47,16955.94,17267.47,8744
2017-09-01 15:29:59.712,17267.47,17267.47,17000.45,17000.45,8210
2017-09-04 15:29:59.712,16644.41,17044.95,16644.41,17044.95,13068
2017-09-05 15:29:59.712,17044.95,17178.46,16822.43,17133.96,5279
2017-09-06 15:29:59.712,16911.44,17044.95,16777.93,17000.45,10623
2017-09-07 15:29:59.712,16911.44,17044.95,16688.92,16955.94,14794
2017-09-08 15:29:59.712,16911.44,16955.94,16599.91,16733.42,26441
2017-09-11 15:29:59.712,16644.41,16911.44,16644.41,16644.41,10421
2017-09-12 15:29:59.712,16599.91,16777.93,16599.91,16644.41,10622
2017-09-13 15:29:59.712,16733.42,16733.42,16421.9,16466.4,12242
2017-09-14 15:29:59.712,16377.39,16466.4,16021.36,16110.37,32665
2017-09-15 15:29:59.712,16199.38,16199.38,15709.84,16021.36,67975
2017-09-18 15:29:59.712,15976.86,16065.87,15487.32,15531.82,89628
2017-09-19 15:29:59.712,15576.32,15843.35,15264.8,15709.84,18490
2017-09-20 15:29:59.712,15754.34,15754.34,15086.78,15487.32,86094
2017-09-21 15:29:59.712,15353.81,15576.32,15131.29,15576.32,43386
2017-09-22 15:29:59.712,15398.31,15620.83,14686.25,15353.81,82996
2017-09-25 15:29:59.712,15353.81,15353.81,14953.27,14953.27,38294
2017-09-26 15:29:59.712,15086.78,15220.29,14730.75,15131.29,44610
2017-09-27 15:29:59.712,14953.27,15131.29,14641.74,15042.28,78474
2017-09-28 15:29:59.712,15131.29,15131.29,14730.75,14864.26,53300
2017-09-29 15:29:59.712,14775.26,15353.81,14775.26,15353.81,26110
2017-10-10 15:29:59.712,15353.81,15398.31,14819.76,14819.76,67791
2017-10-11 15:29:59.712,14819.76,15309.3,14730.75,14908.77,34677
2017-10-12 15:29:59.712,15131.29,15131.29,14641.74,14908.77,45906
2017-10-13 15:29:59.712,15086.78,15086.78,14864.26,15086.78,33242
2017-10-16 15:29:59.712,15131.29,15442.81,14641.74,15086.78,48736
2017-10-17 15:29:59.712,15086.78,15442.81,15042.28,15398.31,10044
2017-10-18 15:29:59.712,15531.82,15576.32,15175.79,15576.32,28217
2017-10-19 15:29:59.712,15620.83,15665.33,15353.81,15531.82,19538
2017-10-20 15:29:59.712,15665.33,15665.33,15264.8,15665.33,22823
2017-10-23 15:29:59.712,15665.33,15709.84,15487.32,15709.84,16458
2017-10-24 15:29:59.712,15531.82,15887.85,15442.81,15620.83,20182
2017-10-25 15:29:59.712,15709.84,15709.84,15353.81,15709.84,26508
2017-10-26 15:29:59.712,15576.32,15754.34,15220.29,15620.83,40990
2017-10-27 15:29:59.712,15531.82,15754.34,15353.81,15665.33,31387
2017-10-30 15:29:59.712,15576.32,15754.34,15576.32,15754.34,5954
2017-10-31 15:29:59.712,15843.35,15887.85,15754.34,15887.85,9923
2017-11-01 15:29:59.712,15887.85,15932.35,15665.33,15932.35,22234
2017-11-02 15:29:59.712,15798.84,15887.85,15175.79,15843.35,83738
2017-11-03 15:29:59.712,15887.85,15932.35,15442.81,15754.34,43049
2017-11-06 15:29:59.712,15709.84,15798.84,15442.81,15665.33,18236
2017-11-07 15:29:59.712,15665.33,15932.35,15487.32,15843.35,13441
2017-11-08 15:29:59.712,15843.35,16421.9,15798.84,16199.38,42296
2017-11-09 15:29:59.712,16065.87,16199.38,15887.85,16154.87,11767
2017-11-10 15:29:59.712,16154.87,16199.38,15976.86,16154.87,7908
2017-11-13 15:29:59.712,16154.87,16199.38,15932.35,16021.36,19795
2017-11-14 15:29:59.712,16021.36,16377.39,15754.34,16065.87,60736
2017-11-15 15:29:59.712,16110.37,16644.41,16110.37,16199.38,43570
2017-11-16 15:29:59.712,16199.38,16466.4,16021.36,16421.9,20920
2017-11-17 15:29:59.712,16421.9,16555.41,16377.39,16555.41,37804
2017-11-20 15:29:59.712,16555.41,16644.41,16421.9,16599.91,21590
2017-11-21 15:29:59.712,16510.9,16688.92,16288.38,16644.41,49700
2017-11-22 15:29:59.712,16688.92,16688.92,16466.4,16599.91,33154
2017-11-23 16:45:00.288,16510.9,16733.42,16377.39,16733.42,25557
2017-11-24 15:29:59.712,16733.42,16777.93,16510.9,16510.9,21652
2017-11-27 15:29:59.712,16599.91,16688.92,16510.9,16555.41,14382
2017-11-28 15:29:59.712,16466.4,16555.41,16154.87,16154.87,77224
2017-11-29 15:29:59.712,16199.38,16377.39,16199.38,16288.38,14382
2017-11-30 15:29:59.712,16288.38,16510.9,16110.37,16466.4,100788
2017-12-01 15:29:59.712,16466.4,16688.92,16332.89,16466.4,68704
2017-12-04 15:29:59.712,16466.4,16555.41,16332.89,16377.39,10249
2017-12-05 15:29:59.712,16466.4,16599.91,16377.39,16510.9,15519
2017-12-06 15:29:59.712,16599.91,16599.91,16377.39,16510.9,8315
2017-12-07 15:29:59.712,16555.41,16555.41,16021.36,16199.38,43210
2017-12-08 15:29:59.712,16199.38,16243.88,16065.87,16199.38,6871
2017-12-11 15:29:59.712,16332.89,16332.89,15798.84,15887.85,21677
2017-12-12 15:29:59.712,15709.84,16154.87,15576.32,15932.35,17156
2017-12-13 15:29:59.712,16021.36,16021.36,15353.81,15398.31,51321
2017-12-14 15:29:59.712,15398.31,15665.33,15309.3,15487.32,18123
2017-12-15 15:29:59.712,15576.32,15665.33,15442.81,15576.32,17800
2017-12-18 15:29:59.712,15487.32,15620.83,15175.79,15442.81,29235
2017-12-19 15:29:59.712,15487.32,15487.32,15086.78,15175.79,43502
2017-12-20 15:29:59.712,15309.3,15353.81,15131.29,15309.3,101150
2017-12-21 15:29:59.712,15309.3,15487.32,15264.8,15353.81,17889
2017-12-22 15:29:59.712,15353.81,15531.82,15309.3,15398.31,63036
2017-12-26 15:29:59.712,15487.32,15754.34,15442.81,15709.84,20917
2017-12-27 15:29:59.712,15709.84,15798.84,15487.32,15798.84,8359
2017-12-28 15:29:59.712,15620.83,15843.35,15531.82,15754.34,12415
2018-01-02 15:29:59.712,15843.35,16199.38,15709.84,16199.38,32236
2018-01-03 15:29:59.712,16199.38,16199.38,15531.82,15665.33,42277
2018-01-04 15:29:59.712,15665.33,15665.33,15264.8,15620.83,26321
2018-01-05 15:29:59.712,15531.82,15576.32,15309.3,15398.31,16730
2018-01-08 15:29:59.712,15353.81,15353.81,15086.78,15131.29,23875
2018-01-09 15:29:59.712,15086.78,15442.81,15042.28,15220.29,75695
2018-01-10 15:29:59.712,15131.29,15353.81,15086.78,15309.3,59263
2018-01-11 15:29:59.712,15220.29,15398.31,15175.79,15353.81,4257
2018-01-12 15:29:59.712,15398.31,15398.31,15086.78,15353.81,33832
2018-01-15 15:29:59.712,15220.29,15264.8,15086.78,15086.78,34379
2018-01-16 15:29:59.712,15086.78,15220.29,15086.78,15220.29,66760
2018-01-17 15:29:59.712,15220.29,15264.8,15042.28,15175.79,25275
2018-01-18 15:29:59.712,15175.79,15220.29,15042.28,15131.29,39946
2018-01-19 15:29:59.712,15131.29,15754.34,15131.29,15531.82,76446
2018-01-22 15:29:59.712,15531.82,15665.33,15442.81,15531.82,22089
2018-01-23 15:29:59.712,15531.82,15665.33,15442.81,15665.33,53918
2018-01-24 15:29:59.712,15709.84,15887.85,15531.82,15887.85,10515
2018-01-25 15:29:59.712,15932.35,16911.44,15754.34,16866.93,190230
2018-01-26 15:29:59.712,16733.42,17133.96,16733.42,16911.44,31605
2018-01-29 15:29:59.712,16777.93,17044.95,16688.92,16911.44,45016
2018-01-30 15:29:59.712,16866.93,17044.95,16510.9,16955.94,57356
2018-01-31 15:29:59.712,16822.43,16955.94,16644.41,16688.92,35702
2018-02-01 15:29:59.712,16688.92,17311.97,16688.92,17133.96,98685
2018-02-02 15:29:59.712,17178.46,17178.46,16733.42,16822.43,40707
2018-02-05 15:29:59.712,16466.4,16733.42,16288.38,16510.9,46359
2018-02-06 15:29:59.712,16243.88,16555.41,15754.34,16510.9,57536
2018-02-07 15:29:59.712,16644.41,16644.41,15843.35,15843.35,54623
2018-02-08 15:29:59.712,15932.35,16644.41,15843.35,16421.9,40962
2018-02-09 15:29:59.712,16154.87,16911.44,16021.36,16777.93,53717
2018-02-12 15:29:59.712,16822.43,17846.02,16466.4,17801.51,271226
2018-02-13 15:29:59.712,17801.51,18113.04,17578.99,17712.51,87853
2018-02-14 15:29:59.712,17623.5,17935.02,17445.48,17578.99,41044
2018-02-19 15:29:59.712,17489.99,17935.02,17445.48,17890.52,30133
2018-02-20 15:29:59.712,17890.52,17890.52,17311.97,17445.48,22644
2018-02-21 15:29:59.712,17356.48,17578.99,17133.96,17311.97,56432
2018-02-22 15:29:59.712,17311.97,17400.98,17133.96,17267.47,20296
2018-02-23 15:29:59.712,17311.97,17712.51,17089.45,17578.99,43529
2018-02-26 15:29:59.712,17445.48,17623.5,16688.92,16733.42,59945
2018-02-27 15:29:59.712,16911.44,17311.97,16822.43,17267.47,34616
2018-02-28 15:29:59.712,17356.48,17356.48,17044.95,17222.96,16067
2018-03-02 15:29:59.712,17222.96,17222.96,16822.43,17000.45,20194
2018-03-05 15:29:59.712,16911.44,17178.46,16421.9,16688.92,22084
2018-03-06 15:29:59.712,16555.41,16911.44,16065.87,16065.87,62549
2018-03-08 15:29:59.712,16021.36,16154.87,15843.35,16065.87,31059
2018-03-09 15:29:59.712,16110.37,16332.89,15887.85,16243.88,18490
2018-03-12 15:29:59.712,16199.38,16288.38,16065.87,16243.88,14567
2018-03-13 15:29:59.712,16243.88,16377.39,16021.36,16377.39,14566
2018-03-14 15:29:59.712,16243.88,16332.89,16021.36,16288.38,28665
2018-03-15 15:29:59.712,16199.38,16332.89,15932.35,15932.35,27440
2018-03-16 15:29:59.712,16021.36,16021.36,15709.84,16021.36,15453
2018-03-19 15:29:59.712,16021.36,16065.87,15754.34,16065.87,13592
2018-03-20 15:29:59.712,15976.86,15976.86,15843.35,15976.86,4887
2018-03-21 15:29:59.712,15932.35,15976.86,15798.84,15976.86,12279
2018-03-22 15:29:59.712,15976.86,16110.37,15887.85,16021.36,8958
2018-03-23 15:29:59.712,15932.35,16021.36,15665.33,15976.86,20313
2018-03-26 15:29:59.712,15798.84,16288.38,15798.84,16288.38,32061
2018-03-27 15:29:59.712,16377.39,16377.39,15932.35,16243.88,29815
2018-03-28 15:29:59.712,16199.38,16199.38,15709.84,15932.35,37379
2018-03-29 15:29:59.712,15932.35,16021.36,15709.84,15709.84,24131
2018-03-30 15:29:59.712,15843.35,16021.36,15709.84,15976.86,10265
2018-04-02 15:29:59.712,16021.36,16154.87,15932.35,16110.37,12187
2018-04-03 15:29:59.712,16110.37,16421.9,15887.85,16377.39,16016
2018-04-04 15:29:59.712,16421.9,16421.9,15843.35,16288.38,47377
2018-04-05 15:29:59.712,16243.88,16555.41,15887.85,15887.85,61317
2018-04-06 15:29:59.712,15887.85,15976.86,15487.32,15487.32,39326
2018-04-09 15:29:59.712,15576.32,15665.33,15442.81,15442.81,11744
2018-04-10 15:29:59.712,15620.83,15798.84,15264.8,15576.32,19834
2018-04-11 15:29:59.712,15576.32,15754.34,15442.81,15531.82,15812
2018-04-12 15:29:59.712,15531.82,15754.34,15442.81,15487.32,15567
2018-04-13 15:29:59.712,15487.32,15665.33,15442.81,15487.32,12787
2018-04-16 15:29:59.712,15576.32,15576.32,15398.31,15442.81,14063
2018-04-17 15:29:59.712,15442.81,15442.81,15309.3,15309.3,16146
2018-04-18 15:29:59.712,15442.81,15531.82,15264.8,15353.81,13130
2018-04-19 15:29:59.712,15442.81,15843.35,15353.81,15398.31,76164
2018-04-20 15:29:59.712,15576.32,15709.84,15442.81,15620.83,42199
2018-04-23 15:29:59.712,15620.83,15709.84,15442.81,15576.32,18445
2018-04-24 15:29:59.712,15576.32,15709.84,15398.31,15709.84,10969
2018-04-25 15:29:59.712,15754.34,15843.35,15487.32,15754.34,15189
2018-04-26 15:29:59.712,15887.85,16243.88,15798.84,16021.36,23840
2018-04-27 15:29:59.712,16021.36,16154.87,15932.35,16110.37,9639
2018-04-30 15:29:59.712,16110.37,16199.38,15531.82,15576.32,39498
2018-05-02 15:29:59.712,15665.33,15665.33,15442.81,15620.83,59170
2018-05-03 15:29:59.712,15709.84,15754.34,15576.32,15576.32,7820
2018-05-04 15:29:59.712,15665.33,16065.87,15531.82,16021.36,14700
2018-05-08 15:29:59.712,15932.35,16110.37,15665.33,15843.35,7175
2018-05-09 15:29:59.712,15843.35,15932.35,15576.32,15665.33,32281
2018-05-10 15:29:59.712,15576.32,15709.84,15487.32,15531.82,9322
2018-05-11 15:29:59.712,15620.83,15665.33,15487.32,15665.33,11728
2018-05-14 15:29:59.712,15798.84,15798.84,15531.82,15709.84,18132
2018-05-15 15:29:59.712,15709.84,15754.34,15531.82,15620.83,17794
2018-05-16 15:29:59.712,15620.83,15798.84,15487.32,15754.34,12698
2018-05-17 15:29:59.712,15843.35,15843.35,15576.32,15754.34,8695
2018-05-18 15:29:59.712,15754.34,16065.87,15531.82,16021.36,21890
2018-05-21 15:29:59.712,16065.87,16377.39,15932.35,16332.89,36580
2018-05-23 15:29:59.712,16421.9,16555.41,16021.36,16199.38,19556
2018-05-24 15:29:59.712,16110.37,16466.4,15932.35,16421.9,38570
2018-05-25 15:29:59.712,16199.38,16733.42,15976.86,16110.37,44357
2018-05-28 15:29:59.712,16154.87,16288.38,16021.36,16021.36,40964
2018-05-29 15:29:59.712,16377.39,17311.97,16021.36,16110.37,203205
2018-05-30 15:29:59.712,16065.87,17534.49,15932.35,16021.36,358938
2018-05-31 15:29:59.712,16154.87,16154.87,15754.34,16110.37,56109
2018-06-01 15:29:59.712,16110.37,16421.9,16021.36,16243.88,40413
2018-06-04 15:29:59.712,16288.38,16421.9,15754.34,16021.36,59953
2018-06-05 15:29:59.712,16065.87,16110.37,15620.83,15709.84,46732
2018-06-08 15:29:59.712,15665.33,15754.34,15531.82,15709.84,23205
2018-06-11 15:29:59.712,15843.35,15843.35,15576.32,15576.32,9925
2018-06-12 15:29:59.712,15576.32,15665.33,15398.31,15442.81,53017
2018-06-15 15:29:59.712,15487.32,15620.83,15264.8,15576.32,33237
2018-06-18 15:29:59.712,15531.82,15531.82,15086.78,15175.79,48179
2018-06-19 15:29:59.712,15309.3,15309.3,14908.77,15131.29,32446
2018-06-20 15:29:59.712,15042.28,15576.32,14997.77,15442.81,22987
2018-06-21 15:29:59.712,15487.32,15531.82,14997.77,15309.3,20638
2018-06-22 15:29:59.712,15131.29,15353.81,14953.27,15175.79,20575
2018-06-25 15:29:59.712,15264.8,15264.8,15042.28,15131.29,10141
2018-06-26 15:29:59.712,14953.27,15131.29,14819.76,14953.27,19778
2018-06-27 15:29:59.712,14908.77,14997.77,14775.26,14775.26,17541
2018-06-28 15:29:59.712,14819.76,14864.26,14597.24,14597.24,13398
2018-06-29 15:29:59.712,14686.25,14730.75,14552.74,14686.25,35166
2018-07-02 15:29:59.712,14597.24,14730.75,14463.73,14508.23,26072
2018-07-03 15:29:59.712,14508.23,14641.74,14419.23,14508.23,45922
2018-07-04 15:29:59.712,14686.25,14686.25,14419.23,14463.73,23025
2018-07-05 15:29:59.712,14463.73,14641.74,14419.23,14463.73,19384
2018-07-06 15:29:59.712,14463.73,14552.74,14419.23,14463.73,14507
2018-07-09 15:29:59.712,14508.23,14597.24,14196.71,14241.21,51449
2018-07-10 15:29:59.712,14419.23,14419.23,14196.71,14285.71,24771
2018-07-11 15:29:59.712,14330.22,14374.72,14018.69,14241.21,32761
2018-07-12 15:29:59.712,14330.22,14330.22,14063.2,14063.2,58307
2018-07-13 15:29:59.712,14063.2,14196.71,13974.19,14152.2,24658
2018-07-16 15:29:59.712,14107.7,14597.24,14107.7,14419.23,60209
2018-07-17 15:29:59.712,14330.22,14508.23,14152.2,14374.72,22329
2018-07-18 15:29:59.712,14463.73,14508.23,14196.71,14241.21,25825
2018-07-19 15:29:59.712,14374.72,14775.26,14241.21,14508.23,70118
2018-07-20 15:29:59.712,14597.24,14641.74,14285.71,14463.73,19573
2018-07-23 15:29:59.712,14374.72,14641.74,14330.22,14463.73,36896
2018-07-24 15:29:59.712,14463.73,14953.27,14374.72,14908.77,23441
2018-07-25 15:29:59.712,14908.77,14953.27,14552.74,14686.25,11044
2018-07-26 15:29:59.712,14686.25,14819.76,14508.23,14730.75,11302
2018-07-27 15:29:59.712,14686.25,14864.26,14686.25,14730.75,9433
2018-07-30 15:29:59.712,14730.75,14775.26,14641.74,14686.25,5077
2018-07-31 15:29:59.712,14686.25,14775.26,14374.72,14686.25,29496
2018-08-01 15:29:59.712,14686.25,14819.76,14552.74,14775.26,18038
2018-08-02 15:29:59.712,14819.76,14819.76,14597.24,14641.74,13326
2018-08-03 15:29:59.712,14641.74,14775.26,14508.23,14730.75,12752
2018-08-06 15:29:59.712,14730.75,14730.75,14463.73,14463.73,15009
2018-08-08 15:29:59.712,14686.25,14686.25,14463.73,14641.74,16796
2018-08-09 15:29:59.712,14641.74,14641.74,14419.23,14508.23,21398
2018-08-10 15:29:59.712,14552.74,14552.74,14419.23,14508.23,5429
2018-08-13 15:29:59.712,14463.73,14463.73,14063.2,14152.2,22608
2018-08-14 15:29:59.712,14152.2,14241.21,13796.17,14152.2,30163
2018-08-16 15:29:59.712,13974.19,14107.7,13885.18,13974.19,11828
2018-08-17 15:29:59.712,14018.69,14063.2,13929.68,14018.69,17921
2018-08-20 15:29:59.712,14107.7,14107.7,13662.66,13751.67,42842
2018-08-21 15:29:59.712,13796.17,14196.71,13796.17,14152.2,18948
2018-08-22 15:29:59.712,14152.2,14196.71,13974.19,14152.2,11010
2018-08-23 15:29:59.712,14196.71,14196.71,13751.67,14152.2,26774
2018-08-24 15:29:59.712,14152.2,14152.2,13885.18,14018.69,9232
2018-08-27 15:29:59.712,13929.68,14063.2,13751.67,14018.69,16271
2018-08-28 15:29:59.712,14018.69,14018.69,13751.67,13885.18,22227
2018-08-29 15:29:59.712,13796.17,14107.7,13796.17,13974.19,16707
2018-08-30 15:29:59.712,14063.2,14063.2,13929.68,14018.69,33087
2018-08-31 15:29:59.712,14107.7,14152.2,13885.18,14107.7,15785
2018-09-03 15:29:59.712,13974.19,14152.2,13885.18,13974.19,22267
2018-09-04 15:29:59.712,13885.18,13974.19,13484.65,13707.17,81190
2018-09-05 15:29:59.712,13707.17,13840.68,13573.65,13707.17,23209
2018-09-06 15:29:59.712,13707.17,13929.68,13618.16,13840.68,16789
2018-09-07 15:29:59.712,13929.68,13974.19,13751.67,13840.68,20616
2018-09-10 15:29:59.712,13885.18,13974.19,13751.67,13840.68,13118
2018-09-11 15:29:59.712,13751.67,14330.22,13751.67,14241.21,27739
2018-09-12 15:29:59.712,14152.2,14819.76,14152.2,14686.25,49124
2018-09-13 15:29:59.712,14597.24,14908.77,14552.74,14775.26,30607
2018-09-14 15:29:59.712,14819.76,15175.79,14597.24,15042.28,59819
2018-09-17 15:29:59.712,14953.27,14953.27,14597.24,14686.25,12858
2018-09-18 15:29:59.712,14597.24,14819.76,14508.23,14508.23,6331
2018-09-19 15:29:59.712,14508.23,14730.75,14508.23,14508.23,6890
2018-09-20 15:29:59.712,14508.23,14686.25,14463.73,14552.74,11398
2018-09-21 15:29:59.712,14552.74,14641.74,14419.23,14552.74,3339
2018-09-27 15:29:59.712,14552.74,15042.28,14552.74,14864.26,12350
2018-09-28 15:29:59.712,14953.27,14953.27,14730.75,14864.26,4628
2018-10-01 15:29:59.712,14864.26,14908.77,14508.23,14686.25,2335
2018-10-02 15:29:59.712,14686.25,14819.76,14419.23,14597.24,6058
2018-10-04 15:29:59.712,14597.24,14597.24,14241.21,14374.72,20881
2018-10-05 15:29:59.712,14374.72,14374.72,13707.17,13796.17,52553
2018-10-08 15:29:59.712,13840.68,14152.2,13796.17,13974.19,10987
2018-10-10 15:29:59.712,14063.2,14063.2,13618.16,13796.17,14209
2018-10-11 15:29:59.712,13484.65,13796.17,12950.6,13796.17,61861
2018-10-12 15:29:59.712,13351.13,13662.66,13306.63,13529.15,21133
2018-10-15 15:29:59.712,13529.15,13707.17,13484.65,13484.65,17149
2018-10-16 15:29:59.712,13484.65,14018.69,13395.64,13529.15,38732
2018-10-17 15:29:59.712,13529.15,13796.17,13529.15,13796.17,5309
2018-10-18 15:29:59.712,13796.17,13840.68,13484.65,13796.17,4820
2018-10-19 15:29:59.712,13796.17,13796.17,13440.14,13484.65,9471
2018-10-22 15:29:59.712,13484.65,13529.15,13262.13,13484.65,12222
2018-10-23 15:29:59.712,13529.15,13529.15,13217.62,13217.62,10779
2018-10-24 15:29:59.712,13217.62,13395.64,13128.62,13306.63,7773
2018-10-25 15:29:59.712,13173.12,13351.13,12995.1,13173.12,10722
2018-10-26 15:29:59.712,13351.13,13395.64,12372.05,12550.07,49115
2018-10-29 15:29:59.712,12194.04,12505.56,11749.0,12060.53,52928
2018-10-30 15:29:59.712,11749.0,12327.55,11259.46,11749.0,83341
2018-10-31 15:29:59.712,12060.53,12594.57,11749.0,12105.03,37554
2018-11-01 15:29:59.712,12060.53,12728.08,12060.53,12194.04,12581
2018-11-02 15:29:59.712,12283.04,12906.1,12194.04,12817.09,29881
2018-11-05 15:29:59.712,12772.59,12861.59,12461.06,12861.59,17429
2018-11-06 15:29:59.712,12861.59,12950.6,12550.07,12906.1,22336
2018-11-07 15:29:59.712,12861.59,13084.11,12461.06,12772.59,25369
2018-11-08 15:29:59.712,12772.59,13529.15,12639.07,13529.15,34163
2018-11-09 15:29:59.712,13351.13,13529.15,13262.13,13529.15,8700
2018-11-12 15:29:59.712,13529.15,13529.15,13084.11,13217.62,10445
2018-11-13 15:29:59.712,13173.12,13306.63,12639.07,12906.1,13590
2018-11-14 15:29:59.712,13039.61,13618.16,12550.07,12683.58,39749
2018-11-15 16:30:00.000,12550.07,13128.62,12461.06,12995.1,36203
2018-11-16 15:29:59.712,12861.59,13395.64,12683.58,12995.1,21959
2018-11-19 15:29:59.712,13039.61,13306.63,12995.1,13039.61,9507
2018-11-20 15:29:59.712,12995.1,13262.13,12728.08,12906.1,13518
2018-11-21 15:29:59.712,12817.09,13484.65,12550.07,13440.14,31967
2018-11-22 15:29:59.712,13351.13,13529.15,13128.62,13217.62,10666
2018-11-23 15:29:59.712,13217.62,13395.64,13128.62,13306.63,688
2018-11-26 15:29:59.712,13128.62,13484.65,12950.6,13217.62,30616
2018-11-27 15:29:59.712,13084.11,13306.63,12906.1,12950.6,22395
2018-11-28 15:29:59.712,12950.6,12950.6,12728.08,12772.59,19525
2018-11-29 15:29:59.712,12817.09,12950.6,12550.07,12728.08,19325
2018-11-30 15:29:59.712,12728.08,12728.08,12550.07,12550.07,14358
2018-12-03 15:29:59.712,12594.57,13128.62,12594.57,12950.6,26312
2018-12-04 15:29:59.712,12950.6,13217.62,12861.59,13039.61,14908
2018-12-05 15:29:59.712,12995.1,12995.1,12817.09,12906.1,13109
2018-12-06 15:29:59.712,12906.1,12995.1,12505.56,12639.07,16119
2018-12-07 15:29:59.712,12817.09,12906.1,12505.56,12505.56,26501
2018-12-10 15:29:59.712,12461.06,12550.07,12194.04,12372.05,28142
2018-12-11 15:29:59.712,12327.55,12461.06,12105.03,12105.03,5645
2018-12-12 15:29:59.712,12105.03,12372.05,12016.02,12016.02,21798
2018-12-13 15:29:59.712,12283.04,12550.07,12238.54,12461.06,15369
2018-12-14 15:29:59.712,12283.04,12461.06,11882.51,12372.05,39382
2018-12-17 15:29:59.712,12461.06,12550.07,12238.54,12283.04,22096
2018-12-18 15:29:59.712,12594.57,13039.61,12416.56,12861.59,83418
2018-12-19 15:29:59.712,12906.1,13440.14,12772.59,13306.63,70218
2018-12-20 15:29:59.712,13262.13,13262.13,12461.06,12906.1,87612
2018-12-21 15:29:59.712,12906.1,13395.64,12594.57,13306.63,28257
2018-12-24 15:29:59.712,13306.63,13395.64,13039.61,13128.62,40884
2018-12-26 15:29:59.712,13084.11,13217.62,12817.09,12995.1,106490
2018-12-27 15:29:59.712,13000.0,13476.19,12761.9,13380.95,74008
2018-12-28 15:29:59.712,13380.95,13476.19,13142.86,13380.95,18579
2019-01-02 15:29:59.712,13380.95,13428.57,13142.86,13380.95,23607
2019-01-03 15:29:59.712,13380.95,13428.57,12761.9,12952.38,48567
2019-01-04 15:29:59.712,12952.38,13761.9,12904.76,13619.05,32791
2019-01-07 15:29:59.712,13619.05,13904.76,13428.57,13523.81,18401
2019-01-08 15:29:59.712,13619.05,13619.05,13238.1,13285.71,9213
2019-01-09 15:29:59.712,13428.57,13476.19,13190.48,13333.33,18993
2019-01-10 15:29:59.712,13428.57,13809.52,13285.71,13523.81,11427
2019-01-11 15:29:59.712,13523.81,13809.52,13523.81,13809.52,18649
2019-01-14 15:29:59.712,13857.14,13952.38,13666.67,13904.76,9165
2019-01-15 15:29:59.712,13904.76,13952.38,13619.05,13714.29,19518
2019-01-16 15:29:59.712,13714.29,14095.24,13619.05,13809.52,18497
2019-01-17 15:29:59.712,13761.9,13857.14,13714.29,13761.9,12957
2019-01-18 15:29:59.712,13761.9,14000.0,13714.29,13904.76,27177
2019-01-21 15:29:59.712,13904.76,13904.76,13666.67,13857.14,23940
2019-01-22 15:29:59.712,13761.9,13857.14,13476.19,13666.67,23494
2019-01-23 15:29:59.712,13666.67,13666.67,13428.57,13476.19,28144
2019-01-24 15:29:59.712,13523.81,13523.81,13238.1,13523.81,45865
2019-01-25 15:29:59.712,13428.57,13619.05,13285.71,13380.95,36235
2019-01-28 15:29:59.712,13380.95,14000.0,13333.33,13809.52,29859
2019-01-29 15:29:59.712,13809.52,14047.62,13666.67,13904.76,23608
2019-01-30 15:29:59.712,13857.14,14095.24,13761.9,13809.52,19775
2019-01-31 15:29:59.712,13809.52,14190.48,13761.9,14142.86,24265
2019-02-01 15:29:59.712,13952.38,14333.33,13952.38,14095.24,21285
2019-02-07 15:29:59.712,14095.24,14571.43,14000.0,14476.19,13779
2019-02-08 15:29:59.712,14333.33,14476.19,13809.52,13809.52,48718
2019-02-11 15:29:59.712,13904.76,14285.71,13666.67,13904.76,18192
2019-02-12 15:29:59.712,13857.14,14142.86,13809.52,14095.24,8694
2019-02-13 15:29:59.712,14000.0,14428.57,13761.9,14190.48,39373
2019-02-14 15:29:59.712,14095.24,14619.05,14000.0,14619.05,21090
2019-02-15 15:29:59.712,14666.67,14666.67,14190.48,14523.81,19686
2019-02-18 15:29:59.712,14380.95,15238.1,14380.95,15095.24,49105
2019-02-19 15:29:59.712,14952.38,15380.95,14523.81,14714.29,35917
2019-02-20 15:29:59.712,14619.05,15142.86,14571.43,15047.62,28230
2019-02-21 15:29:59.712,15142.86,15333.33,14761.9,15285.71,20935
2019-02-22 15:29:59.712,15000.0,15285.71,15000.0,15238.1,15348
2019-02-25 15:29:59.712,15238.1,15333.33,14904.76,14952.38,8540
2019-02-26 15:29:59.712,15000.0,15000.0,14666.67,14809.52,31026
2019-02-27 15:29:59.712,14857.14,15238.1,14809.52,14904.76,12144
2019-02-28 15:29:59.712,14857.14,15047.62,14666.67,14666.67,4450
2019-03-04 15:29:59.712,14619.05,14904.76,14619.05,14666.67,6453
2019-03-05 15:29:59.712,14619.05,14761.9,14476.19,14619.05,5742
2019-03-06 15:29:59.712,14619.05,14666.67,14428.57,14619.05,12682
2019-03-07 15:29:59.712,14666.67,15142.86,14428.57,14428.57,81871
2019-03-08 15:29:59.712,14428.57,14761.9,14380.95,14476.19,16424
2019-03-11 15:29:59.712,14380.95,14571.43,14285.71,14523.81,8201
2019-03-12 15:29:59.712,14571.43,14619.05,14380.95,14619.05,7886
2019-03-13 15:29:59.712,14571.43,14952.38,14380.95,14714.29,5900
2019-03-14 15:29:59.712,14952.38,14952.38,14428.57,14523.81,15727
2019-03-15 15:29:59.712,14523.81,15142.86,14428.57,15047.62,35796
2019-03-18 15:29:59.712,15142.86,15523.81,15000.0,15476.19,39122
2019-03-19 15:29:59.712,15428.57,15476.19,15047.62,15047.62,8685
2019-03-20 15:29:59.712,15000.0,15285.71,15000.0,15285.71,5217
2019-03-21 15:29:59.712,15285.71,15428.57,14952.38,15428.57,13637
2019-03-22 15:29:59.712,15428.57,15523.81,14857.14,15476.19,29973
2019-03-25 15:29:59.712,15142.86,15571.43,15047.62,15190.48,10835
2019-03-26 15:29:59.712,15333.33,15333.33,15095.24,15333.33,7181
2019-03-27 15:29:59.712,15190.48,15619.05,15142.86,15333.33,9149
2019-03-28 15:29:59.712,15285.71,15333.33,14761.9,15238.1,19146
2019-03-29 15:29:59.712,15190.48,15476.19,14857.14,15476.19,31688
2019-04-01 15:29:59.712,15476.19,15523.81,15142.86,15142.86,18966
2019-04-02 15:29:59.712,15142.86,15523.81,15047.62,15190.48,17209
2019-04-03 15:29:59.712,15333.33,15333.33,15000.0,15333.33,11916
2019-04-04 15:29:59.712,15285.71,15857.14,15142.86,15761.9,33104
2019-04-05 15:29:59.712,15857.14,15857.14,15380.95,15666.67,12228
2019-04-08 15:29:59.712,15666.67,15809.52,15428.57,15761.9,9313
2019-04-09 15:29:59.712,15761.9,16000.0,15285.71,15904.76,24130
2019-04-10 15:29:59.712,15714.29,16000.0,15523.81,15904.76,15417
2019-04-11 15:29:59.712,15904.76,16000.0,15666.67,16000.0,10715
2019-04-12 15:29:59.712,15952.38,16000.0,15666.67,15761.9,16007
2019-04-15 15:29:59.712,15809.52,15952.38,15619.05,15809.52,7131
2019-04-16 15:29:59.712,15809.52,15809.52,15571.43,15666.67,5673
2019-04-17 15:29:59.712,15666.67,15761.9,15380.95,15619.05,10855
2019-04-18 15:29:59.712,15619.05,15761.9,15428.57,15571.43,5988
2019-04-19 15:29:59.712,15571.43,15809.52,15428.57,15571.43,16852
2019-04-22 15:29:59.712,15571.43,15714.29,15428.57,15714.29,8510
2019-04-23 15:29:59.712,15619.05,15809.52,15380.95,15380.95,13061
2019-04-24 15:29:59.712,15238.1,15238.1,14809.52,15047.62,22453
2019-04-25 15:29:59.712,14857.14,15285.71,14761.9,15142.86,12358
2019-04-26 15:29:59.712,15142.86,15238.1,14857.14,15238.1,9965
2019-04-29 15:29:59.712,15238.1,15285.71,15000.0,15190.48,27365
2019-04-30 15:29:59.712,15190.48,15333.33,15095.24,15190.48,11693
2019-05-02 15:29:59.712,15047.62,15333.33,15047.62,15333.33,6458
2019-05-03 15:29:59.712,15333.33,15428.57,15095.24,15380.95,17232
2019-05-07 15:29:59.712,15380.95,15380.95,15047.62,15142.86,10548
2019-05-08 15:29:59.712,15000.0,15333.33,15000.0,15238.1,6415
2019-05-09 15:29:59.712,15238.1,15238.1,14761.9,15190.48,26653
2019-05-10 15:29:59.712,15190.48,15380.95,14857.14,15285.71,13300
2019-05-13 15:29:59.712,15095.24,15238.1,14857.14,15238.1,14491
2019-05-14 15:29:59.712,15095.24,15428.57,14857.14,15333.33,20668
2019-05-15 15:29:59.712,15238.1,15428.57,15047.62,15428.57,11740
2019-05-16 15:29:59.712,15428.57,15761.9,15190.48,15666.67,14605
2019-05-17 15:29:59.712,15523.81,15619.05,15190.48,15476.19,18580
2019-05-20 15:29:59.712,15476.19,15476.19,15190.48,15285.71,6954
2019-05-21 15:29:59.712,15285.71,15428.57,15095.24,15142.86,5184
2019-05-22 15:29:59.712,15142.86,15238.1,14761.9,15190.48,35859
2019-05-23 15:29:59.712,15047.62,15142.86,14761.9,15047.62,36250
2019-05-24 15:29:59.712,14809.52,15380.95,14809.52,15142.86,13784
2019-05-27 15:29:59.712,15142.86,15190.48,14904.76,15190.48,10251
2019-05-28 15:29:59.712,15142.86,15476.19,15047.62,15238.1,18723
2019-05-29 15:29:59.712,15238.1,15238.1,15142.86,15142.86,8405
2019-05-30 15:29:59.712,15142.86,15380.95,15095.24,15380.95,12026
2019-05-31 15:29:59.712,15428.57,15476.19,15238.1,15238.1,27042
2019-06-03 15:29:59.712,15095.24,15619.05,15000.0,15619.05,18645
2019-06-04 15:29:59.712,15333.33,15619.05,15333.33,15619.05,15873
2019-06-05 15:29:59.712,15619.05,15666.67,15428.57,15666.67,19331
2019-06-07 15:29:59.712,15666.67,15857.14,15571.43,15809.52,10856
2019-06-10 15:29:59.712,15809.52,15952.38,15619.05,15952.38,13421
2019-06-11 15:29:59.712,15952.38,16047.62,15714.29,15809.52,25362
2019-06-12 15:29:59.712,15809.52,15952.38,15619.05,15857.14,69275
2019-06-13 15:29:59.712,15857.14,15904.76,15571.43,15904.76,11930
2019-06-14 15:29:59.712,15714.29,16095.24,15714.29,15809.52,19490
2019-06-17 15:29:59.712,15761.9,15952.38,15761.9,15809.52,4703
2019-06-18 15:29:59.712,15809.52,15952.38,15476.19,15619.05,47752
2019-06-19 15:29:59.712,15666.67,15761.9,15571.43,15714.29,21539
2019-06-20 15:29:59.712,15761.9,15857.14,15523.81,15761.9,16255
2019-06-21 15:29:59.712,15761.9,15761.9,15571.43,15666.67,11913
2019-06-24 15:29:59.712,15619.05,15666.67,15333.33,15619.05,37618
2019-06-25 15:29:59.712,15619.05,15666.67,15142.86,15142.86,24310
2019-06-26 15:29:59.712,15238.1,15333.33,15000.0,15333.33,16088
2019-06-27 15:29:59.712,15333.33,15333.33,15047.62,15333.33,14575
2019-06-28 15:29:59.712,15333.33,15476.19,15047.62,15428.57,23559
2019-07-01 15:29:59.712,15523.81,15619.05,15190.48,15333.33,21771
2019-07-02 15:29:59.712,15333.33,15476.19,15190.48,15476.19,14143
2019-07-03 15:29:59.712,15571.43,15571.43,15238.1,15428.57,4040
2019-07-04 15:29:59.712,15428.57,15476.19,15238.1,15285.71,8888
2019-07-05 15:29:59.712,15285.71,15476.19,15142.86,15476.19,8338
2019-07-08 15:29:59.712,15476.19,15523.81,15047.62,15047.62,8842
2019-07-09 15:29:59.712,15000.0,15428.57,14809.52,15333.33,9020
2019-07-10 15:29:59.712,15333.33,15571.43,15047.62,15523.81,26379
2019-07-11 15:29:59.712,15476.19,15666.67,15238.1,15380.95,12425
2019-07-12 15:29:59.712,15380.95,15523.81,15333.33,15523.81,9737
2019-07-15 15:29:59.712,15571.43,15571.43,15142.86,15142.86,11549
2019-07-16 15:29:59.712,15095.24,15619.05,15095.24,15571.43,21689
2019-07-17 15:29:59.712,15428.57,15571.43,15285.71,15428.57,4715
2019-07-18 15:29:59.712,15285.71,15380.95,15095.24,15285.71,7501
2019-07-19 15:29:59.712,15285.71,15333.33,15142.86,15285.71,8080
2019-07-22 15:29:59.712,15333.33,15571.43,15238.1,15571.43,10587
2019-07-23 15:29:59.712,15619.05,15761.9,15523.81,15714.29,20491
2019-07-24 15:29:59.712,15714.29,15857.14,15428.57,15666.67,13535
2019-07-25 15:29:59.712,15714.29,15809.52,15476.19,15809.52,16967
2019-07-26 15:29:59.712,15809.52,15809.52,15571.43,15809.52,22127
2019-07-29 15:29:59.712,15714.29,15761.9,15380.95,15523.81,9775
2019-07-30 15:29:59.712,15714.29,15904.76,15523.81,15714.29,20224
2019-07-31 15:29:59.712,15714.29,15809.52,15476.19,15714.29,13974
2019-08-01 15:29:59.712,15714.29,15761.9,15380.95,15714.29,15179
2019-08-02 15:29:59.712,15714.29,15714.29,15238.1,15333.33,16321
2019-08-05 15:29:59.712,15333.33,15380.95,14761.9,14761.9,16046
2019-08-06 15:29:59.712,14761.9,15238.1,14142.86,14142.86,24338
2019-08-07 15:29:59.712,14238.1,14904.76,14142.86,14761.9,12238
2019-08-08 15:29:59.712,14952.38,15238.1,14809.52,15238.1,10446
2019-08-09 15:29:59.712,15238.1,15238.1,14857.14,15142.86,15747
2019-08-12 15:29:59.712,15238.1,15619.05,15142.86,15523.81,14223
2019-08-13 15:29:59.712,15619.05,15619.05,15238.1,15380.95,12330
2019-08-14 15:29:59.712,15571.43,15571.43,15285.71,15523.81,14895
2019-08-16 15:29:59.712,15428.57,15571.43,15238.1,15333.33,27248
2019-08-19 15:29:59.712,15619.05,15809.52,15380.95,15809.52,21150
2019-08-20 15:29:59.712,15904.76,15904.76,15619.05,15809.52,12520
2019-08-21 15:29:59.712,15809.52,15809.52,15523.81,15619.05,170683
2019-08-22 15:29:59.712,15619.05,15619.05,14904.76,15380.95,29281
2019-08-23 15:29:59.712,15238.1,15523.81,14952.38,15190.48,30493
2019-08-26 15:29:59.712,15190.48,15333.33,14952.38,15142.86,19616
2019-08-27 15:29:59.712,15238.1,15476.19,14952.38,15476.19,15843
2019-08-28 15:29:59.712,15619.05,15619.05,15333.33,15428.57,5746
2019-08-29 15:29:59.712,15476.19,15619.05,15428.57,15619.05,9450
2019-08-30 15:29:59.712,15619.05,15619.05,15380.95,15523.81,10626
2019-09-02 15:29:59.712,15714.29,15714.29,15476.19,15619.05,9731
2019-09-03 15:29:59.712,15619.05,15619.05,15428.57,15428.57,8554
2019-09-04 15:29:59.712,15571.43,15571.43,15380.95,15523.81,4032
2019-09-05 15:29:59.712,15523.81,15619.05,15333.33,15619.05,11951
2019-09-06 15:29:59.712,15571.43,15571.43,15380.95,15523.81,6471
2019-09-09 15:29:59.712,15523.81,15666.67,15333.33,15571.43,7668
2019-09-10 15:29:59.712,15571.43,15619.05,15523.81,15619.05,2222
2019-09-11 15:29:59.712,15619.05,15904.76,15571.43,15809.52,15854
2019-09-16 15:29:59.712,15904.76,15904.76,15714.29,15761.9,4253
2019-09-17 15:29:59.712,15761.9,15857.14,15714.29,15714.29,4585
2019-09-18 15:29:59.712,15714.29,15809.52,15666.67,15761.9,6950
2019-09-19 15:29:59.712,15857.14,15904.76,15714.29,15809.52,3605
2019-09-20 15:29:59.712,15904.76,15904.76,15761.9,15761.9,6137
2019-09-23 15:29:59.712,15714.29,15857.14,15619.05,15761.9,195813
2019-09-24 15:29:59.712,15714.29,15714.29,15523.81,15714.29,15484
2019-09-25 15:29:59.712,15714.29,15714.29,15523.81,15619.05,7291
2019-09-26 15:29:59.712,15571.43,15666.67,15523.81,15523.81,2401
2019-09-27 15:29:59.712,15428.57,15619.05,15380.95,15571.43,7745
2019-09-30 15:29:59.712,15571.43,15666.67,15428.57,15571.43,11800
2019-10-01 15:29:59.712,15619.05,15619.05,15476.19,15523.81,1743
2019-10-02 15:29:59.712,15523.81,15571.43,15476.19,15476.19,8718
2019-10-04 15:29:59.712,15476.19,15523.81,15428.57,15476.19,4263
2019-10-07 15:29:59.712,15476.19,15476.19,15333.33,15476.19,3508
2019-10-08 15:29:59.712,15476.19,15476.19,15380.95,15428.57,2087
2019-10-10 15:29:59.712,15428.57,15619.05,15285.71,15619.05,64640
2019-10-11 15:29:59.712,15619.05,15619.05,15285.71,15428.57,6569
2019-10-14 15:29:59.712,15428.57,15571.43,15333.33,15428.57,7218
2019-10-15 15:29:59.712,15428.57,15571.43,15380.95,15428.57,4048
2019-10-16 15:29:59.712,15428.57,15571.43,15285.71,15571.43,10720
2019-10-17 15:29:59.712,15571.43,15666.67,15380.95,15619.05,6035
2019-10-18 15:29:59.712,15619.05,15619.05,15380.95,15428.57,7362
2019-10-21 15:29:59.712,15428.57,15571.43,15380.95,15571.43,4183
2019-10-22 15:29:59.712,15571.43,15571.43,15428.57,15476.19,5559
2019-10-23 15:29:59.712,15476.19,15476.19,15285.71,15333.33,8687
2019-10-24 15:29:59.712,15285.71,15285.71,15000.0,15095.24,13461
2019-10-25 15:29:59.712,15095.24,15380.95,14904.76,15333.33,6472
2019-10-28 15:29:59.712,15333.33,15571.43,15190.48,15571.43,4856
2019-10-29 15:29:59.712,15428.57,15571.43,15333.33,15333.33,4221
2019-10-30 15:29:59.712,15333.33,15571.43,15000.0,15000.0,12134
2019-10-31 15:29:59.712,15047.62,15142.86,14857.14,15095.24,20132
2019-11-01 15:29:59.712,15095.24,15714.29,14761.9,15714.29,31646
2019-11-04 15:29:59.712,15809.52,15857.14,15285.71,15333.33,12699
2019-11-05 15:29:59.712,15238.1,15476.19,15190.48,15428.57,3597
2019-11-06 15:29:59.712,15428.57,15666.67,15428.57,15571.43,3941
2019-11-07 15:29:59.712,15571.43,15714.29,15428.57,15666.67,8578
2019-11-08 15:29:59.712,15666.67,15666.67,15476.19,15523.81,682
2019-11-11 15:29:59.712,15523.81,15619.05,15142.86,15142.86,14705
2019-11-12 15:29:59.712,15190.48,15571.43,15190.48,15523.81,10192
2019-11-13 15:29:59.712,15523.81,15571.43,15380.95,15428.57,5115
2019-11-14 16:30:00.000,15523.81,15761.9,15285.71,15714.29,10359
2019-11-15 15:29:59.712,15428.57,15761.9,15380.95,15476.19,22967
2019-11-18 15:29:59.712,15476.19,15523.81,15333.33,15428.57,21101
2019-11-19 15:29:59.712,15428.57,15666.67,15333.33,15666.67,7954
2019-11-20 15:29:59.712,15666.67,15666.67,15333.33,15476.19,12215
2019-11-21 15:29:59.712,15428.57,15523.81,15285.71,15333.33,11571
2019-11-22 15:29:59.712,15333.33,15476.19,15285.71,15428.57,8286
2019-11-25 15:29:59.712,15571.43,15571.43,15333.33,15476.19,3898
2019-11-26 15:29:59.712,15571.43,15619.05,15380.95,15428.57,8552
2019-11-27 15:29:59.712,15428.57,15476.19,15190.48,15476.19,29620
2019-11-28 15:29:59.712,15523.81,15523.81,15285.71,15285.71,20283
2019-11-29 15:29:59.712,15333.33,15333.33,15190.48,15333.33,8621
2019-12-02 15:29:59.712,15333.33,15380.95,15238.1,15333.33,11736
2019-12-03 15:29:59.712,15333.33,15333.33,15142.86,15238.1,9621
2019-12-04 15:29:59.712,15238.1,15285.71,15000.0,15238.1,14581
2019-12-05 15:29:59.712,15238.1,15285.71,15142.86,15190.48,6862
2019-12-06 15:29:59.712,15333.33,15333.33,14952.38,15000.0,32108
2019-12-09 15:29:59.712,15095.24,15238.1,14714.29,14761.9,29370
2019-12-10 15:29:59.712,14952.38,15190.48,14761.9,15190.48,11709
2019-12-11 15:29:59.712,15238.1,15238.1,15000.0,15000.0,3921
2019-12-12 15:29:59.712,15238.1,16047.62,14904.76,15095.24,44705
2019-12-16 15:29:59.712,15047.62,15238.1,15000.0,15142.86,14054
2019-12-17 15:29:59.712,15095.24,15190.48,14952.38,15095.24,15241
2019-12-18 15:29:59.712,15142.86,15333.33,15142.86,15333.33,5407
2019-12-19 15:29:59.712,15380.95,15380.95,15047.62,15238.1,8190
2019-12-20 15:29:59.712,15238.1,15523.81,15047.62,15523.81,25280
2019-12-23 15:29:59.712,15619.05,15714.29,15523.81,15666.67,6674
2019-12-24 15:29:59.712,15666.67,15809.52,15571.43,15809.52,9582
2019-12-26 15:29:59.712,15857.14,15952.38,15714.29,15857.14,16294
2019-12-27 15:29:59.712,16150.0,16200.0,15900.0,16050.0,16220
2019-12-30 15:29:59.712,16050.0,16050.0,15700.0,15900.0,9361
2020-01-02 15:29:59.712,15900.0,16500.0,15800.0,16450.0,22628
2020-01-03 15:29:59.712,16450.0,16650.0,16200.0,16600.0,17033
2020-01-06 15:29:59.712,16600.0,16600.0,16150.0,16500.0,23922
2020-01-07 15:29:59.712,16500.0,16550.0,16200.0,16450.0,16451
2020-01-08 15:29:59.712,16450.0,16450.0,16050.0,16200.0,14275
2020-01-09 15:29:59.712,16300.0,16750.0,16100.0,16650.0,31709
2020-01-10 15:29:59.712,16650.0,17050.0,16500.0,16900.0,14905
2020-01-13 15:29:59.712,16950.0,17000.0,16350.0,16500.0,18585
2020-01-14 15:29:59.712,16500.0,16700.0,16350.0,16550.0,7127
2020-01-15 15:29:59.712,16550.0,16550.0,16200.0,16200.0,16802
2020-01-16 15:29:59.712,16250.0,16500.0,16200.0,16500.0,8002
2020-01-17 15:29:59.712,16350.0,16450.0,16200.0,16450.0,9986
2020-01-20 15:29:59.712,16450.0,16450.0,16250.0,16300.0,6685
2020-01-21 15:29:59.712,16300.0,16350.0,16000.0,16100.0,19554
2020-01-22 15:29:59.712,16100.0,16350.0,16100.0,16250.0,6935
2020-01-23 15:29:59.712,16250.0,16250.0,15950.0,16050.0,14804
2020-01-28 15:29:59.712,15900.0,15950.0,15550.0,15900.0,39985
2020-01-29 15:29:59.712,15850.0,16000.0,15750.0,15850.0,7773
2020-01-30 15:29:59.712,15700.0,15950.0,15600.0,15750.0,7925
2020-01-31 15:29:59.712,15750.0,16100.0,15750.0,16000.0,8912
2020-02-03 15:29:59.712,15800.0,16000.0,15600.0,15950.0,7348
2020-02-04 15:29:59.712,15900.0,16000.0,15650.0,15850.0,10782
2020-02-05 15:29:59.712,15850.0,15900.0,15450.0,15450.0,12741
2020-02-06 15:29:59.712,15500.0,15750.0,15450.0,15600.0,12934
2020-02-07 15:29:59.712,15750.0,15900.0,15350.0,15600.0,9452
2020-02-10 15:29:59.712,15700.0,15700.0,15500.0,15500.0,2611
2020-02-11 15:29:59.712,15500.0,15700.0,15450.0,15700.0,2956
2020-02-12 15:29:59.712,15750.0,15750.0,15500.0,15700.0,10323
2020-02-13 15:29:59.712,15700.0,16050.0,15600.0,16000.0,6913
2020-02-14 15:29:59.712,16000.0,16100.0,15650.0,15850.0,8415
2020-02-17 15:29:59.712,15850.0,15850.0,15500.0,15550.0,11360
2020-02-18 15:29:59.712,15600.0,15800.0,15450.0,15750.0,10205
2020-02-19 15:29:59.712,15800.0,15800.0,15350.0,15600.0,10205
2020-02-20 15:29:59.712,15600.0,15600.0,15350.0,15500.0,2350
2020-02-21 15:29:59.712,15350.0,15650.0,15300.0,15650.0,3520
2020-02-24 15:29:59.712,15600.0,15600.0,15250.0,15350.0,5619
2020-02-25 15:29:59.712,15350.0,15500.0,15200.0,15500.0,8388
2020-02-26 15:29:59.712,15200.0,15600.0,15050.0,15600.0,11069
2020-02-27 15:29:59.712,15600.0,15600.0,15150.0,15150.0,5770
2020-02-28 15:29:59.712,15150.0,15150.0,14500.0,14600.0,18794
2020-03-02 15:29:59.712,14700.0,15250.0,14500.0,15100.0,6555
2020-03-03 15:29:59.712,15100.0,15450.0,14900.0,15300.0,6877
2020-03-04 15:29:59.712,15000.0,15350.0,15000.0,15350.0,3588
2020-03-05 15:29:59.712,15350.0,15350.0,14900.0,14900.0,26488
2020-03-06 15:29:59.712,14900.0,15000.0,14650.0,14650.0,9335
2020-03-09 15:29:59.712,14700.0,14750.0,14000.0,14300.0,23192
2020-03-10 15:29:59.712,14300.0,15100.0,14050.0,15100.0,18509
2020-03-11 15:29:59.712,16750.0,17000.0,14400.0,14750.0,253993
2020-03-12 15:29:59.712,14400.0,14650.0,13900.0,13900.0,45235
2020-03-13 15:29:59.712,13100.0,13800.0,12900.0,13250.0,43700
2020-03-16 15:29:59.712,13250.0,13400.0,12800.0,12850.0,20265
2020-03-17 15:29:59.712,12250.0,12600.0,12150.0,12500.0,31795
2020-03-18 15:29:59.712,12500.0,12550.0,11850.0,12200.0,33081
2020-03-19 15:29:59.712,12200.0,12300.0,10050.0,10850.0,75291
2020-03-20 15:29:59.712,10900.0,11350.0,10500.0,10900.0,109600
2020-03-23 15:29:59.712,10500.0,10900.0,10200.0,10550.0,59153
2020-03-24 15:29:59.712,10550.0,11250.0,10550.0,11050.0,38807
2020-03-25 15:29:59.712,11500.0,11800.0,11200.0,11700.0,35808
2020-03-26 15:29:59.712,11750.0,12400.0,11550.0,11950.0,18119
2020-03-27 15:29:59.712,12100.0,12300.0,11800.0,12250.0,25335
2020-03-30 15:29:59.712,12100.0,12300.0,11800.0,12100.0,21448
2020-03-31 15:29:59.712,12350.0,12550.0,12050.0,12500.0,22904
2020-04-01 15:29:59.712,12500.0,12800.0,12200.0,12650.0,19133
2020-04-02 15:29:59.712,12600.0,13000.0,12300.0,12950.0,14695
2020-04-03 15:29:59.712,12950.0,12950.0,12650.0,12850.0,3570
2020-04-06 15:29:59.712,12800.0,13000.0,12500.0,12900.0,31408
2020-04-07 15:29:59.712,12900.0,13050.0,12400.0,12600.0,42315
2020-04-08 15:29:59.712,12600.0,12700.0,12450.0,12700.0,13357
2020-04-09 15:29:59.712,12650.0,12900.0,12550.0,12850.0,17932
2020-04-10 15:29:59.712,12850.0,13000.0,12400.0,12750.0,40448
2020-04-13 15:29:59.712,12850.0,12850.0,12550.0,12600.0,15104
2020-04-14 15:29:59.712,12600.0,12800.0,12550.0,12650.0,38998
2020-04-16 15:29:59.712,12700.0,13150.0,12500.0,13100.0,73698
2020-04-17 15:29:59.712,13200.0,13350.0,13000.0,13150.0,23988
2020-04-20 15:29:59.712,13100.0,13250.0,12800.0,12900.0,19204
2020-04-21 15:29:59.712,12900.0,13400.0,12550.0,13400.0,24439
2020-04-22 15:29:59.712,13150.0,13700.0,13050.0,13550.0,8734
2020-04-23 15:29:59.712,13550.0,13750.0,13400.0,13700.0,13859
2020-04-24 15:29:59.712,13500.0,13700.0,13300.0,13500.0,13502
2020-04-27 15:29:59.712,13500.0,13750.0,13450.0,13650.0,42702
2020-04-28 15:29:59.712,13650.0,13650.0,13450.0,13550.0,10494
2020-04-29 15:29:59.712,13550.0,13600.0,13300.0,13500.0,24837
2020-05-04 15:29:59.712,13450.0,13550.0,13300.0,13550.0,19268
2020-05-06 15:29:59.712,13600.0,13750.0,13450.0,13600.0,16798
2020-05-07 15:29:59.712,13600.0,14100.0,13450.0,13900.0,37210
2020-05-08 15:29:59.712,14000.0,14000.0,13650.0,13900.0,48733
2020-05-11 15:29:59.712,13900.0,14050.0,13800.0,13950.0,7121
2020-05-12 15:29:59.712,13950.0,14000.0,13450.0,13600.0,44162
2020-05-13 15:29:59.712,13600.0,13950.0,13450.0,13900.0,22887
2020-05-14 15:29:59.712,13900.0,14000.0,13600.0,13800.0,32164
2020-05-15 15:29:59.712,13800.0,14400.0,13550.0,13600.0,49799
2020-05-18 15:29:59.712,13650.0,13800.0,13400.0,13700.0,20301
2020-05-19 15:29:59.712,13750.0,13800.0,13600.0,13750.0,25076
2020-05-20 15:29:59.712,13650.0,13850.0,13500.0,13700.0,44918
2020-05-21 15:29:59.712,13600.0,13900.0,13600.0,13850.0,15077
2020-05-22 15:29:59.712,14000.0,14000.0,13550.0,13600.0,17689
2020-05-25 15:29:59.712,13700.0,13750.0,13350.0,13650.0,22742
2020-05-26 15:29:59.712,13800.0,13850.0,13700.0,13800.0,18667
2020-05-27 15:29:59.712,13850.0,14150.0,13750.0,14000.0,18595
2020-05-28 15:29:59.712,14150.0,14250.0,13700.0,14100.0,16395
2020-05-29 15:29:59.712,14100.0,14200.0,14000.0,14200.0,5374
2020-06-01 15:29:59.712,14200.0,14600.0,14100.0,14600.0,18020
2020-06-02 15:29:59.712,14600.0,14750.0,14500.0,14750.0,18331
2020-06-03 15:29:59.712,14750.0,14850.0,14300.0,14500.0,32106
2020-06-04 15:29:59.712,14450.0,14650.0,14400.0,14500.0,21761
2020-06-05 15:29:59.712,14450.0,14550.0,14400.0,14500.0,10626
2020-06-08 15:29:59.712,14500.0,14600.0,14400.0,14500.0,13643
2020-06-09 15:29:59.712,14500.0,14550.0,14250.0,14450.0,31313
2020-06-10 15:29:59.712,14450.0,14500.0,14300.0,14400.0,11503
2020-06-11 15:29:59.712,14400.0,14500.0,14100.0,14150.0,16261
2020-06-12 15:29:59.712,13600.0,13900.0,13400.0,13650.0,29497
2020-06-15 15:29:59.712,14150.0,14350.0,13650.0,13700.0,89533
2020-06-16 15:29:59.712,13750.0,14000.0,13600.0,13800.0,66278
2020-06-17 15:29:59.712,13750.0,13900.0,13500.0,13750.0,27894
2020-06-18 15:29:59.712,13750.0,13950.0,13700.0,13800.0,15441
2020-06-19 15:29:59.712,13800.0,13900.0,13700.0,13850.0,11604
2020-06-22 15:29:59.712,13950.0,14050.0,13700.0,13800.0,19986
2020-06-23 15:29:59.712,13850.0,14000.0,13650.0,13800.0,25364
2020-06-24 15:29:59.712,13800.0,13800.0,13650.0,13650.0,25002
2020-06-25 15:29:59.712,13500.0,13750.0,12950.0,13000.0,54936
2020-06-26 15:29:59.712,13100.0,13300.0,13000.0,13000.0,16528
2020-06-29 15:29:59.712,12800.0,13050.0,12750.0,13050.0,26088
2020-06-30 15:29:59.712,13100.0,13150.0,12950.0,13100.0,11264
2020-07-01 15:29:59.712,13100.0,13450.0,13050.0,13250.0,18719
2020-07-02 15:29:59.712,13250.0,13950.0,13050.0,13800.0,14457
2020-07-03 15:29:59.712,13850.0,13850.0,13500.0,13650.0,28495
2020-07-06 15:29:59.712,13650.0,13650.0,13450.0,13500.0,19416
2020-07-07 15:29:59.712,13500.0,13650.0,13350.0,13550.0,12821
2020-07-08 15:29:59.712,13500.0,13500.0,13350.0,13500.0,7596
2020-07-09 15:29:59.712,13500.0,13500.0,13450.0,13500.0,5834
2020-07-10 15:29:59.712,13450.0,13550.0,13200.0,13250.0,29716
2020-07-13 15:29:59.712,13300.0,13500.0,13100.0,13500.0,15282
2020-07-14 15:29:59.712,13350.0,13500.0,13250.0,13400.0,21384
2020-07-15 15:29:59.712,13400.0,13550.0,13350.0,13400.0,14055
2020-07-16 15:29:59.712,13350.0,13500.0,13300.0,13500.0,8725
2020-07-17 15:29:59.712,13500.0,13500.0,13250.0,13350.0,12032
2020-07-20 15:29:59.712,13350.0,13350.0,13200.0,13350.0,6464
2020-07-21 15:29:59.712,13250.0,13300.0,13050.0,13250.0,28082
2020-07-22 15:29:59.712,13200.0,13200.0,13050.0,13050.0,23210
2020-07-23 15:29:59.712,13100.0,13100.0,12800.0,12850.0,28571
2020-07-24 15:29:59.712,12800.0,12900.0,12750.0,12850.0,11963
2020-07-27 15:29:59.712,12750.0,12850.0,12300.0,12350.0,56502
2020-07-28 15:29:59.712,12500.0,12800.0,12350.0,12550.0,107257
2020-07-29 15:29:59.712,12550.0,12850.0,12550.0,12700.0,20336
2020-07-30 15:29:59.712,12800.0,12850.0,12650.0,12800.0,18856
2020-07-31 15:29:59.712,12800.0,13050.0,12750.0,12950.0,20091
2020-08-03 15:29:59.712,13000.0,13000.0,12750.0,12950.0,14621
2020-08-04 15:29:59.712,12950.0,13100.0,12850.0,12950.0,6791
2020-08-05 15:29:59.712,12950.0,13050.0,12750.0,12950.0,30626
2020-08-06 15:29:59.712,13000.0,13150.0,12900.0,13050.0,15373
2020-08-07 15:29:59.712,13100.0,13250.0,12900.0,13200.0,13889
2020-08-10 15:29:59.712,13050.0,13200.0,13050.0,13100.0,20208
2020-08-11 15:29:59.712,13100.0,13100.0,12950.0,13050.0,22033
2020-08-12 15:29:59.712,13050.0,13050.0,12900.0,13000.0,19688
2020-08-13 15:29:59.712,13000.0,13000.0,12750.0,13000.0,216950
2020-08-14 15:29:59.712,14350.0,14800.0,13400.0,14000.0,242233
2020-08-18 15:29:59.712,13950.0,14150.0,13550.0,13650.0,107707
2020-08-19 15:29:59.712,13750.0,14050.0,13650.0,13800.0,55181
2020-08-20 15:29:59.712,13900.0,14050.0,13500.0,13700.0,72468
2020-08-21 15:29:59.712,13800.0,14000.0,13700.0,14000.0,88449
2020-08-24 15:29:59.712,13900.0,14000.0,13700.0,13950.0,51670
2020-08-25 15:29:59.712,13850.0,13950.0,13650.0,13850.0,106575
2020-08-26 15:29:59.712,13700.0,13800.0,13550.0,13650.0,31324
2020-08-27 15:29:59.712,13750.0,14000.0,13100.0,13200.0,216520
2020-08-28 15:29:59.712,13150.0,13350.0,12750.0,12950.0,100108
2020-08-31 15:29:59.712,13050.0,13150.0,12900.0,13050.0,36275
2020-09-01 15:29:59.712,13050.0,13250.0,12850.0,13200.0,15756
2020-09-02 15:29:59.712,13200.0,13250.0,13050.0,13150.0,24049
2020-09-03 15:29:59.712,13250.0,13700.0,13150.0,13500.0,84456
2020-09-04 15:29:59.712,13300.0,13550.0,13150.0,13350.0,67572
2020-09-07 15:29:59.712,13350.0,13700.0,13350.0,13500.0,26577
2020-09-08 15:29:59.712,13500.0,13650.0,13350.0,13600.0,24475
2020-09-09 15:29:59.712,13600.0,13600.0,13350.0,13500.0,12783
2020-09-10 15:29:59.712,13600.0,13600.0,13300.0,13450.0,29958
2020-09-11 15:29:59.712,13450.0,13550.0,13400.0,13500.0,9976
2020-09-14 15:29:59.712,13500.0,13700.0,13500.0,13650.0,22068
2020-09-15 15:29:59.712,13700.0,13800.0,13550.0,13800.0,21031
2020-09-16 15:29:59.712,13800.0,13850.0,13550.0,13750.0,18656
2020-09-17 15:29:59.712,13750.0,13850.0,13600.0,13700.0,22844
2020-09-18 15:29:59.712,13850.0,14050.0,13750.0,13800.0,82673
2020-09-21 15:29:59.712,13700.0,13800.0,13550.0,13600.0,16963
2020-09-22 15:29:59.712,13600.0,13700.0,13400.0,13550.0,38252
2020-09-23 15:29:59.712,13600.0,13600.0,13400.0,13600.0,4708
2020-09-24 15:29:59.712,13450.0,13550.0,13250.0,13450.0,21621
2020-09-25 15:29:59.712,13450.0,13600.0,13350.0,13500.0,3863
2020-09-28 15:29:59.712,13550.0,13600.0,13400.0,13500.0,15831
2020-09-29 15:29:59.712,13600.0,14050.0,13500.0,13650.0,52007
2020-10-05 15:29:59.712,13650.0,13750.0,13550.0,13700.0,16659
2020-10-06 15:29:59.712,13700.0,13800.0,13600.0,13750.0,14935
2020-10-07 15:29:59.712,13700.0,13750.0,13600.0,13750.0,7335
2020-10-08 15:29:59.712,13750.0,13750.0,13550.0,13650.0,25912
2020-10-12 15:29:59.712,13650.0,13700.0,13500.0,13600.0,28982
2020-10-13 15:29:59.712,13700.0,13950.0,13550.0,13750.0,65269
2020-10-14 15:29:59.712,13800.0,14150.0,13750.0,13800.0,54654
2020-10-15 15:29:59.712,14000.0,14000.0,13800.0,13950.0,67314
2020-10-16 15:29:59.712,13900.0,13950.0,13650.0,13800.0,50153
2020-10-19 15:29:59.712,13750.0,14100.0,13750.0,13950.0,54970
2020-10-20 15:29:59.712,13950.0,14050.0,13700.0,13950.0,57023
2020-10-21 15:29:59.712,14000.0,14050.0,13850.0,13900.0,55730
2020-10-22 15:29:59.712,13900.0,13950.0,13650.0,13900.0,95295
2020-10-23 15:29:59.712,13850.0,14150.0,13800.0,14000.0,49284
2020-10-26 15:29:59.712,14000.0,14000.0,13850.0,13900.0,66621
2020-10-27 15:29:59.712,13900.0,14100.0,13850.0,14050.0,84659
2020-10-28 15:29:59.712,14050.0,14100.0,13900.0,13950.0,22385
2020-10-29 15:29:59.712,13900.0,13900.0,13650.0,13800.0,25162
2020-10-30 15:29:59.712,13800.0,13800.0,13550.0,13650.0,15872
2020-11-02 15:29:59.712,13700.0,13750.0,13550.0,13750.0,11540
2020-11-03 15:29:59.712,13750.0,13900.0,13700.0,13850.0,11703
2020-11-04 15:29:59.712,13850.0,13900.0,13750.0,13800.0,5736
2020-11-05 15:29:59.712,13800.0,13950.0,13750.0,13900.0,6013
2020-11-06 15:29:59.712,13950.0,13950.0,13650.0,13700.0,31424
2020-11-09 15:29:59.712,13750.0,13800.0,13550.0,13800.0,43009
2020-11-10 15:29:59.712,13800.0,13950.0,13700.0,13950.0,27241
2020-11-11 15:29:59.712,13950.0,14100.0,13850.0,14050.0,34714
2020-11-12 15:29:59.712,14050.0,14100.0,13900.0,14100.0,16339
2020-11-13 15:29:59.712,14100.0,14250.0,13850.0,14200.0,32696
2020-11-16 15:29:59.712,14300.0,14300.0,14000.0,14200.0,13465
2020-11-17 15:29:59.712,14200.0,14300.0,14000.0,14200.0,20677
2020-11-18 15:29:59.712,14200.0,14200.0,13950.0,14000.0,33783
2020-11-19 15:29:59.712,14000.0,14050.0,13850.0,14050.0,48012
2020-11-20 15:29:59.712,14000.0,14050.0,13900.0,14050.0,12531
2020-11-23 15:29:59.712,14100.0,14200.0,14050.0,14150.0,28134
2020-11-24 15:29:59.712,14250.0,14250.0,14000.0,14150.0,25039
2020-11-25 15:29:59.712,14150.0,14250.0,13900.0,14050.0,82030
2020-11-26 15:29:59.712,14050.0,14250.0,13850.0,13900.0,39095
2020-11-27 15:29:59.712,13900.0,13950.0,13800.0,13950.0,12884
2020-11-30 15:29:59.712,13950.0,14100.0,13750.0,13750.0,102091
2020-12-01 15:29:59.712,13800.0,13950.0,13700.0,13750.0,65246
2020-12-02 15:29:59.712,13800.0,13950.0,13600.0,13950.0,40504
2020-12-03 15:29:59.712,14000.0,14150.0,13950.0,14150.0,33139
2020-12-04 15:29:59.712,14150.0,14150.0,13950.0,14100.0,16760
2020-12-07 15:29:59.712,14100.0,14150.0,14000.0,14150.0,16564
2020-12-08 15:29:59.712,14100.0,14150.0,13950.0,13950.0,10027
2020-12-09 15:29:59.712,14050.0,14150.0,13950.0,14100.0,12268
2020-12-10 15:29:59.712,14150.0,14150.0,13950.0,14100.0,21503
2020-12-11 15:29:59.712,14150.0,14150.0,14000.0,14050.0,28605
2020-12-14 15:29:59.712,14050.0,14050.0,13900.0,14000.0,16279
2020-12-15 15:29:59.712,14000.0,14050.0,13900.0,14050.0,14992
2020-12-16 15:29:59.712,14100.0,14150.0,13900.0,14050.0,31434
2020-12-17 15:29:59.712,14050.0,14200.0,13950.0,14150.0,18665
2020-12-18 15:29:59.712,14150.0,14700.0,14150.0,14350.0,97345
2020-12-21 15:29:59.712,14450.0,14600.0,14350.0,14450.0,37639
2020-12-22 15:29:59.712,14450.0,14650.0,14350.0,14400.0,24524
2020-12-23 15:29:59.712,14350.0,14450.0,14300.0,14450.0,15425
2020-12-24 15:29:59.712,14450.0,14450.0,14200.0,14400.0,22720
2020-12-28 15:29:59.712,14400.0,14550.0,14300.0,14450.0,53631
2020-12-29 15:29:59.712,14400.0,14400.0,14100.0,14150.0,25710
2020-12-30 15:29:59.712,14250.0,14250.0,14000.0,14000.0,31124
2021-01-04 15:29:59.712,14050.0,14050.0,13850.0,14000.0,44416
2021-01-05 15:29:59.712,13850.0,14050.0,13850.0,13900.0,23784
2021-01-06 15:29:59.712,13900.0,14000.0,13850.0,13950.0,18012
2021-01-07 15:29:59.712,14000.0,14050.0,13900.0,14000.0,17565
2021-01-08 15:29:59.712,14050.0,14050.0,13850.0,14000.0,31586
2021-01-11 15:29:59.712,14000.0,14000.0,13750.0,13900.0,43492
2021-01-12 15:29:59.712,13900.0,13950.0,13650.0,13900.0,26777
2021-01-13 15:29:59.712,14000.0,14150.0,13800.0,13950.0,44313
2021-01-14 15:29:59.712,13950.0,14000.0,13800.0,13900.0,42907
2021-01-15 15:29:59.712,13900.0,13950.0,13800.0,13900.0,24470
2021-01-18 15:29:59.712,13850.0,14000.0,13800.0,13800.0,42527
2021-01-19 15:29:59.712,13850.0,14000.0,13800.0,14000.0,28293
2021-01-20 15:29:59.712,14050.0,14050.0,13800.0,13950.0,25557
2021-01-21 15:29:59.712,14000.0,14000.0,13850.0,13900.0,36151
2021-01-22 15:29:59.712,13900.0,14050.0,13850.0,13950.0,23436
2021-01-25 15:29:59.712,13950.0,14100.0,13800.0,13900.0,110437
2021-01-26 15:29:59.712,13900.0,13950.0,13700.0,13850.0,42545
2021-01-27 15:29:59.712,13850.0,14050.0,13700.0,13900.0,44236
2021-01-28 15:29:59.712,13750.0,13850.0,13700.0,13700.0,33110
2021-01-29 15:29:59.712,13850.0,13850.0,13450.0,13600.0,50261
2021-02-01 15:29:59.712,13550.0,13650.0,13450.0,13600.0,32070
2021-02-02 15:29:59.712,13600.0,13750.0,13550.0,13700.0,27436
2021-02-03 15:29:59.712,13700.0,13800.0,13600.0,13700.0,26634
2021-02-04 15:29:59.712,13700.0,13800.0,13600.0,13700.0,24867
2021-02-05 15:29:59.712,13750.0,13800.0,13600.0,13700.0,23866
2021-02-08 15:29:59.712,13750.0,13800.0,13700.0,13800.0,25775
2021-02-09 15:29:59.712,13800.0,13900.0,13700.0,13800.0,34394
2021-02-10 15:29:59.712,13750.0,13900.0,13750.0,13900.0,25176
2021-02-15 15:29:59.712,13900.0,13950.0,13850.0,13950.0,17064
2021-02-16 15:29:59.712,13950.0,14000.0,13850.0,13950.0,23444
2021-02-17 15:29:59.712,13950.0,13950.0,13800.0,13900.0,36389
2021-02-18 15:29:59.712,14150.0,14250.0,14000.0,14050.0,60772
2021-02-19 15:29:59.712,14050.0,14350.0,13950.0,14250.0,71982
2021-02-22 15:29:59.712,14350.0,15050.0,14300.0,14700.0,139057
2021-02-23 15:29:59.712,14850.0,14850.0,14400.0,14500.0,41098
2021-02-24 15:29:59.712,14500.0,14500.0,14000.0,14100.0,55254
2021-02-25 15:29:59.712,14250.0,14500.0,14050.0,14300.0,38543
2021-02-26 15:29:59.712,14150.0,14200.0,13700.0,14000.0,29323
2021-03-02 15:29:59.712,14200.0,14400.0,14000.0,14150.0,19904
2021-03-03 15:29:59.712,14100.0,14350.0,14000.0,14350.0,25582
2021-03-04 15:29:59.712,14300.0,14650.0,14200.0,14600.0,54168
2021-03-05 15:29:59.712,14550.0,14750.0,14350.0,14650.0,28207
2021-03-08 15:29:59.712,14700.0,14700.0,14350.0,14500.0,23762
2021-03-09 15:29:59.712,14500.0,14550.0,14150.0,14500.0,24447
2021-03-10 15:29:59.712,14500.0,14500.0,14200.0,14250.0,12102
2021-03-11 15:29:59.712,14300.0,14350.0,14200.0,14300.0,5920
2021-03-12 15:29:59.712,14300.0,14400.0,14150.0,14400.0,13240
2021-03-15 15:29:59.712,14400.0,14700.0,14350.0,14650.0,35337
2021-03-16 15:29:59.712,14650.0,14800.0,14500.0,14700.0,21776
2021-03-17 15:29:59.712,14700.0,14750.0,14550.0,14750.0,13720
2021-03-18 15:29:59.712,14750.0,14800.0,14650.0,14750.0,13353
2021-03-19 15:29:59.712,14600.0,14750.0,14500.0,14600.0,15100
2021-03-22 15:29:59.712,14650.0,14700.0,14500.0,14600.0,25857
2021-03-23 15:29:59.712,14550.0,14700.0,14550.0,14600.0,12059
2021-03-24 15:29:59.712,14600.0,14600.0,14450.0,14550.0,18380
2021-03-25 15:29:59.712,14550.0,14650.0,14450.0,14600.0,15575
2021-03-26 15:29:59.712,14650.0,14700.0,14450.0,14550.0,24368
2021-03-29 15:29:59.712,14550.0,14600.0,14450.0,14550.0,15818
2021-03-30 15:29:59.712,14550.0,14900.0,14550.0,14900.0,37533
2021-03-31 15:29:59.712,14950.0,15200.0,14700.0,15000.0,44036
2021-04-01 15:29:59.712,15000.0,15350.0,15000.0,15350.0,25050
2021-04-02 15:29:59.712,15400.0,15550.0,15250.0,15450.0,26684
2021-04-05 15:29:59.712,15500.0,15600.0,15350.0,15450.0,25474
2021-04-06 15:29:59.712,15400.0,15500.0,15350.0,15450.0,17711
2021-04-07 15:29:59.712,15350.0,15600.0,15350.0,15550.0,13976
2021-04-08 15:29:59.712,15450.0,15650.0,15400.0,15550.0,16624
2021-04-09 15:29:59.712,15550.0,15850.0,15550.0,15800.0,21679
2021-04-12 15:29:59.712,15800.0,15850.0,15600.0,15600.0,22580
2021-04-13 15:29:59.712,15550.0,15600.0,15400.0,15600.0,32502
2021-04-14 15:29:59.712,15600.0,15750.0,15500.0,15650.0,16482
2021-04-15 15:29:59.712,15650.0,16050.0,15600.0,16000.0,25342
2021-04-16 15:29:59.712,16150.0,16350.0,16000.0,16000.0,28172
2021-04-19 15:29:59.712,16100.0,16350.0,16000.0,16150.0,22955
2021-04-20 15:29:59.712,16150.0,16500.0,16000.0,16500.0,28197
2021-04-21 15:29:59.712,16500.0,16700.0,16200.0,16350.0,40292
2021-04-22 15:29:59.712,16300.0,16650.0,16250.0,16550.0,20337
2021-04-23 15:29:59.712,16550.0,17150.0,16500.0,16950.0,38921
2021-04-26 15:29:59.712,16950.0,17450.0,16950.0,17300.0,30318
2021-04-27 15:29:59.712,17400.0,17550.0,16950.0,17300.0,83192
2021-04-28 15:29:59.712,17300.0,17400.0,17050.0,17150.0,27016
2021-04-29 15:29:59.712,17200.0,17400.0,16900.0,17350.0,36426
2021-04-30 15:29:59.712,17350.0,17400.0,16750.0,16950.0,25194
2021-05-03 15:29:59.712,16950.0,16950.0,16500.0,16600.0,39326
2021-05-04 15:29:59.712,16500.0,16900.0,16500.0,16800.0,11664
2021-05-06 15:29:59.712,16800.0,17000.0,16750.0,16950.0,20251
2021-05-07 15:29:59.712,17000.0,17150.0,17000.0,17100.0,8275
2021-05-10 15:29:59.712,17150.0,17250.0,16900.0,17200.0,21333
2021-05-11 15:29:59.712,17200.0,17200.0,16800.0,17000.0,12355
2021-05-12 15:29:59.712,16900.0,17000.0,16400.0,16700.0,26708
2021-05-13 15:29:59.712,16600.0,16650.0,16200.0,16200.0,36837
2021-05-14 15:29:59.712,16400.0,17350.0,16300.0,17050.0,69855
2021-05-17 15:29:59.712,17350.0,17600.0,17150.0,17450.0,50064
2021-05-18 15:29:59.712,17450.0,17550.0,17200.0,17450.0,13356
2021-05-20 15:29:59.712,17350.0,17400.0,17000.0,17200.0,19252
2021-05-21 15:29:59.712,17100.0,17250.0,16600.0,16750.0,31041
2021-05-24 15:29:59.712,16700.0,16800.0,16300.0,16700.0,13343
2021-05-25 15:29:59.712,16600.0,16950.0,16600.0,16900.0,24815
2021-05-26 15:29:59.712,16850.0,16850.0,16500.0,16600.0,14281
2021-05-27 15:29:59.712,16600.0,16600.0,16150.0,16200.0,27719
2021-05-28 15:29:59.712,16250.0,16500.0,16050.0,16450.0,22361
2021-05-31 15:29:59.712,16400.0,16900.0,16200.0,16650.0,18834
2021-06-01 15:29:59.712,16550.0,16750.0,16300.0,16500.0,20271
2021-06-02 15:29:59.712,16400.0,16650.0,16300.0,16600.0,20884
2021-06-03 15:29:59.712,16450.0,16600.0,16400.0,16600.0,12555
2021-06-04 15:29:59.712,16550.0,16600.0,16350.0,16500.0,13978
2021-06-07 15:29:59.712,16600.0,16600.0,16350.0,16400.0,14061
2021-06-08 15:29:59.712,16400.0,16600.0,16300.0,16600.0,10447
2021-06-09 15:29:59.712,16600.0,16800.0,16500.0,16750.0,23631
2021-06-10 15:29:59.712,16700.0,16950.0,16650.0,16900.0,14739
2021-06-11 15:29:59.712,16950.0,17000.0,16750.0,16850.0,8884
2021-06-14 15:29:59.712,16850.0,16900.0,16700.0,16850.0,5068
2021-06-15 15:29:59.712,16850.0,16900.0,16650.0,16900.0,10276
2021-06-16 15:29:59.712,16900.0,17000.0,16750.0,16850.0,10116
2021-06-17 15:29:59.712,16700.0,16900.0,16700.0,16850.0,6593
2021-06-18 15:29:59.712,16750.0,17000.0,16750.0,16900.0,15938
2021-06-21 15:29:59.712,16800.0,16850.0,16550.0,16650.0,11074
2021-06-22 15:29:59.712,16650.0,16900.0,16600.0,16800.0,9740
2021-06-23 15:29:59.712,16750.0,17800.0,16650.0,16950.0,84425
2021-06-24 15:29:59.712,16950.0,17150.0,16750.0,16900.0,15544
2021-06-25 15:29:59.712,16900.0,17300.0,16900.0,17050.0,18023
2021-06-28 15:29:59.712,16950.0,17350.0,16950.0,17200.0,28765
2021-06-29 15:29:59.712,17200.0,17250.0,16950.0,17000.0,16605
2021-06-30 15:29:59.712,17000.0,17100.0,16900.0,17000.0,12006
2021-07-02 15:29:59.712,16950.0,17200.0,16850.0,17200.0,11696
2021-07-05 15:29:59.712,17200.0,17200.0,17000.0,17000.0,11842
2021-07-06 15:29:59.712,17050.0,17150.0,16900.0,17150.0,11126
2021-07-07 15:29:59.712,17100.0,17100.0,16950.0,17050.0,6445
2021-07-08 15:29:59.712,16950.0,17050.0,16500.0,16750.0,24149
2021-07-09 15:29:59.712,16500.0,16650.0,16300.0,16550.0,20665
2021-07-12 15:29:59.712,16500.0,16550.0,16300.0,16400.0,23156
2021-07-13 15:29:59.712,16450.0,16650.0,16400.0,16550.0,13212
2021-07-14 15:29:59.712,16550.0,16550.0,16300.0,16450.0,10603
2021-07-15 15:29:59.712,16450.0,16450.0,16250.0,16400.0,9693
2021-07-16 15:29:59.712,16300.0,16450.0,16250.0,16400.0,8470
2021-07-19 15:29:59.712,16300.0,16400.0,16150.0,16350.0,15049
2021-07-20 15:29:59.712,16150.0,16250.0,16050.0,16100.0,13599
2021-07-21 15:29:59.712,16100.0,16300.0,16100.0,16100.0,5209
2021-07-22 15:29:59.712,16100.0,16300.0,16100.0,16150.0,6321
2021-07-23 15:29:59.712,16250.0,16250.0,16000.0,16050.0,18376
2021-07-26 15:29:59.712,16000.0,16100.0,15700.0,15750.0,19685
2021-07-27 15:29:59.712,15750.0,16100.0,15550.0,16050.0,12081
2021-07-28 15:29:59.712,16050.0,16100.0,15800.0,15950.0,11577
2021-07-29 15:29:59.712,15900.0,16050.0,15900.0,15950.0,8009
2021-07-30 15:29:59.712,16000.0,16350.0,15950.0,16300.0,8583
2021-08-02 15:29:59.712,16300.0,16400.0,16050.0,16200.0,11567
2021-08-03 15:29:59.712,16350.0,16550.0,16150.0,16250.0,33877
2021-08-04 15:29:59.712,16350.0,16700.0,16350.0,16550.0,11539
2021-08-05 15:29:59.712,16700.0,16700.0,16500.0,16600.0,8732
2021-08-06 15:29:59.712,16600.0,16750.0,16400.0,16650.0,10615
2021-08-09 15:29:59.712,16550.0,16700.0,16400.0,16600.0,13283
2021-08-10 15:29:59.712,16450.0,16500.0,16350.0,16500.0,5828
2021-08-11 15:29:59.712,16450.0,16700.0,16250.0,16650.0,15151
2021-08-12 15:29:59.712,16550.0,16750.0,16450.0,16550.0,14342
2021-08-13 15:29:59.712,16450.0,16550.0,15950.0,16200.0,45058
2021-08-17 15:29:59.712,16100.0,16300.0,15950.0,16000.0,19990
2021-08-18 15:29:59.712,15900.0,16150.0,15850.0,16150.0,4945
2021-08-19 15:29:59.712,16150.0,16150.0,15650.0,15700.0,15751
2021-08-20 15:29:59.712,15750.0,15850.0,15150.0,15150.0,41201
2021-08-23 15:29:59.712,15300.0,15900.0,15100.0,15500.0,18182
2021-08-24 15:29:59.712,15600.0,16000.0,15600.0,16000.0,6783
2021-08-25 15:29:59.712,16100.0,16100.0,15800.0,15900.0,6120
2021-08-26 15:29:59.712,15950.0,16000.0,15550.0,15800.0,7465
2021-08-27 15:29:59.712,15850.0,16000.0,15650.0,16000.0,8133
2021-08-30 15:29:59.712,16150.0,16150.0,15800.0,15900.0,25056
2021-08-31 15:29:59.712,15950.0,15950.0,15800.0,15900.0,9144
2021-09-01 15:29:59.712,15900.0,15900.0,15750.0,15900.0,9805
2021-09-02 15:29:59.712,15900.0,15950.0,15800.0,15800.0,6121
2021-09-03 15:29:59.712,15800.0,16000.0,15750.0,15750.0,14365
2021-09-06 15:29:59.712,15750.0,15950.0,15600.0,15650.0,17855
2021-09-07 15:29:59.712,15650.0,15850.0,15450.0,15750.0,13108
2021-09-08 15:29:59.712,15750.0,16050.0,15650.0,15850.0,13020
2021-09-09 15:29:59.712,15700.0,15850.0,15550.0,15650.0,16019
2021-09-10 15:29:59.712,15600.0,15850.0,15550.0,15700.0,10612
2021-09-13 15:29:59.712,15700.0,15850.0,15600.0,15700.0,10089
2021-09-14 15:29:59.712,15750.0,15950.0,15550.0,15850.0,9254
2021-09-15 15:29:59.712,15850.0,15850.0,15600.0,15700.0,8185
2021-09-16 15:29:59.712,15700.0,15750.0,15400.0,15500.0,13274
2021-09-17 15:29:59.712,15550.0,15600.0,15400.0,15550.0,15996
2021-09-23 15:29:59.712,15500.0,15500.0,15350.0,15350.0,14822
2021-09-24 15:29:59.712,15350.0,15450.0,15250.0,15400.0,9419
2021-09-27 15:29:59.712,15400.0,15750.0,15400.0,15650.0,10476
2021-09-28 15:29:59.712,15700.0,15700.0,15300.0,15400.0,9542
2021-09-29 15:29:59.712,15350.0,15400.0,15200.0,15400.0,16714
2021-09-30 15:29:59.712,15350.0,15550.0,15300.0,15500.0,6637
2021-10-01 15:29:59.712,15450.0,15550.0,15300.0,15400.0,15759
2021-10-05 15:29:59.712,15300.0,15500.0,15000.0,15300.0,23118
2021-10-06 15:29:59.712,15300.0,15400.0,15050.0,15150.0,19791
2021-10-07 15:29:59.712,15250.0,15350.0,15150.0,15200.0,13871
2021-10-08 15:29:59.712,15400.0,15400.0,15150.0,15350.0,6538
2021-10-12 15:29:59.712,15150.0,15350.0,15000.0,15150.0,24015
2021-10-13 15:29:59.712,15050.0,15350.0,15050.0,15350.0,13535
2021-10-14 15:29:59.712,15350.0,15450.0,15300.0,15450.0,5978
2021-10-15 15:29:59.712,15450.0,15550.0,15350.0,15500.0,6403
2021-10-18 15:29:59.712,15500.0,15500.0,15350.0,15400.0,5638
2021-10-19 15:29:59.712,15450.0,15600.0,15400.0,15500.0,4598
2021-10-20 15:29:59.712,15700.0,15700.0,15450.0,15550.0,5261
2021-10-21 15:29:59.712,15550.0,15700.0,15500.0,15650.0,3983
2021-10-22 15:29:59.712,15700.0,15700.0,15500.0,15550.0,9536
2021-10-25 15:29:59.712,15700.0,15750.0,15450.0,15700.0,7055
2021-10-26 15:29:59.712,15750.0,15800.0,15650.0,15750.0,6874
2021-10-27 15:29:59.712,15750.0,15750.0,15600.0,15650.0,6029
2021-10-28 15:29:59.712,15650.0,15700.0,15550.0,15600.0,9084
2021-10-29 15:29:59.712,15650.0,15700.0,15500.0,15550.0,8643
2021-11-01 15:29:59.712,15600.0,15700.0,15600.0,15700.0,7426
2021-11-02 15:29:59.712,15700.0,15750.0,15600.0,15700.0,6479
2021-11-03 15:29:59.712,15750.0,15750.0,15500.0,15700.0,9166
2021-11-04 15:29:59.712,15700.0,15750.0,15550.0,15600.0,4470
2021-11-05 15:29:59.712,15600.0,15950.0,15550.0,15900.0,17728
2021-11-08 15:29:59.712,15950.0,15950.0,15750.0,15850.0,4721
2021-11-09 15:29:59.712,15850.0,16000.0,15600.0,15750.0,8123
2021-11-10 15:29:59.712,15750.0,15850.0,15550.0,15650.0,5241
2021-11-11 15:29:59.712,15500.0,15650.0,15400.0,15650.0,12732
2021-11-12 15:29:59.712,15600.0,15750.0,15600.0,15600.0,6090
2021-11-15 15:29:59.712,15600.0,15650.0,15450.0,15600.0,16112
2021-11-16 15:29:59.712,15500.0,15600.0,15450.0,15600.0,19345
2021-11-17 15:29:59.712,15600.0,15700.0,15450.0,15500.0,20291
2021-11-18 15:29:59.712,15500.0,15550.0,15450.0,15500.0,12319
2021-11-19 15:29:59.712,15550.0,15550.0,15350.0,15500.0,19842
2021-11-22 15:29:59.712,15350.0,15600.0,15350.0,15450.0,12778
2021-11-23 15:29:59.712,15400.0,15450.0,15250.0,15300.0,13721
2021-11-24 15:29:59.712,15250.0,15350.0,15200.0,15300.0,6969
2021-11-25 15:29:59.712,15250.0,15350.0,15100.0,15200.0,13715
2021-11-26 15:29:59.712,15150.0,15200.0,14700.0,14850.0,30493
2021-11-29 15:29:59.712,14650.0,14750.0,14400.0,14450.0,21593
2021-11-30 15:29:59.712,14600.0,14600.0,13800.0,14000.0,62175
2021-12-01 15:29:59.712,13850.0,14250.0,13850.0,14200.0,10885
2021-12-02 15:29:59.712,14200.0,14350.0,14000.0,14350.0,6659
2021-12-03 15:29:59.712,14400.0,14500.0,14250.0,14450.0,5948
2021-12-06 15:29:59.712,14450.0,14600.0,14350.0,14600.0,9286
2021-12-07 15:29:59.712,14600.0,14750.0,14550.0,14700.0,5790
2021-12-08 15:29:59.712,14750.0,14800.0,14600.0,14700.0,9147
2021-12-09 15:29:59.712,14700.0,14800.0,14600.0,14700.0,8667
2021-12-10 15:29:59.712,14750.0,14750.0,14600.0,14700.0,8192
2021-12-13 15:29:59.712,14700.0,14850.0,14650.0,14700.0,7759
2021-12-14 15:29:59.712,14700.0,14800.0,14600.0,14750.0,4349
2021-12-15 15:29:59.712,14700.0,14850.0,14650.0,14800.0,5408
2021-12-16 15:29:59.712,14850.0,14900.0,14700.0,14900.0,8836
2021-12-17 15:29:59.712,14950.0,14950.0,14750.0,14750.0,6260
2021-12-20 15:29:59.712,14800.0,14800.0,14600.0,14700.0,2320
2021-12-21 15:29:59.712,14750.0,14750.0,14600.0,14750.0,5944
2021-12-22 15:29:59.712,14700.0,14850.0,14650.0,14750.0,7756
2021-12-23 15:29:59.712,14800.0,14800.0,14600.0,14750.0,4130
2021-12-24 15:29:59.712,14800.0,14900.0,14750.0,14800.0,6659
2021-12-27 15:29:59.712,14850.0,15050.0,14850.0,14950.0,28685
2021-12-28 15:29:59.712,15000.0,15050.0,14850.0,15000.0,8235
2021-12-29 15:29:59.712,14700.0,14700.0,14350.0,14450.0,19757
2021-12-30 15:29:59.712,14450.0,14500.0,14300.0,14450.0,7732
2022-01-03 15:29:59.712,14450.0,14450.0,14300.0,14400.0,12703
2022-01-04 15:29:59.712,14400.0,14400.0,14250.0,14350.0,21829
2022-01-05 15:29:59.712,14300.0,14450.0,14200.0,14400.0,11707
2022-01-06 15:29:59.712,14250.0,14400.0,14250.0,14300.0,8170
2022-01-07 15:29:59.712,14300.0,14500.0,14250.0,14400.0,6492
2022-01-10 15:29:59.712,14400.0,14400.0,14250.0,14400.0,5483
2022-01-11 15:29:59.712,14400.0,14400.0,14200.0,14300.0,7561
2022-01-12 15:29:59.712,14350.0,14400.0,14250.0,14350.0,1396
2022-01-13 15:29:59.712,14350.0,14400.0,14300.0,14350.0,3629
2022-01-14 15:29:59.712,14350.0,14350.0,14250.0,14350.0,5259
2022-01-17 15:29:59.712,14400.0,14400.0,14050.0,14050.0,22323
2022-01-18 15:29:59.712,14050.0,14100.0,13950.0,14000.0,7656
2022-01-19 15:29:59.712,13950.0,13950.0,13650.0,13700.0,27998
2022-01-20 15:29:59.712,13650.0,13900.0,13550.0,13900.0,24597
2022-01-21 15:29:59.712,13800.0,13850.0,13600.0,13750.0,11117
2022-01-24 15:29:59.712,13750.0,13750.0,13450.0,13600.0,12128
2022-01-25 15:29:59.712,13550.0,13650.0,13200.0,13300.0,22543
2022-01-26 15:29:59.712,13250.0,13550.0,13250.0,13500.0,12984
2022-01-27 15:29:59.712,13500.0,13650.0,13300.0,13300.0,25143
2022-01-28 15:29:59.712,13300.0,13750.0,13100.0,13700.0,8310
2022-02-03 15:29:59.712,13900.0,13950.0,13700.0,13700.0,8636
2022-02-04 15:29:59.712,13700.0,13850.0,13600.0,13700.0,12841
2022-02-07 15:29:59.712,13700.0,13900.0,13600.0,13800.0,5475
2022-02-08 15:29:59.712,13900.0,13900.0,13500.0,13550.0,7816
2022-02-09 15:29:59.712,13650.0,13800.0,13550.0,13800.0,4933
2022-02-10 15:29:59.712,13850.0,13900.0,13650.0,13900.0,7434
2022-02-11 15:29:59.712,13850.0,14100.0,13750.0,13900.0,6950
2022-02-14 15:29:59.712,13850.0,13850.0,13500.0,13650.0,9065
2022-02-15 15:29:59.712,13650.0,13650.0,13500.0,13500.0,7426
2022-02-16 15:29:59.712,13650.0,13650.0,13500.0,13600.0,5105
2022-02-17 15:29:59.712,13650.0,13850.0,13600.0,13750.0,9186
2022-02-18 15:29:59.712,13800.0,13900.0,13600.0,13800.0,9171
2022-02-21 15:29:59.712,13800.0,13850.0,13600.0,13650.0,16644
2022-02-22 15:29:59.712,13650.0,13700.0,13500.0,13650.0,5644
2022-02-23 15:29:59.712,13700.0,13750.0,13600.0,13750.0,9736
2022-02-24 15:29:59.712,13800.0,13800.0,13500.0,13600.0,15035
2022-02-25 15:29:59.712,13650.0,13750.0,13550.0,13650.0,4610
2022-02-28 15:29:59.712,13700.0,13750.0,13650.0,13750.0,6901
2022-03-02 15:29:59.712,13800.0,13800.0,13600.0,13700.0,8137
2022-03-03 15:29:59.712,13750.0,13750.0,13500.0,13700.0,34054
2022-03-04 15:29:59.712,13650.0,13700.0,13450.0,13600.0,20191
2022-03-07 15:29:59.712,13550.0,13550.0,13400.0,13500.0,11545
2022-03-08 15:29:59.712,13450.0,13550.0,13350.0,13550.0,19837
2022-03-10 15:29:59.712,13600.0,13700.0,13550.0,13650.0,18310
2022-03-11 15:29:59.712,13650.0,13900.0,13650.0,13900.0,18923
2022-03-14 15:29:59.712,13900.0,13900.0,13650.0,13800.0,9830
2022-03-15 15:29:59.712,13800.0,13800.0,13550.0,13600.0,8134
2022-03-16 15:29:59.712,13600.0,13750.0,13550.0,13650.0,6934
2022-03-17 15:29:59.712,13650.0,13800.0,13500.0,13800.0,23108
2022-03-18 15:29:59.712,13750.0,14000.0,13750.0,13900.0,8423
2022-03-21 15:29:59.712,13900.0,14000.0,13800.0,14000.0,4981
2022-03-22 15:29:59.712,14050.0,14150.0,13950.0,14050.0,4222
2022-03-23 15:29:59.712,14050.0,14100.0,13900.0,13900.0,7012
2022-03-24 15:29:59.712,13900.0,14400.0,13900.0,14300.0,19240
2022-03-25 15:29:59.712,14250.0,14550.0,14250.0,14550.0,14132
2022-03-28 15:29:59.712,14500.0,14600.0,14400.0,14500.0,8667
2022-03-29 15:29:59.712,14450.0,14450.0,14200.0,14250.0,8890
2022-03-30 15:29:59.712,14200.0,14350.0,14150.0,14300.0,4613
2022-03-31 15:29:59.712,14300.0,14400.0,14200.0,14300.0,4031
2022-04-01 15:29:59.712,14250.0,14400.0,14200.0,14300.0,5566
2022-04-04 15:29:59.712,14400.0,14400.0,14200.0,14300.0,6992
2022-04-05 15:29:59.712,14350.0,14400.0,14250.0,14350.0,9089
2022-04-06 15:29:59.712,14400.0,14400.0,14200.0,14300.0,3186
2022-04-07 15:29:59.712,14300.0,14300.0,14150.0,14250.0,3648
2022-04-08 15:29:59.712,14250.0,14250.0,14050.0,14250.0,10222
2022-04-11 15:29:59.712,14250.0,14250.0,14050.0,14150.0,7393
2022-04-12 15:29:59.712,14100.0,14550.0,14100.0,14450.0,27732
2022-04-13 15:29:59.712,14450.0,14600.0,14350.0,14500.0,8508
2022-04-14 15:29:59.712,14500.0,14550.0,14400.0,14500.0,4754
2022-04-15 15:29:59.712,14550.0,14750.0,14450.0,14550.0,24194
2022-04-18 15:29:59.712,14500.0,14600.0,14400.0,14500.0,6936
2022-04-19 15:29:59.712,14500.0,14650.0,14450.0,14600.0,9636
2022-04-20 15:29:59.712,14650.0,14850.0,14600.0,14850.0,16286
2022-04-21 15:29:59.712,14850.0,14900.0,14700.0,14850.0,14242
2022-04-22 15:29:59.712,14750.0,14850.0,14550.0,14650.0,9016
2022-04-25 15:29:59.712,14500.0,14550.0,14350.0,14400.0,7838
2022-04-26 15:29:59.712,14400.0,14500.0,14300.0,14500.0,6854
2022-04-27 15:29:59.712,14400.0,14400.0,14150.0,14150.0,12808
2022-04-28 15:29:59.712,14150.0,14300.0,14100.0,14250.0,9424
2022-04-29 15:29:59.712,14300.0,14300.0,14100.0,14150.0,10816
2022-05-02 15:29:59.712,14100.0,14300.0,14050.0,14300.0,9296
2022-05-03 15:29:59.712,14300.0,14400.0,14150.0,14250.0,18704
2022-05-04 15:29:59.712,14200.0,14300.0,14150.0,14150.0,4861
2022-05-06 15:29:59.712,14100.0,14200.0,14050.0,14200.0,27346
2022-05-09 15:29:59.712,14050.0,14150.0,14000.0,14000.0,4582
2022-05-10 15:29:59.712,13950.0,14000.0,13750.0,14000.0,9566
2022-05-11 15:29:59.712,14050.0,14050.0,13850.0,13950.0,4361
2022-05-12 15:29:59.712,13800.0,13950.0,13700.0,13700.0,8942
2022-05-13 15:29:59.712,13700.0,13850.0,13550.0,13550.0,22377
2022-05-16 15:29:59.712,13650.0,13700.0,13500.0,13500.0,26716
2022-05-17 15:29:59.712,13500.0,13750.0,13500.0,13650.0,21907
2022-05-18 15:29:59.712,13800.0,13850.0,13700.0,13850.0,4221
2022-05-19 15:29:59.712,13700.0,13750.0,13550.0,13750.0,2817
2022-05-20 15:29:59.712,13650.0,13800.0,13650.0,13800.0,4566
2022-05-23 15:29:59.712,13800.0,13850.0,13700.0,13850.0,6537
2022-05-24 15:29:59.712,13750.0,14000.0,13750.0,13950.0,12541
2022-05-25 15:29:59.712,13900.0,14150.0,13850.0,13950.0,4681
2022-05-26 15:29:59.712,13950.0,14000.0,13850.0,13900.0,2531
2022-05-27 15:29:59.712,13900.0,14000.0,13800.0,13850.0,2603
2022-05-30 15:29:59.712,13800.0,14100.0,13800.0,14100.0,5733
2022-05-31 15:29:59.712,14100.0,14100.0,13950.0,14050.0,5558
2022-06-02 15:29:59.712,14050.0,14050.0,13900.0,13950.0,6412
2022-06-03 15:29:59.712,14000.0,14050.0,13750.0,13900.0,29280
2022-06-07 15:29:59.712,13750.0,13900.0,13700.0,13800.0,3364
2022-06-08 15:29:59.712,13850.0,13850.0,13700.0,13850.0,3356
2022-06-09 15:29:59.712,13900.0,14000.0,13750.0,14000.0,13154
2022-06-10 15:29:59.712,14000.0,14200.0,13900.0,13950.0,23863
2022-06-13 15:29:59.712,13800.0,13950.0,13500.0,13650.0,44411
2022-06-14 15:29:59.712,13500.0,13700.0,13300.0,13700.0,29757
2022-06-15 15:29:59.712,13600.0,13750.0,13400.0,13400.0,32252
2022-06-17 15:29:59.712,13450.0,13500.0,13200.0,13300.0,10352
2022-06-20 15:29:59.712,13350.0,13500.0,13000.0,13200.0,29626
2022-06-21 15:29:59.712,13200.0,13300.0,13150.0,13300.0,12612
2022-06-22 15:29:59.712,13300.0,13350.0,13050.0,13150.0,11629
2022-06-23 15:29:59.712,13050.0,13150.0,12900.0,13050.0,30680
2022-06-24 15:29:59.712,13250.0,13450.0,12950.0,13450.0,11220
2022-06-27 15:29:59.712,13450.0,13550.0,13300.0,13500.0,7414
2022-06-28 15:29:59.712,13550.0,13700.0,13300.0,13650.0,33539
2022-06-29 15:29:59.712,13600.0,13600.0,13250.0,13400.0,14125
2022-06-30 15:29:59.712,13300.0,13400.0,13200.0,13300.0,5929
2022-07-01 15:29:59.712,13250.0,13450.0,13250.0,13350.0,8439
2022-07-04 15:29:59.712,13300.0,13400.0,13200.0,13400.0,5987
2022-07-05 15:29:59.712,13400.0,13450.0,13250.0,13450.0,7608
2022-07-06 15:29:59.712,13500.0,13500.0,13300.0,13400.0,3903
2022-07-07 15:29:59.712,13400.0,13450.0,13300.0,13350.0,3249
2022-07-08 15:29:59.712,13350.0,13400.0,13250.0,13350.0,3467
2022-07-11 15:29:59.712,13350.0,13400.0,13250.0,13400.0,2527
2022-07-12 15:29:59.712,13300.0,13500.0,13250.0,13450.0,2728
2022-07-13 15:29:59.712,13450.0,13450.0,13300.0,13450.0,1417
2022-07-14 15:29:59.712,13450.0,13450.0,13350.0,13400.0,2884
2022-07-15 15:29:59.712,13500.0,13500.0,13300.0,13400.0,1699
2022-07-18 15:29:59.712,13300.0,13450.0,13300.0,13350.0,3162
2022-07-20 15:29:59.712,13550.0,13600.0,13350.0,13500.0,13677
2022-07-21 15:29:59.712,13500.0,13600.0,13400.0,13600.0,4794
2022-07-22 15:29:59.712,13600.0,13700.0,13550.0,13700.0,2409
2022-07-25 15:29:59.712,13650.0,13650.0,13500.0,13550.0,2415
2022-07-26 15:29:59.712,13550.0,13550.0,13300.0,13500.0,7095
2022-07-27 15:29:59.712,13500.0,13550.0,13450.0,13550.0,2653
2022-07-28 15:29:59.712,13550.0,13600.0,13500.0,13600.0,3210
2022-07-29 15:29:59.712,13650.0,13650.0,13550.0,13650.0,1869
2022-08-01 15:29:59.712,13650.0,13650.0,13500.0,13600.0,10286
2022-08-02 15:29:59.712,13600.0,13600.0,13500.0,13550.0,2640
2022-08-03 15:29:59.712,13550.0,13600.0,13500.0,13600.0,3910
2022-08-04 15:29:59.712,13600.0,13650.0,13500.0,13650.0,8574
2022-08-05 15:29:59.712,13700.0,13750.0,13550.0,13750.0,5299
2022-08-08 15:29:59.712,13750.0,13750.0,13600.0,13700.0,1120
2022-08-09 15:29:59.712,13700.0,13700.0,13550.0,13700.0,4863
2022-08-10 15:29:59.712,13650.0,13700.0,13550.0,13600.0,5430
2022-08-11 15:29:59.712,13600.0,13650.0,13600.0,13650.0,6517
2022-08-12 15:29:59.712,13650.0,13700.0,13550.0,13650.0,8614
2022-08-16 15:29:59.712,13750.0,13750.0,13600.0,13650.0,8766
2022-08-17 15:29:59.712,13650.0,13650.0,13500.0,13600.0,9375
2022-08-18 15:29:59.712,13600.0,13600.0,13450.0,13500.0,7604
2022-08-19 15:29:59.712,13550.0,13550.0,13450.0,13500.0,5343
2022-08-22 15:29:59.712,13500.0,13500.0,13300.0,13450.0,9968
2022-08-23 15:29:59.712,13450.0,13450.0,13300.0,13300.0,15332
2022-08-24 15:29:59.712,13400.0,13400.0,13250.0,13300.0,3025
2022-08-25 15:29:59.712,13350.0,13400.0,13250.0,13300.0,9655
2022-08-26 15:29:59.712,13350.0,13400.0,13250.0,13250.0,6919
2022-08-29 15:29:59.712,13200.0,13350.0,13100.0,13350.0,9626
2022-08-30 15:29:59.712,13300.0,13350.0,13200.0,13300.0,5539
2022-08-31 15:29:59.712,13350.0,13350.0,13200.0,13200.0,4114
2022-09-01 15:29:59.712,13250.0,13300.0,13050.0,13150.0,3577
2022-09-02 15:29:59.712,13150.0,13300.0,13000.0,13250.0,8573
2022-09-05 15:29:59.712,13250.0,13250.0,13100.0,13100.0,2034
2022-09-06 15:29:59.712,13200.0,13300.0,13100.0,13250.0,3263
2022-09-07 15:29:59.712,13250.0,13250.0,13050.0,13150.0,4269
2022-09-08 15:29:59.712,13150.0,13200.0,13100.0,13150.0,1040
2022-09-13 15:29:59.712,13200.0,13250.0,13100.0,13250.0,5016
2022-09-14 15:29:59.712,13150.0,13150.0,13050.0,13100.0,1782
2022-09-15 15:29:59.712,13100.0,13200.0,13050.0,13200.0,1103
2022-09-16 15:29:59.712,13200.0,13200.0,13000.0,13000.0,4334
2022-09-19 15:29:59.712,13000.0,13050.0,12900.0,13000.0,5600
2022-09-20 15:29:59.712,13000.0,13250.0,12950.0,13200.0,8683
2022-09-21 15:29:59.712,13200.0,13200.0,12950.0,12950.0,7267
2022-09-22 15:29:59.712,12900.0,13050.0,12800.0,13050.0,8635
2022-09-23 15:29:59.712,13000.0,13050.0,12900.0,12950.0,3920
2022-09-26 15:29:59.712,13000.0,13000.0,12650.0,12750.0,7486
2022-09-27 15:29:59.712,12800.0,12800.0,12650.0,12800.0,8571
2022-09-28 15:29:59.712,12850.0,12850.0,12500.0,12600.0,9603
2022-09-29 15:29:59.712,12600.0,12750.0,12550.0,12650.0,4379
2022-09-30 15:29:59.712,12650.0,12650.0,12350.0,12550.0,9651
2022-10-04 15:29:59.712,12550.0,12650.0,12450.0,12550.0,11353
2022-10-05 15:29:59.712,12600.0,12700.0,12550.0,12700.0,4855
2022-10-06 15:29:59.712,12750.0,12850.0,12650.0,12700.0,5377
2022-10-07 15:29:59.712,12650.0,12950.0,12650.0,12800.0,1803
2022-10-11 15:29:59.712,12900.0,12900.0,12450.0,12650.0,5962
2022-10-12 15:29:59.712,12600.0,12600.0,12350.0,12500.0,9197
2022-10-13 15:29:59.712,12450.0,12500.0,12350.0,12450.0,4499
2022-10-14 15:29:59.712,12450.0,12650.0,12350.0,12600.0,2204
2022-10-17 15:29:59.712,12600.0,12600.0,12450.0,12600.0,3546
2022-10-18 15:29:59.712,12600.0,12750.0,12550.0,12650.0,2413
2022-10-19 15:29:59.712,12750.0,12750.0,12550.0,12750.0,2675
2022-10-20 15:29:59.712,12750.0,12750.0,12600.0,12700.0,774
2022-10-21 15:29:59.712,12650.0,12700.0,12550.0,12650.0,1756
2022-10-24 15:29:59.712,12600.0,12750.0,12600.0,12700.0,3591
2022-10-25 15:29:59.712,12750.0,12750.0,12500.0,12650.0,5010
2022-10-26 15:29:59.712,12600.0,12800.0,12600.0,12750.0,3184
2022-10-27 15:29:59.712,12750.0,12850.0,12700.0,12800.0,14241
2022-10-28 15:29:59.712,12750.0,12800.0,12700.0,12800.0,1177
2022-10-31 15:29:59.712,12900.0,13000.0,12750.0,12950.0,5772
2022-11-01 15:29:59.712,12900.0,12900.0,12750.0,12850.0,4522
2022-11-02 15:29:59.712,12850.0,12950.0,12850.0,12950.0,3120
2022-11-03 15:29:59.712,12850.0,12900.0,12800.0,12900.0,3604
2022-11-04 15:29:59.712,12850.0,12850.0,12750.0,12850.0,3473
2022-11-07 15:29:59.712,12800.0,12950.0,12750.0,12900.0,3574
2022-11-08 15:29:59.712,12850.0,12950.0,12800.0,12950.0,2526
2022-11-09 15:29:59.712,12950.0,12950.0,12850.0,12900.0,2654
2022-11-10 15:29:59.712,12850.0,12900.0,12750.0,12800.0,3457
2022-11-11 15:29:59.712,12900.0,12950.0,12850.0,12900.0,11033
2022-11-14 15:29:59.712,12900.0,12950.0,12750.0,12900.0,7523
2022-11-15 15:29:59.712,12900.0,12900.0,12800.0,12900.0,3917
2022-11-16 15:29:59.712,12900.0,13000.0,12850.0,12950.0,5573
2022-11-17 15:29:59.712,12950.0,13050.0,12850.0,13050.0,29994
2022-11-18 15:29:59.712,13100.0,13100.0,12900.0,12950.0,2771
2022-11-21 15:29:59.712,12950.0,12950.0,12850.0,12950.0,1718
2022-11-22 15:29:59.712,12850.0,12950.0,12800.0,12850.0,3181
2022-11-23 15:29:59.712,12850.0,12950.0,12850.0,12900.0,18232
2022-11-24 15:29:59.712,12950.0,13000.0,12800.0,12950.0,19360
2022-11-25 15:29:59.712,12950.0,13000.0,12900.0,12950.0,2970
2022-11-28 15:29:59.712,13000.0,13000.0,12900.0,12950.0,3610
2022-11-29 15:29:59.712,12950.0,13000.0,12850.0,12950.0,6435
2022-11-30 15:29:59.712,12950.0,13050.0,12950.0,13000.0,11853
2022-12-01 15:29:59.712,13100.0,13100.0,13000.0,13100.0,7959
2022-12-02 15:29:59.712,13100.0,13100.0,12950.0,13100.0,8814
2022-12-05 15:29:59.712,13100.0,13100.0,12950.0,13050.0,8488
2022-12-06 15:29:59.712,13000.0,13050.0,12950.0,13000.0,2237
2022-12-07 15:29:59.712,13000.0,13050.0,12950.0,13000.0,11669
2022-12-08 15:29:59.712,13000.0,13100.0,12900.0,13050.0,14484
2022-12-09 15:29:59.712,13150.0,13150.0,13000.0,13100.0,20270
2022-12-12 15:29:59.712,13100.0,13200.0,13000.0,13200.0,22783
2022-12-13 15:29:59.712,13250.0,13300.0,13000.0,13150.0,17607
2022-12-14 15:29:59.712,13150.0,13250.0,13050.0,13150.0,11879
2022-12-15 15:29:59.712,13150.0,13150.0,13000.0,13000.0,11012
2022-12-16 15:29:59.712,12900.0,12950.0,12850.0,12850.0,9146
2022-12-19 15:29:59.712,12900.0,13000.0,12850.0,13000.0,4114
2022-12-20 15:29:59.712,13000.0,13050.0,12850.0,13050.0,6780
2022-12-21 15:29:59.712,13050.0,13050.0,12900.0,13000.0,5307
2022-12-22 15:29:59.712,13050.0,13100.0,12950.0,13100.0,14911
2022-12-23 15:29:59.712,13100.0,13100.0,12950.0,13050.0,5629
2022-12-26 15:29:59.712,12950.0,13200.0,12950.0,13000.0,22258
2022-12-27 15:29:59.712,13150.0,13150.0,12950.0,12950.0,35704
2022-12-28 15:29:59.712,12750.0,12750.0,12500.0,12650.0,10454
2022-12-29 15:29:59.712,12650.0,12650.0,12450.0,12450.0,10426
2023-01-02 15:29:59.712,12450.0,12650.0,12450.0,12500.0,4141
2023-01-03 15:29:59.712,12600.0,12600.0,12350.0,12450.0,3611
2023-01-04 15:29:59.712,12450.0,12550.0,12350.0,12550.0,8791
2023-01-05 15:29:59.712,12600.0,12700.0,12500.0,12700.0,7484
2023-01-06 15:29:59.712,12600.0,12900.0,12600.0,12750.0,16463
2023-01-09 15:29:59.712,12800.0,13100.0,12800.0,12900.0,13217
2023-01-10 15:29:59.712,13000.0,13050.0,12900.0,13000.0,3212
2023-01-11 15:29:59.712,13050.0,13050.0,12950.0,13000.0,38518
2023-01-12 15:29:59.712,13000.0,13050.0,12950.0,13000.0,1172
2023-01-13 15:29:59.712,13000.0,13000.0,12900.0,12950.0,1250
2023-01-16 15:29:59.712,12950.0,13000.0,12950.0,12950.0,5950
2023-01-17 15:29:59.712,13000.0,13000.0,12900.0,12950.0,3801
2023-01-18 15:29:59.712,12950.0,13000.0,12900.0,12950.0,1322
2023-01-19 15:29:59.712,12950.0,13050.0,12900.0,12950.0,20208
2023-01-20 15:29:59.712,12950.0,12950.0,12850.0,12900.0,41070
2023-01-25 15:29:59.712,12950.0,12950.0,12910.0,12940.0,36627
2023-01-26 15:29:59.712,12950.0,12960.0,12880.0,12950.0,13797
2023-01-27 15:29:59.712,12950.0,12960.0,12910.0,12950.0,67696
2023-01-30 15:29:59.712,12950.0,12960.0,12740.0,12760.0,11903
2023-01-31 15:29:59.712,12720.0,12850.0,12650.0,12780.0,9299
2023-02-01 15:29:59.712,12750.0,12820.0,12720.0,12780.0,3296
2023-02-02 15:29:59.712,12780.0,12810.0,12720.0,12810.0,21544
2023-02-03 15:29:59.712,12810.0,12810.0,12760.0,12780.0,8262
2023-02-06 15:29:59.712,12780.0,12800.0,12640.0,12800.0,9674
2023-02-07 15:29:59.712,12800.0,12800.0,12720.0,12770.0,8224
2023-02-08 15:29:59.712,12840.0,12840.0,12760.0,12790.0,22951
2023-02-09 15:29:59.712,12850.0,12960.0,12760.0,12890.0,23103
2023-02-10 15:29:59.712,12830.0,12920.0,12800.0,12910.0,2899
2023-02-13 15:29:59.712,12940.0,12950.0,12810.0,12910.0,13185
2023-02-14 15:29:59.712,12950.0,12950.0,12830.0,12890.0,8279
2023-02-15 15:29:59.712,12890.0,12900.0,12820.0,12850.0,1768
2023-02-16 15:29:59.712,12950.0,13050.0,12890.0,12940.0,35624
2023-02-17 15:29:59.712,12940.0,12940.0,12820.0,12900.0,15775
2023-02-20 15:29:59.712,12900.0,12960.0,12850.0,12950.0,26731
2023-02-21 15:29:59.712,12900.0,12950.0,12890.0,12930.0,10897
2023-02-22 15:29:59.712,12860.0,12940.0,12770.0,12940.0,17427
2023-02-23 15:29:59.712,12870.0,12960.0,12870.0,12950.0,13300
2023-02-24 15:29:59.712,12950.0,12950.0,12910.0,12930.0,6231
2023-02-27 15:29:59.712,12950.0,12950.0,12890.0,12900.0,5183
2023-02-28 15:29:59.712,12860.0,12960.0,12860.0,12950.0,25735
2023-03-02 15:29:59.712,12950.0,12970.0,12900.0,12940.0,11948
2023-03-03 15:29:59.712,12940.0,12970.0,12890.0,12950.0,8391
2023-03-06 15:29:59.712,12940.0,12990.0,12900.0,12940.0,10305
2023-03-07 15:29:59.712,12910.0,12950.0,12900.0,12950.0,15959
2023-03-08 15:29:59.712,12920.0,12960.0,12900.0,12950.0,8805
2023-03-09 15:29:59.712,12950.0,12950.0,12890.0,12950.0,6644
2023-03-10 15:29:59.712,12900.0,12950.0,12850.0,12880.0,5174
2023-03-13 15:29:59.712,12880.0,12880.0,12600.0,12840.0,16299
2023-03-14 15:29:59.712,12830.0,12910.0,12650.0,12860.0,16597
2023-03-15 15:29:59.712,12900.0,12980.0,12840.0,12950.0,30771
2023-03-16 15:29:59.712,12940.0,12950.0,12820.0,12920.0,3766
2023-03-17 15:29:59.712,12920.0,12940.0,12860.0,12910.0,8593
2023-03-20 15:29:59.712,12910.0,12950.0,12860.0,12940.0,5580
2023-03-21 15:29:59.712,12940.0,12960.0,12900.0,12950.0,16624
2023-03-22 15:29:59.712,12950.0,12960.0,12900.0,12940.0,35030
2023-03-23 15:29:59.712,12940.0,12950.0,12890.0,12910.0,17336
2023-03-24 15:29:59.712,12950.0,12950.0,12900.0,12910.0,9748
2023-03-27 15:29:59.712,12950.0,12980.0,12870.0,12950.0,13700
2023-03-28 15:29:59.712,12940.0,13410.0,12940.0,13390.0,49940
2023-03-29 15:29:59.712,13350.0,13420.0,13290.0,13400.0,8703
2023-03-30 15:29:59.712,13310.0,13400.0,13250.0,13370.0,9903
2023-03-31 15:29:59.712,13370.0,13370.0,13250.0,13330.0,6146
2023-04-03 15:29:59.712,13330.0,13400.0,13300.0,13360.0,7749
2023-04-04 15:29:59.712,13390.0,13450.0,13340.0,13450.0,9670
2023-04-05 15:29:59.712,13480.0,13520.0,13290.0,13420.0,12869
2023-04-06 15:29:59.712,13410.0,13410.0,13180.0,13280.0,16379
2023-04-07 15:29:59.712,13280.0,13280.0,13170.0,13210.0,4383
2023-04-10 15:29:59.712,13160.0,13360.0,13150.0,13330.0,60012
2023-04-11 15:29:59.712,13330.0,13600.0,13280.0,13550.0,18328
2023-04-12 15:29:59.712,13590.0,13660.0,13470.0,13590.0,23666
2023-04-13 15:29:59.712,13530.0,13590.0,13440.0,13550.0,9000
2023-04-14 15:29:59.712,13590.0,13590.0,13440.0,13470.0,8327
2023-04-17 15:29:59.712,13480.0,13480.0,13290.0,13340.0,5557
2023-04-18 15:29:59.712,13340.0,13390.0,13270.0,13320.0,6415
2023-04-19 15:29:59.712,13320.0,13610.0,13320.0,13520.0,26116
2023-04-20 15:29:59.712,13520.0,13550.0,13270.0,13510.0,14256
2023-04-21 15:29:59.712,13410.0,13450.0,13370.0,13450.0,8835
2023-04-24 15:29:59.712,13430.0,13430.0,13280.0,13390.0,8994
2023-04-25 15:29:59.712,13250.0,13390.0,13250.0,13330.0,7849
2023-04-26 15:29:59.712,13330.0,13380.0,13250.0,13340.0,3861
2023-04-27 15:29:59.712,13350.0,13380.0,13250.0,13370.0,6567
2023-04-28 15:29:59.712,13400.0,13480.0,13310.0,13470.0,17177
2023-05-02 15:29:59.712,13470.0,13530.0,13390.0,13500.0,7054
2023-05-03 15:29:59.712,13500.0,13530.0,13380.0,13400.0,9841
2023-05-04 15:29:59.712,13440.0,13530.0,13360.0,13400.0,7039
2023-05-08 15:29:59.712,13370.0,13440.0,13350.0,13430.0,8784
2023-05-09 15:29:59.712,13430.0,13480.0,13350.0,13470.0,6011
2023-05-10 15:29:59.712,13500.0,13500.0,13380.0,13470.0,5494
2023-05-11 15:29:59.712,13490.0,13510.0,13410.0,13460.0,5314
2023-05-12 15:29:59.712,13500.0,13530.0,13440.0,13460.0,14074
2023-05-15 15:29:59.712,13460.0,13590.0,13410.0,13510.0,20350
2023-05-16 15:29:59.712,13490.0,13540.0,13470.0,13480.0,5250
2023-05-17 15:29:59.712,13360.0,13500.0,13360.0,13490.0,6497
2023-05-18 15:29:59.712,13550.0,13550.0,13420.0,13530.0,10785
2023-05-19 15:29:59.712,13530.0,13530.0,13460.0,13510.0,5895
2023-05-22 15:29:59.712,13540.0,13550.0,13370.0,13450.0,32955
2023-05-23 15:29:59.712,13450.0,13500.0,13370.0,13450.0,6880
2023-05-24 15:29:59.712,13450.0,13550.0,13360.0,13450.0,11780
2023-05-25 15:29:59.712,13450.0,13540.0,13370.0,13450.0,10227
2023-05-26 15:29:59.712,13520.0,13520.0,13370.0,13450.0,4635
2023-05-30 15:29:59.712,13500.0,13500.0,13320.0,13390.0,16107
2023-05-31 15:29:59.712,13400.0,13480.0,13330.0,13400.0,8760
2023-06-01 15:29:59.712,13490.0,13490.0,13340.0,13380.0,10743
2023-06-02 15:29:59.712,13380.0,13470.0,13360.0,13400.0,11629
2023-06-05 15:29:59.712,13400.0,13400.0,13310.0,13350.0,11148
2023-06-07 15:29:59.712,13320.0,13350.0,13260.0,13290.0,11133
2023-06-08 15:29:59.712,13330.0,13330.0,13120.0,13200.0,12912
2023-06-09 15:29:59.712,13210.0,13250.0,13050.0,13150.0,13717
2023-06-12 15:29:59.712,13260.0,13270.0,13040.0,13100.0,8723
2023-06-13 15:29:59.712,13100.0,13200.0,13060.0,13080.0,7480
2023-06-14 15:29:59.712,13300.0,13300.0,12940.0,12940.0,12314
2023-06-15 15:29:59.712,12940.0,13030.0,12790.0,12900.0,17727
2023-06-16 15:29:59.712,12910.0,13000.0,12840.0,12980.0,13182
2023-06-19 15:29:59.712,12980.0,13030.0,12900.0,13020.0,4245
2023-06-20 15:29:59.712,13080.0,13080.0,12890.0,13010.0,8628
2023-06-21 15:29:59.712,12950.0,13020.0,12830.0,13010.0,10747
2023-06-22 15:29:59.712,13090.0,13200.0,13000.0,13140.0,10616
2023-06-23 15:29:59.712,13140.0,13140.0,12960.0,13070.0,18072
2023-06-26 15:29:59.712,13180.0,13240.0,12980.0,13180.0,15812
2023-06-27 15:29:59.712,13120.0,13240.0,13100.0,13200.0,4424
2023-06-28 15:29:59.712,13280.0,13330.0,13160.0,13300.0,10724
2023-06-29 15:29:59.712,13300.0,13340.0,13190.0,13300.0,6022
2023-06-30 15:29:59.712,13350.0,13350.0,13160.0,13290.0,11778
2023-07-03 15:29:59.712,13280.0,13280.0,13160.0,13270.0,14164
2023-07-04 15:29:59.712,13320.0,13320.0,13170.0,13250.0,6450
2023-07-05 15:29:59.712,13240.0,13240.0,13160.0,13180.0,6596
2023-07-06 15:29:59.712,13100.0,13100.0,12910.0,13070.0,9926
2023-07-07 15:29:59.712,13030.0,13030.0,12930.0,13000.0,5356
2023-07-10 15:29:59.712,13070.0,13070.0,12890.0,13040.0,6506
2023-07-11 15:29:59.712,12920.0,12960.0,12780.0,12800.0,19229
2023-07-12 15:29:59.712,12890.0,12890.0,12760.0,12840.0,7755
2023-07-13 15:29:59.712,12840.0,12920.0,12750.0,12850.0,9398
2023-07-14 15:29:59.712,12840.0,12920.0,12720.0,12850.0,13061
2023-07-17 15:29:59.712,12850.0,12900.0,12780.0,12880.0,10207
2023-07-18 15:29:59.712,12880.0,12960.0,12710.0,12770.0,8768
2023-07-19 15:29:59.712,12850.0,12900.0,12750.0,12840.0,9015
2023-07-20 15:29:59.712,12920.0,12920.0,12700.0,12790.0,10074
2023-07-21 15:29:59.712,12780.0,12830.0,12700.0,12750.0,8010
2023-07-24 15:29:59.712,12740.0,12750.0,12620.0,12720.0,8391
2023-07-25 15:29:59.712,12710.0,12760.0,12600.0,12670.0,12343
2023-07-26 15:29:59.712,12590.0,12600.0,12300.0,12300.0,30112
2023-07-27 15:29:59.712,12300.0,12490.0,12300.0,12460.0,13781
2023-07-28 15:29:59.712,12510.0,12810.0,12420.0,12650.0,9599
2023-07-31 15:29:59.712,12800.0,12800.0,12470.0,12610.0,9501
2023-08-01 15:29:59.712,12670.0,12670.0,12390.0,12410.0,14945
2023-08-02 15:29:59.712,12430.0,12430.0,12300.0,12300.0,21507
2023-08-03 15:29:59.712,12270.0,12380.0,12260.0,12320.0,18082
2023-08-04 15:29:59.712,12380.0,12380.0,12180.0,12240.0,26700
2023-08-07 15:29:59.712,12220.0,12260.0,12150.0,12250.0,13667
2023-08-08 15:29:59.712,12250.0,12270.0,12200.0,12220.0,19528
2023-08-09 15:29:59.712,12270.0,12270.0,12170.0,12270.0,35989
2023-08-10 15:29:59.712,12270.0,12310.0,12230.0,12290.0,36823
2023-08-11 15:29:59.712,12290.0,12560.0,12280.0,12500.0,56340
2023-08-14 15:29:59.712,12600.0,12770.0,12530.0,12770.0,29178
2023-08-16 15:29:59.712,12700.0,12820.0,12610.0,12610.0,24019
2023-08-17 15:29:59.712,12690.0,12690.0,12380.0,12510.0,17845
2023-08-18 15:29:59.712,12600.0,12600.0,12350.0,12400.0,25066
2023-08-21 15:29:59.712,12410.0,12520.0,12370.0,12440.0,8741
2023-08-22 15:29:59.712,12440.0,12550.0,12370.0,12530.0,11682
2023-08-23 15:29:59.712,12600.0,12730.0,12460.0,12650.0,14331
2023-08-24 15:29:59.712,12740.0,12740.0,12550.0,12690.0,6439
2023-08-25 15:29:59.712,12690.0,12720.0,12590.0,12700.0,9188
2023-08-28 15:29:59.712,12750.0,12840.0,12630.0,12790.0,7476
2023-08-29 15:29:59.712,12840.0,12850.0,12680.0,12720.0,8336
2023-08-30 15:29:59.712,12760.0,12780.0,12640.0,12750.0,5010
2023-08-31 15:29:59.712,12820.0,12820.0,12720.0,12750.0,1107
2023-09-01 15:29:59.712,12830.0,12830.0,12700.0,12760.0,1126
2023-09-04 15:29:59.712,12830.0,12830.0,12690.0,12750.0,1585
2023-09-05 15:29:59.712,12750.0,12770.0,12450.0,12520.0,32881
2023-09-06 15:29:59.712,12520.0,12520.0,12050.0,12280.0,33595
2023-09-07 15:29:59.712,12380.0,12380.0,12090.0,12150.0,36806
2023-09-08 15:29:59.712,12130.0,12350.0,12120.0,12310.0,8837
2023-09-11 15:29:59.712,12300.0,12360.0,12290.0,12310.0,9836
2023-09-12 15:29:59.712,12310.0,12420.0,12300.0,12390.0,24071
2023-09-13 15:29:59.712,12450.0,12500.0,12350.0,12460.0,12337
2023-09-14 15:29:59.712,12470.0,12610.0,12410.0,12560.0,11023
2023-09-15 15:29:59.712,12680.0,12700.0,12540.0,12650.0,17307
2023-09-18 15:29:59.712,12690.0,12690.0,12560.0,12690.0,3347
2023-09-19 15:29:59.712,12690.0,12710.0,12580.0,12690.0,10181
2023-09-20 15:29:59.712,12680.0,12720.0,12630.0,12720.0,9853
2023-09-21 15:29:59.712,12700.0,12700.0,12500.0,12680.0,15068
2023-09-22 15:29:59.712,12670.0,12670.0,12460.0,12480.0,7512
2023-09-25 15:29:59.712,12510.0,12590.0,12480.0,12590.0,6380
2023-09-26 15:29:59.712,12650.0,12650.0,12520.0,12530.0,6093
2023-09-27 15:29:59.712,12510.0,12580.0,12450.0,12560.0,1660
2023-10-04 15:29:59.712,12560.0,12560.0,12440.0,12500.0,7890
2023-10-05 15:29:59.712,12500.0,12510.0,12400.0,12400.0,10358
2023-10-06 15:29:59.712,12420.0,12420.0,12290.0,12360.0,17527
2023-10-10 15:29:59.712,12370.0,12430.0,12350.0,12390.0,11422
2023-10-11 15:29:59.712,12430.0,12450.0,12390.0,12450.0,4621
2023-10-12 15:29:59.712,12450.0,12500.0,12450.0,12490.0,5432
2023-10-13 15:29:59.712,12490.0,12500.0,12450.0,12500.0,4033
2023-10-16 15:29:59.712,12470.0,12600.0,12460.0,12580.0,7830
2023-10-17 15:29:59.712,12640.0,12660.0,12570.0,12600.0,13581
2023-10-18 15:29:59.712,12530.0,12730.0,12530.0,12710.0,12582
2023-10-19 15:29:59.712,12660.0,12660.0,12420.0,12440.0,6946
2023-10-20 15:29:59.712,12400.0,12490.0,12260.0,12450.0,6479
2023-10-23 15:29:59.712,12400.0,12460.0,12350.0,12360.0,4653
2023-10-24 15:29:59.712,12490.0,12590.0,12290.0,12520.0,6930
2023-10-25 15:29:59.712,12460.0,12640.0,12460.0,12640.0,2949
2023-10-26 15:29:59.712,12500.0,12600.0,12430.0,12530.0,3310
2023-10-27 15:29:59.712,12430.0,12520.0,12250.0,12260.0,12770
2023-10-30 15:29:59.712,12250.0,12450.0,12190.0,12450.0,7375
2023-10-31 15:29:59.712,12450.0,12450.0,12180.0,12200.0,7574
2023-11-01 15:29:59.712,12200.0,12310.0,12190.0,12310.0,3946
2023-11-02 15:29:59.712,12310.0,12370.0,12270.0,12320.0,5140
2023-11-03 15:29:59.712,12330.0,12380.0,12230.0,12260.0,15696
2023-11-06 15:29:59.712,12280.0,12390.0,12260.0,12330.0,9846
2023-11-07 15:29:59.712,12330.0,12350.0,12270.0,12300.0,9880
2023-11-08 15:29:59.712,12300.0,12320.0,12270.0,12320.0,4851
2023-11-09 15:29:59.712,12310.0,12400.0,12280.0,12330.0,5240
2023-11-10 15:29:59.712,12270.0,12340.0,12260.0,12330.0,16049
2023-11-13 15:29:59.712,12290.0,12450.0,12290.0,12350.0,1973
2023-11-14 15:29:59.712,12320.0,12650.0,12320.0,12600.0,6544
2023-11-15 15:29:59.712,12640.0,12650.0,12550.0,12620.0,6053
2023-11-16 15:29:59.712,12620.0,12620.0,12510.0,12600.0,9716
2023-11-17 15:29:59.712,12600.0,12600.0,12460.0,12470.0,5673
2023-11-20 15:29:59.712,12510.0,12580.0,12460.0,12550.0,4519
2023-11-21 15:29:59.712,12550.0,12600.0,12470.0,12540.0,7803
2023-11-22 15:29:59.712,12540.0,12600.0,12490.0,12590.0,3696
2023-11-23 15:29:59.712,12530.0,12680.0,12520.0,12650.0,3777
2023-11-24 15:29:59.712,12630.0,12700.0,12610.0,12660.0,4618
2023-11-27 15:29:59.712,12660.0,12680.0,12560.0,12680.0,4430
2023-11-28 15:29:59.712,12640.0,12760.0,12560.0,12710.0,7107
2023-11-29 15:29:59.712,12710.0,12710.0,12570.0,12690.0,3383
2023-11-30 15:29:59.712,12610.0,12670.0,12560.0,12670.0,5425
2023-12-01 15:29:59.712,12640.0,12670.0,12570.0,12570.0,2659
2023-12-04 15:29:59.712,12570.0,12600.0,12450.0,12550.0,5441
2023-12-05 15:29:59.712,12550.0,12570.0,12500.0,12550.0,5176
2023-12-06 15:29:59.712,12500.0,12590.0,12470.0,12500.0,5942
2023-12-07 15:29:59.712,12500.0,12500.0,12390.0,12430.0,8102
2023-12-08 15:29:59.712,12440.0,12550.0,12400.0,12550.0,7270
2023-12-11 15:29:59.712,12550.0,12560.0,12510.0,12550.0,5787
2023-12-12 15:29:59.712,12510.0,12640.0,12510.0,12560.0,4918
2023-12-13 15:29:59.712,12520.0,12570.0,12490.0,12560.0,7483
2023-12-14 15:29:59.712,12510.0,12620.0,12500.0,12570.0,7626
2023-12-15 15:29:59.712,12570.0,12570.0,12490.0,12530.0,20728
2023-12-18 15:29:59.712,12600.0,12600.0,12510.0,12540.0,3317
2023-12-19 15:29:59.712,12540.0,12540.0,12480.0,12480.0,7241
2023-12-20 15:29:59.712,12490.0,12540.0,12480.0,12540.0,12621
2023-12-21 15:29:59.712,12540.0,12550.0,12460.0,12510.0,7455
2023-12-22 15:29:59.712,12570.0,12570.0,12480.0,12540.0,11231
2023-12-26 15:29:59.712,12580.0,12680.0,12540.0,12680.0,19114
2023-12-27 15:29:59.712,12380.0,12470.0,12210.0,12400.0,27941
2023-12-28 15:29:59.712,12400.0,12420.0,12310.0,12390.0,4237
