Date,Open,High,Low,Close,Volume
2010-01-04,77.53,77.86,77.3,77.63,129553
2010-01-05,77.75,78.47,77.57,78.09,86730
2010-01-06,77.79,78.2,77.55,77.69,95481
2010-01-07,77.66,78.46,77.66,78.11,167002
2010-01-08,78.12,78.72,78.02,78.6,68729
2010-01-11,78.69,79.27,77.23,77.6,110889
2010-01-12,76.84,77.98,75.36,75.53,129280
2010-01-13,76.11,76.57,75.83,76.04,143774
2010-01-14,76.42,76.74,75.74,75.84,273542
2010-01-15,75.87,75.93,74.56,75.0,205934
2010-01-19,75.49,76.15,75.49,75.87,195243
2010-01-20,75.55,76.3,73.35,73.96,310973
2010-01-21,74.17,74.81,73.04,73.38,312867
2010-01-22,73.23,73.23,70.83,71.85,153291
2010-01-25,72.0,73.17,72.0,73.02,255301
2010-01-26,72.92,74.23,72.43,73.18,301396
2010-01-27,73.29,74.28,72.95,73.93,189710
2010-01-28,73.99,74.81,73.66,74.47,203541
2010-01-29,74.56,75.81,73.72,74.63,537298
2010-02-01,75.31,75.56,74.73,75.46,161353
2010-02-02,75.52,77.64,75.52,77.55,274599
2010-02-03,78.39,81.38,78.38,78.6,421173
2010-02-04,78.18,78.18,75.97,76.04,172458
2010-02-05,75.63,75.82,73.04,73.96,340447
2010-02-08,73.66,74.16,72.77,72.81,150567
2010-02-09,74.11,74.5,72.71,73.83,284184
2010-02-10,74.28,74.7,73.53,74.15,118048
2010-02-11,74.28,76.6,74.28,76.36,187730
2010-02-12,76.6,76.84,75.16,76.46,131520
2010-02-16,77.5,78.05,77.44,77.83,222841
2010-02-17,77.83,78.47,77.64,78.14,101301
2010-02-18,77.85,79.05,77.85,78.98,171902
2010-02-19,78.28,79.0,78.08,78.93,66573
2010-02-22,78.93,79.74,78.41,78.99,302996
2010-02-23,78.99,79.0,76.68,77.25,218752
2010-02-24,77.26,77.32,76.78,77.32,134037
2010-02-25,76.49,77.35,76.29,77.35,102391
2010-02-26,77.25,78.19,76.87,78.1,368828
2010-03-01,78.07,79.15,78.07,78.69,157190
2010-03-02,78.72,79.79,78.45,79.2,148148
2010-03-03,79.71,79.94,78.56,78.69,128444
2010-03-04,79.0,79.39,78.5,78.55,63888
2010-03-05,79.33,79.5,78.8,79.32,98899
2010-03-08,79.32,79.72,78.78,79.03,160613
2010-03-09,78.56,79.3,78.07,78.77,84632
2010-03-10,79.13,80.41,79.13,80.37,175801
2010-03-11,80.42,81.29,80.31,80.94,220412
2010-03-12,81.36,82.28,81.14,81.95,228279
2010-03-15,81.38,82.79,81.28,82.5,241961
2010-03-16,83.0,85.56,82.42,85.19,386155
2010-03-17,85.65,86.1,84.53,85.02,319448
2010-03-18,85.11,85.58,84.8,85.2,210005
2010-03-19,85.2,85.71,84.69,85.57,256858
2010-03-22,85.61,86.31,85.24,85.97,511939
2010-03-23,85.71,86.75,85.52,86.57,216335
2010-03-24,86.49,86.92,86.11,86.56,153210
2010-03-25,87.41,88.2,86.75,87.01,288736
2010-03-26,87.01,87.52,85.82,86.62,186147
2010-03-29,87.07,87.07,86.09,86.64,115253
2010-03-30,86.96,88.0,86.96,87.83,174967
2010-03-31,87.8,88.88,87.52,88.18,208090
2010-04-01,88.87,89.93,88.29,88.5,167835
2010-04-05,88.83,89.81,88.68,89.81,120236
2010-04-06,89.78,89.84,88.89,89.37,121684
2010-04-07,89.36,89.72,88.47,88.83,180052
2010-04-08,88.0,89.04,87.96,88.66,157850
2010-04-09,88.4,89.05,87.74,87.91,201846
2010-04-12,88.35,89.34,87.8,89.1,155350
2010-04-13,89.25,89.29,87.71,88.11,138764
2010-04-14,87.42,88.45,87.05,87.82,165305
2010-04-15,88.08,88.66,87.76,87.84,94626
2010-04-16,87.45,87.45,84.5,85.93,172357
2010-04-19,85.14,86.33,84.94,86.29,333185
2010-04-20,86.97,87.12,86.08,86.53,275853
2010-04-21,86.94,87.71,86.78,87.49,223419
2010-04-22,86.84,89.88,86.84,89.87,441796
2010-04-23,90.14,91.37,89.64,90.37,364936
2010-04-26,90.0,90.9,87.96,88.15,276546
2010-04-27,87.87,87.95,85.9,85.96,307645
2010-04-28,85.97,87.08,85.59,86.05,147318
2010-04-29,86.73,87.84,86.64,87.11,82476
2010-04-30,87.42,87.7,86.57,86.86,125375
2010-05-03,87.09,87.96,86.8,87.26,93210
2010-05-04,86.85,86.85,84.08,84.21,175573
2010-05-05,82.47,84.44,81.6,82.95,242113
2010-05-06,82.46,82.69,77.69,80.62,227069
2010-05-07,80.45,81.27,76.78,78.39,358172
2010-05-10,82.46,85.11,80.31,84.95,251684
2010-05-11,84.42,86.7,84.07,85.86,180484
2010-05-12,86.31,89.49,86.31,89.4,374047
2010-05-13,89.49,89.87,87.35,87.82,136352
2010-05-14,86.49,86.6,83.53,84.49,164415
2010-05-17,85.09,85.89,82.55,83.78,88525
2010-05-18,84.27,84.79,82.78,83.51,145397
2010-05-19,83.16,84.06,81.62,83.0,162610
2010-05-20,80.16,82.57,80.16,81.51,266833
2010-05-21,80.71,83.95,80.52,83.71,190516
2010-05-24,83.72,85.13,83.15,83.21,115035
2010-05-25,82.02,83.64,81.26,83.26,329628
2010-05-26,83.72,84.39,82.68,84.11,296832
2010-05-27,85.08,88.84,84.91,88.77,279723
2010-05-28,89.0,89.0,86.81,88.29,245831
2010-06-01,88.29,90.91,87.44,89.47,290712
2010-06-02,90.36,91.15,88.53,89.78,548878
2010-06-03,90.41,90.75,89.04,90.07,281641
2010-06-04,88.92,89.61,87.17,87.58,173099
2010-06-07,88.2,88.84,87.56,87.81,112129
2010-06-08,87.8,89.26,86.97,89.15,251761
2010-06-09,90.58,91.94,89.98,90.97,550109
2010-06-10,92.02,93.0,91.89,92.7,373532
2010-06-11,91.8,93.38,91.8,93.22,200979
2010-06-14,93.62,93.96,92.68,92.95,150492
2010-06-15,93.7,95.42,93.41,95.39,254643
2010-06-16,94.77,96.06,94.71,95.62,369559
2010-06-17,96.0,96.0,94.14,94.79,310225
2010-06-18,95.12,95.12,94.04,94.39,438376
2010-06-21,95.1,99.36,95.1,97.56,633739
2010-06-22,97.2,97.26,92.72,93.0,429904
2010-06-23,93.51,94.07,92.46,93.34,244161
2010-06-24,92.8,93.8,92.01,93.12,344398
2010-06-25,92.93,92.93,90.21,92.34,449948
2010-06-28,92.83,93.41,91.87,92.86,226303
2010-06-29,91.75,91.85,90.0,90.42,232483
2010-06-30,90.32,92.96,90.25,90.89,413495
2010-07-01,86.44,90.56,86.44,90.24,364569
2010-07-02,91.37,92.29,90.76,91.34,164215
2010-07-06,92.9,94.57,91.75,92.86,167951
2010-07-07,92.8,92.8,90.87,91.87,504242
2010-07-08,92.5,94.9,92.3,94.9,374005
2010-07-09,95.56,95.8,94.51,95.56,369536
2010-07-12,95.74,95.81,94.93,95.57,208264
2010-07-13,95.57,98.16,95.57,97.65,450658
2010-07-14,97.73,97.83,96.91,97.82,195757
2010-07-15,97.65,98.72,96.62,98.61,186352
2010-07-16,98.01,98.01,96.79,97.16,471044
2010-07-19,97.35,98.05,97.12,97.44,240112
2010-07-20,95.42,96.17,94.2,94.85,411292
2010-07-21,95.47,95.49,92.48,92.7,544876
2010-07-22,94.08,95.37,93.03,95.04,740243
2010-07-23,95.04,97.69,95.04,97.63,509355
2010-07-26,97.75,99.81,97.75,99.6,527667
2010-07-27,100.89,101.1,98.33,99.06,286318
2010-07-28,98.74,99.01,97.5,97.89,326509
2010-07-29,98.37,98.99,96.95,97.18,185368
2010-07-30,96.44,97.97,96.44,97.72,303553
2010-08-02,99.0,101.74,99.0,101.58,271370
2010-08-03,101.88,101.88,99.52,100.96,285491
2010-08-04,101.16,101.87,100.59,101.34,184307
2010-08-05,100.83,100.83,99.64,100.19,124422
2010-08-06,99.14,100.33,98.5,99.68,209969
2010-08-09,100.57,101.46,100.21,101.16,165718
2010-08-10,100.8,101.73,100.79,101.07,196598
2010-08-11,99.96,100.06,97.51,98.03,183282
2010-08-12,95.85,98.4,95.85,97.46,130572
2010-08-13,98.02,99.54,97.82,99.0,181776
2010-08-16,99.59,99.96,98.46,99.93,181165
2010-08-17,99.98,101.53,99.98,101.06,238008
2010-08-18,101.06,101.29,99.13,100.09,373253
2010-08-19,100.0,100.49,99.41,100.16,154155
2010-08-20,99.46,100.61,98.85,100.57,136071
2010-08-23,101.1,101.53,100.81,100.89,114009
2010-08-24,100.0,102.15,99.8,101.94,307211
2010-08-25,101.02,102.96,100.42,102.81,304562
2010-08-26,103.24,104.07,102.26,103.03,342575
2010-08-27,103.07,105.36,103.07,105.16,326368
2010-08-30,104.96,106.23,104.71,105.42,147176
2010-08-31,105.41,107.63,104.72,105.25,503972
2010-09-01,106.2,107.85,105.84,107.83,211642
2010-09-02,108.02,109.9,107.75,109.87,302676
2010-09-03,109.96,110.59,109.45,110.34,291848
2010-09-07,109.41,109.5,108.09,108.17,240551
2010-09-08,108.51,111.1,108.51,109.39,331770
2010-09-09,110.54,111.0,109.18,109.57,106232
2010-09-10,110.09,113.04,109.82,112.91,258273
2010-09-13,113.36,117.57,113.36,117.3,402469
2010-09-14,117.21,118.01,114.91,115.13,349916
2010-09-15,115.17,116.75,114.39,114.5,359426
2010-09-16,114.72,116.46,114.72,115.95,375580
2010-09-17,116.37,116.89,115.41,115.43,195254
2010-09-20,116.26,116.47,115.47,116.06,131701
2010-09-21,116.39,117.07,115.08,116.59,289005
2010-09-22,116.32,117.77,116.09,116.92,231003
2010-09-23,116.5,117.16,115.08,115.2,272827
2010-09-24,116.48,116.87,115.19,115.91,455951
2010-09-27,116.19,116.2,113.69,113.91,316541
2010-09-28,114.02,114.2,111.37,113.03,579870
2010-09-29,113.33,113.67,112.24,113.42,314828
2010-09-30,113.49,114.0,113.13,113.9,360163
2010-10-01,114.0,116.81,113.99,115.61,349244
2010-10-04,115.61,116.99,114.81,115.6,275074
2010-10-05,116.21,119.62,116.0,119.11,277832
2010-10-06,119.32,120.03,117.84,118.5,230985
2010-10-07,119.0,119.32,117.03,118.03,282753
2010-10-08,118.36,119.14,118.14,119.04,174581
2010-10-11,119.31,120.38,119.14,120.34,266050
2010-10-12,120.27,122.23,119.74,122.07,307887
2010-10-13,123.0,126.91,123.0,126.43,532015
2010-10-14,126.29,127.75,125.34,126.4,625249
2010-10-15,126.98,126.98,126.02,126.25,446036
2010-10-18,125.92,127.38,125.92,127.27,170456
2010-10-19,126.43,127.85,125.69,126.68,358891
2010-10-20,127.21,127.21,125.38,125.86,371102
2010-10-21,126.4,127.56,123.33,123.77,430985
2010-10-22,124.16,124.6,123.08,124.32,433283
2010-10-25,125.51,126.68,123.72,124.25,321555
2010-10-26,123.55,125.43,122.88,125.17,348526
2010-10-27,123.64,125.29,123.34,124.7,274042
2010-10-28,124.51,125.99,124.28,124.67,185232
2010-10-29,124.14,125.88,123.86,125.88,285684
2010-11-01,126.22,128.37,124.35,125.21,232889
2010-11-02,126.05,127.34,125.84,127.12,237412
2010-11-03,126.99,127.53,125.13,126.13,245649
2010-11-04,127.09,128.69,126.62,127.03,529896
2010-11-05,127.18,127.72,125.7,126.61,317222
2010-11-08,126.49,127.54,126.27,127.52,280620
2010-11-09,127.52,127.97,123.9,124.03,274252
2010-11-10,124.21,125.19,123.02,124.93,255392
2010-11-11,124.49,125.48,121.67,122.15,292113
2010-11-12,121.1,122.1,119.27,119.89,248404
2010-11-15,120.32,121.29,119.91,120.26,186968
2010-11-16,120.0,120.29,115.65,117.01,367314
2010-11-17,117.23,118.76,117.2,117.95,211428
2010-11-18,119.33,121.08,119.16,120.76,256025
2010-11-19,120.69,121.77,119.75,121.51,163119
2010-11-22,121.01,121.61,119.58,120.97,126924
2010-11-23,119.64,120.82,118.62,120.63,233394
2010-11-24,121.5,122.16,120.12,121.49,199169
2010-11-26,120.66,121.51,120.17,120.95,44961
2010-11-29,120.57,121.74,120.19,121.4,252193
2010-11-30,120.58,121.34,119.22,119.87,244504
2010-12-01,121.04,122.48,120.78,122.1,262229
2010-12-02,122.43,124.81,122.36,124.02,258846
2010-12-03,123.82,126.72,123.82,126.64,267764
2010-12-06,126.93,127.53,126.67,127.14,354370
2010-12-07,128.08,128.7,126.55,127.1,293582
2010-12-08,127.07,127.24,125.46,126.73,183533
2010-12-09,127.18,127.8,125.93,126.58,210755
2010-12-10,127.06,127.41,125.57,126.03,125801
2010-12-13,126.33,126.33,124.28,124.74,257244
2010-12-14,124.89,125.32,121.03,123.1,343626
2010-12-15,123.4,123.47,119.51,120.02,226026
2010-12-16,120.72,121.33,119.31,120.54,168328
2010-12-17,121.96,122.29,120.72,121.05,179041
2010-12-20,121.29,121.84,120.22,120.34,118119
2010-12-21,121.3,122.2,119.73,119.97,197493
2010-12-22,119.74,121.38,119.5,120.77,196178
2010-12-23,120.77,120.77,118.55,118.74,117049
2010-12-27,118.52,119.22,117.6,118.94,62697
2010-12-28,119.56,120.26,118.84,119.36,137917
2010-12-29,119.34,120.89,118.94,119.7,125472
2010-12-30,119.28,120.8,117.97,118.85,157579
2010-12-31,118.78,119.06,117.54,118.91,102805
2011-01-03,119.75,121.05,119.12,119.77,144392
2011-01-04,120.19,120.39,117.53,118.52,103607
2011-01-05,118.2,119.02,117.39,118.51,111797
2011-01-06,118.55,119.04,117.3,117.45,162943
2011-01-07,117.91,118.1,112.68,113.0,319254
2011-01-10,111.98,111.98,110.2,110.8,565107
2011-01-11,111.12,113.16,110.57,111.23,556645
2011-01-12,112.31,114.42,111.65,113.8,269558
2011-01-13,114.17,114.44,110.79,111.27,261864
2011-01-14,111.12,113.0,110.77,111.59,143433
2011-01-18,111.37,112.27,110.87,111.85,225776
2011-01-19,111.53,113.39,111.3,112.77,259799
2011-01-20,112.6,113.0,110.49,111.04,222857
2011-01-21,111.5,112.21,109.57,110.05,209080
2011-01-24,110.13,110.66,109.59,110.3,266421
2011-01-25,110.28,112.21,109.73,111.24,289054
2011-01-26,111.2,112.17,109.23,109.53,273156
2011-01-27,109.62,110.03,107.2,107.48,342237
2011-01-28,107.64,107.64,104.2,104.48,343074
2011-01-31,104.5,105.44,103.73,104.26,361396
2011-02-01,104.35,108.87,103.73,108.11,363290
2011-02-02,107.89,108.93,107.49,107.71,429778
2011-02-03,107.21,107.81,105.9,105.99,617353
2011-02-04,106.0,106.0,100.0,103.84,1413443
2011-02-07,104.15,104.25,101.27,101.72,478232
2011-02-08,102.16,102.44,100.33,102.29,593307
2011-02-09,101.83,102.3,100.0,100.78,439253
2011-02-10,100.13,100.34,96.8,97.22,878888
2011-02-11,97.22,99.93,96.86,99.63,1063326
2011-02-14,99.97,100.19,98.78,98.87,461638
2011-02-15,99.02,99.83,96.98,97.64,536025
2011-02-16,98.04,99.68,97.42,97.84,449029
2011-02-17,98.41,100.3,97.94,99.87,819923
2011-02-18,99.69,101.54,99.05,101.15,413573
2011-02-22,100.0,101.14,98.33,98.45,601427
2011-02-23,98.54,99.33,96.01,97.17,524965
2011-02-24,97.4,99.12,96.55,98.67,350842
2011-02-25,98.58,100.43,98.04,100.0,226584
2011-02-28,100.46,100.73,99.25,100.45,226516
2011-03-01,100.26,101.17,100.11,100.62,290726
2011-03-02,100.46,103.91,100.38,102.15,413761
2011-03-03,102.46,107.54,102.46,107.44,642640
2011-03-04,106.77,107.08,104.47,106.02,335196
2011-03-07,106.35,106.86,105.22,105.96,175756
2011-03-08,106.67,107.85,105.43,107.27,275610
2011-03-09,106.77,107.41,105.81,107.26,331199
2011-03-10,105.79,106.36,105.0,105.55,247823
2011-03-11,105.56,107.53,105.22,107.18,275672
2011-03-14,106.58,106.95,105.4,106.26,186452
2011-03-15,103.03,106.93,103.03,106.55,300857
2011-03-16,106.37,106.68,104.25,104.5,325205
2011-03-17,106.44,107.25,103.94,104.57,355268
2011-03-18,106.09,106.09,103.52,105.39,206496
2011-03-21,106.56,106.56,105.23,105.34,214141
2011-03-22,105.21,105.88,104.36,105.57,171979
2011-03-23,105.43,109.41,105.39,109.21,291430
2011-03-24,109.84,110.56,107.95,108.06,315879
2011-03-25,108.18,108.42,105.08,105.88,271018
2011-03-28,105.75,106.45,102.19,102.73,939769
2011-03-29,102.88,103.14,101.41,101.87,355469
2011-03-30,102.52,104.36,101.65,104.22,300570
2011-03-31,104.06,105.98,103.8,104.93,235210
2011-04-01,105.84,109.05,105.71,107.59,478348
2011-04-04,107.8,108.19,104.79,105.96,263330
2011-04-05,105.93,107.3,105.77,106.47,176250
2011-04-06,107.19,108.39,107.04,107.78,323199
2011-04-07,107.51,107.98,103.18,103.42,839381
2011-04-08,103.43,104.69,102.87,103.6,787217
2011-04-11,103.2,103.2,100.87,100.92,647965
2011-04-12,100.48,100.48,97.48,98.5,574827
2011-04-13,98.84,101.89,96.57,96.98,991474
2011-04-14,97.0,97.0,93.5,95.0,981781
2011-04-15,94.0,96.1,92.77,95.39,803739
2011-04-18,93.74,94.66,92.25,92.63,686006
2011-04-19,93.13,93.94,92.22,92.76,985824
2011-04-20,94.62,95.48,90.02,90.82,982155
2011-04-21,91.7,95.16,91.7,92.83,1092203
2011-04-22,0.0,0.0,0.0,0.0,0
2011-04-25,91.99,92.38,90.36,91.07,556492
2011-04-26,90.89,90.89,88.54,89.5,944796
2011-04-27,90.17,90.17,87.85,88.54,1390847
2011-04-28,88.45,91.72,88.07,91.44,722779
2011-04-29,91.85,98.0,91.85,96.52,1422788
2011-05-02,96.98,98.45,94.48,95.04,603251
2011-05-03,95.04,95.35,92.86,95.11,604978
2011-05-04,95.63,99.67,95.27,98.52,1389143
2011-05-05,97.87,98.92,97.04,98.32,766118
2011-05-06,98.85,102.75,98.19,102.54,939322
2011-05-09,103.01,104.71,99.79,101.27,873119
2011-05-10,103.85,107.86,101.94,102.14,904297
2011-05-11,101.79,102.04,98.19,99.61,951384
2011-05-12,100.44,101.92,99.83,101.16,836765
2011-05-13,101.1,102.51,100.48,102.37,469930
2011-05-16,101.95,103.46,101.62,102.91,647237
2011-05-17,102.66,105.27,102.11,105.08,531284
2011-05-18,105.0,105.16,104.31,104.8,456886
2011-05-19,104.81,105.45,103.84,104.85,327480
2011-05-20,104.69,104.69,103.26,103.59,293723
2011-05-23,102.97,104.5,102.85,104.12,231982
2011-05-24,104.76,104.81,103.02,103.49,375781
2011-05-25,103.0,103.25,101.98,102.69,551161
2011-05-26,103.22,104.85,102.29,104.71,505157
2011-05-27,105.0,105.55,104.09,104.46,316012
2011-05-31,104.51,104.51,100.28,101.37,716969
2011-06-01,100.16,101.44,97.11,97.99,1442672
2011-06-02,98.0,104.68,97.62,104.29,1017386
2011-06-03,102.4,103.34,100.11,101.68,1579375
2011-06-06,89.33,92.21,81.76,82.55,5184967
2011-06-07,82.8,88.47,82.64,85.73,2235744
2011-06-08,85.0,87.26,84.7,86.43,1540389
2011-06-09,86.6,91.88,85.32,91.07,1333935
2011-06-10,91.07,92.92,90.1,92.55,1340536
2011-06-13,93.01,93.16,91.07,91.45,931532
2011-06-14,92.0,93.03,91.25,91.8,670113
2011-06-15,91.66,91.66,88.97,89.78,719250
2011-06-16,90.11,90.29,85.77,86.58,1133330
2011-06-17,87.51,88.79,84.72,85.53,823467
2011-06-20,85.23,86.58,84.45,86.27,593905
2011-06-21,87.56,88.14,85.9,86.72,449896
2011-06-22,86.43,87.1,85.75,86.25,396724
2011-06-23,85.0,86.48,84.7,86.35,497263
2011-06-24,86.28,87.18,84.96,85.34,535799
2011-06-27,85.22,85.98,84.52,84.73,509687
2011-06-28,85.64,85.64,84.6,84.9,276872
2011-06-29,85.13,86.66,84.94,86.47,274167
2011-06-30,85.78,87.38,85.72,86.1,347353
2011-07-01,86.39,87.48,86.04,86.84,385339
2011-07-05,86.72,86.97,85.37,85.79,306913
2011-07-06,85.71,86.3,84.54,84.86,239851
2011-07-07,85.52,85.89,84.05,84.16,559591
2011-07-08,83.48,86.86,82.65,86.69,499124
2011-07-11,85.15,85.71,84.12,84.58,477898
2011-07-12,84.17,86.87,84.17,86.23,421242
2011-07-13,86.23,88.54,86.1,87.12,520378
2011-07-14,87.18,88.02,85.65,86.09,395240
2011-07-15,86.41,88.51,86.0,88.44,333947
2011-07-18,88.19,93.87,88.19,92.0,1205219
2011-07-19,92.95,94.95,92.95,94.55,1075581
2011-07-20,95.18,97.4,94.72,96.51,701869
2011-07-21,98.03,100.3,97.6,98.13,779498
2011-07-22,98.17,98.9,95.36,95.53,596900
2011-07-25,94.18,98.0,94.18,97.93,392600
2011-07-26,97.84,98.03,96.24,96.74,420305
2011-07-27,96.25,97.04,94.1,94.37,333127
2011-07-28,94.57,95.8,94.31,94.93,290076
2011-07-29,94.32,97.75,94.24,97.7,332746
2011-08-01,98.12,98.31,95.19,96.58,430257
2011-08-02,95.93,96.17,92.36,92.44,455245
2011-08-03,93.04,93.92,90.68,92.34,571536
2011-08-04,92.16,92.16,87.31,88.98,636086
2011-08-05,90.04,90.46,85.07,89.36,550494
2011-08-08,86.48,86.91,81.21,82.25,712562
2011-08-09,83.96,85.67,81.47,85.6,875986
2011-08-10,84.61,85.32,82.8,83.53,369953
2011-08-11,83.44,87.99,80.79,86.71,525133
2011-08-12,86.98,89.96,86.61,88.56,386754
2011-08-15,89.47,91.57,89.47,91.52,239478
2011-08-16,90.16,90.16,88.2,89.96,226757
2011-08-17,90.97,92.92,90.61,91.79,269398
2011-08-18,90.83,91.39,88.72,91.07,452707
2011-08-19,89.86,92.25,89.72,89.98,471590
2011-08-22,91.7,91.85,88.69,89.24,149816
2011-08-23,89.37,92.44,88.67,92.36,225809
2011-08-24,92.27,93.62,91.84,93.21,218989
2011-08-25,94.07,94.93,92.44,93.76,297544
2011-08-26,93.0,94.63,91.5,93.84,130703
2011-08-29,94.26,96.15,94.26,95.96,158678
2011-08-30,95.34,98.77,94.66,98.23,176747
2011-08-31,98.58,99.65,98.0,99.64,273571
2011-09-01,100.01,103.39,99.56,101.6,750921
2011-09-02,100.34,100.77,97.3,98.0,247441
2011-09-06,96.77,98.6,95.76,98.51,280292
2011-09-07,99.88,101.77,99.27,101.65,172928
2011-09-08,100.71,100.71,99.19,100.52,397240
2011-09-09,100.0,100.41,98.49,99.21,347240
2011-09-12,97.99,99.57,97.82,99.57,398983
2011-09-13,99.73,101.37,98.1,101.09,241027
2011-09-14,101.48,101.94,98.89,100.99,179091
2011-09-15,102.63,103.03,101.3,102.79,328882
2011-09-16,102.86,102.9,100.19,100.9,289876
2011-09-19,99.26,101.81,99.11,101.37,366270
2011-09-20,101.5,101.73,100.0,101.51,283899
2011-09-21,101.16,101.64,100.0,100.6,392401
2011-09-22,98.11,100.0,94.61,95.35,1091129
2011-09-23,94.12,95.45,89.44,89.72,691051
2011-09-26,90.77,93.74,88.14,93.48,546454
2011-09-27,95.42,97.43,94.39,94.99,299982
2011-09-28,94.66,95.37,90.8,91.05,310874
2011-09-29,92.63,93.23,90.21,91.83,338904
2011-09-30,90.77,93.5,90.0,92.2,480328
2011-10-03,91.37,92.1,89.09,90.11,541053
2011-10-04,88.93,90.34,86.46,89.44,602820
2011-10-05,89.5,91.87,88.46,91.4,334196
2011-10-06,90.72,93.58,90.49,92.82,541167
2011-10-07,93.82,95.47,92.44,93.58,437351
2011-10-10,95.12,97.57,95.12,97.45,198831
2011-10-11,97.02,98.85,96.4,98.3,222420
2011-10-12,100.0,103.61,99.57,103.24,551557
2011-10-13,103.24,103.71,101.29,102.54,330421
2011-10-14,103.81,105.83,103.76,105.03,292372
2011-10-17,104.63,104.74,102.72,103.6,179093
2011-10-18,103.66,105.95,102.72,105.56,360413
2011-10-19,105.23,105.71,103.71,103.73,209447
2011-10-20,104.0,104.83,102.74,104.7,265811
2011-10-21,104.8,108.38,104.5,108.38,322694
2011-10-24,108.41,109.8,107.79,108.0,290173
2011-10-25,107.36,107.36,104.79,105.23,287260
2011-10-26,106.65,108.03,105.38,107.84,320902
2011-10-27,110.17,112.53,110.17,110.59,356106
2011-10-28,111.62,113.99,110.65,110.9,373349
2011-10-31,109.61,110.35,108.68,108.78,219562
2011-11-01,105.09,108.3,104.3,106.1,224636
2011-11-02,107.34,110.27,107.34,108.39,248124
2011-11-03,109.4,111.16,107.89,111.08,316546
2011-11-04,111.08,111.28,108.01,109.03,251915
2011-11-07,109.45,110.29,106.48,107.25,183075
2011-11-08,107.89,110.0,107.2,109.43,167175
2011-11-09,104.81,106.81,103.58,103.87,247863
2011-11-10,105.0,105.78,104.38,105.19,206245
2011-11-11,106.29,108.58,106.12,107.95,126776
2011-11-14,107.25,109.32,107.02,107.7,174021
2011-11-15,107.36,107.58,105.33,105.79,274996
2011-11-16,105.04,105.67,102.61,102.7,202321
2011-11-17,102.76,104.23,100.83,101.55,155911
2011-11-18,101.71,102.74,100.06,101.41,243241
2011-11-21,100.26,103.07,98.9,102.66,282498
2011-11-22,102.11,102.36,100.2,101.6,300608
2011-11-23,100.53,101.47,100.22,100.67,249991
2011-11-25,101.0,102.84,99.67,100.03,196022
2011-11-28,102.38,103.66,101.73,103.59,277655
2011-11-29,103.86,104.85,103.02,104.22,221226
2011-11-30,106.74,109.53,105.67,108.62,478042
2011-12-01,108.79,111.29,108.43,110.75,206078
2011-12-02,111.84,111.84,108.56,110.25,166683
2011-12-05,111.6,111.77,109.64,111.14,180584
2011-12-06,110.86,110.86,105.71,106.01,346097
2011-12-07,105.57,107.11,105.0,106.87,242596
2011-12-08,105.8,106.67,104.47,104.85,184363
2011-12-09,105.26,108.22,105.26,107.69,171534
2011-12-12,105.98,106.32,104.13,105.21,275230
2011-12-13,105.91,107.52,104.36,105.26,242645
2011-12-14,104.28,107.35,101.68,101.86,283841
2011-12-15,103.17,104.65,102.5,104.09,271637
2011-12-16,104.53,105.13,103.59,104.0,140817
2011-12-19,103.69,105.17,103.16,104.11,208374
2011-12-20,105.0,105.93,104.65,105.55,129188
2011-12-21,105.7,106.29,104.4,104.77,151977
2011-12-22,105.59,107.51,104.37,107.51,166765
2011-12-23,107.9,109.19,107.12,107.69,92044
2011-12-27,107.28,108.33,107.11,108.0,79543
2011-12-28,108.19,108.56,107.08,107.24,140514
2011-12-29,107.18,108.38,107.18,108.08,148192
2011-12-30,107.99,110.0,107.99,109.47,149231
2012-01-03,110.98,112.77,108.88,109.02,352335
2012-01-04,108.06,110.36,107.91,108.92,257661
2012-01-05,107.93,109.41,107.88,109.02,172228
2012-01-06,108.64,108.64,104.4,104.85,200970
2012-01-09,105.44,106.52,104.75,106.37,211710
2012-01-10,107.73,109.37,107.25,109.22,161023
2012-01-11,108.97,110.95,107.41,108.66,462506
2012-01-12,109.27,110.94,107.84,108.04,215485
2012-01-13,107.63,108.9,106.48,108.71,230139
2012-01-17,109.5,111.15,109.01,110.55,420286
2012-01-18,110.62,112.41,109.85,110.24,506842
2012-01-19,111.04,112.06,110.28,110.6,285485
2012-01-20,110.64,111.6,109.61,110.71,276639
2012-01-23,110.87,111.3,110.15,110.72,217595
2012-01-24,110.25,111.79,110.25,111.37,134527
2012-01-25,112.01,113.47,110.98,112.79,230341
2012-01-26,115.67,115.99,111.98,112.63,337724
2012-01-27,112.42,113.5,108.63,111.49,460925
2012-01-30,110.11,111.81,109.64,111.64,236862
2012-01-31,112.08,114.12,111.36,113.66,313234
2012-02-01,114.12,118.82,114.12,115.9,577612
2012-02-02,115.75,116.22,113.4,114.96,430775
2012-02-03,115.99,117.77,114.87,117.44,306915
2012-02-06,119.99,119.99,115.99,116.45,222670
2012-02-07,116.32,117.86,116.15,117.57,206740
2012-02-08,117.83,119.57,117.67,119.16,222023
2012-02-09,119.16,119.56,117.3,118.96,296365
2012-02-10,117.61,119.25,117.07,119.25,196180
2012-02-13,119.8,120.54,119.08,119.34,273673
2012-02-14,118.67,120.45,117.59,119.1,426937
2012-02-15,119.72,121.52,119.09,119.6,499574
2012-02-16,119.15,119.81,118.35,118.83,251540
2012-02-17,119.06,121.82,118.48,121.7,185984
2012-02-21,122.0,123.4,121.92,123.18,202282
2012-02-22,123.2,123.91,121.37,123.0,271861
2012-02-23,122.62,124.39,121.86,122.72,196740
2012-02-24,123.17,123.89,120.73,122.25,278456
2012-02-27,121.48,123.01,120.36,122.81,101732
2012-02-28,122.97,124.85,122.47,124.27,203954
2012-02-29,124.18,124.59,122.45,122.89,221212
2012-03-01,123.33,126.49,122.71,125.57,239232
2012-03-02,125.56,126.06,123.91,125.26,159582
2012-03-05,124.96,127.25,123.61,127.23,223054
2012-03-06,125.47,125.97,123.91,125.2,260809
2012-03-07,125.32,126.81,124.87,125.88,153198
2012-03-08,126.97,128.23,125.48,127.79,141289
2012-03-09,128.03,130.13,127.4,129.4,244535
2012-03-12,129.33,130.05,128.37,129.29,261685
2012-03-13,129.55,131.14,127.65,130.16,404306
2012-03-14,130.62,131.05,128.05,128.5,368726
2012-03-15,128.72,129.12,124.92,126.37,679138
2012-03-16,126.94,128.12,126.16,127.36,357629
2012-03-19,127.11,128.38,126.03,127.75,221147
2012-03-20,127.09,127.49,125.67,127.29,149367
2012-03-21,127.2,128.44,126.9,127.31,202901
2012-03-22,126.8,127.84,125.79,126.81,135689
2012-03-23,126.92,127.6,125.94,127.58,107427
2012-03-26,128.0,130.18,127.65,129.2,263674
2012-03-27,129.57,130.3,129.11,129.49,303770
2012-03-28,129.43,129.57,128.18,129.57,187047
2012-03-29,128.41,129.6,126.28,129.37,221854
2012-03-30,129.81,132.05,129.41,131.82,339071
2012-04-02,131.99,134.82,130.98,134.2,306771
2012-04-03,134.31,136.75,133.79,135.66,522952
2012-04-04,134.4,135.11,133.86,134.45,244873
2012-04-05,134.02,136.46,133.0,136.27,229814
2012-04-09,134.94,135.96,133.65,135.25,161164
2012-04-10,135.25,137.35,133.66,133.8,403785
2012-04-11,134.98,136.09,133.88,134.27,245928
2012-04-12,134.49,135.03,133.14,133.84,364502
2012-04-13,133.02,134.07,130.85,131.15,374584
2012-04-16,129.56,130.38,127.57,129.95,373539
2012-04-17,130.36,132.65,129.45,129.55,304863
2012-04-18,129.32,130.29,128.56,128.84,172929
2012-04-19,129.1,130.37,128.49,130.24,167615
2012-04-20,130.44,131.75,129.92,130.22,219115
2012-04-23,129.6,129.7,126.43,127.58,265127
2012-04-24,127.43,128.69,125.86,127.99,402269
2012-04-25,128.03,129.87,126.75,129.35,303241
2012-04-26,129.57,129.95,127.51,129.75,181137
2012-04-27,130.41,132.47,130.18,132.16,277486
2012-04-30,132.07,132.07,130.25,130.91,410253
2012-05-01,131.02,132.37,130.78,131.31,275907
2012-05-02,131.0,132.26,130.48,131.34,297593
2012-05-03,131.21,131.85,130.35,131.28,295053
2012-05-04,130.39,132.34,128.23,129.03,308439
2012-05-07,128.22,129.9,128.18,128.43,333227
2012-05-08,127.99,128.46,125.04,126.76,273522
2012-05-09,125.15,126.44,123.73,125.63,182693
2012-05-10,126.28,126.85,124.75,126.09,272170
2012-05-11,124.99,126.75,123.43,125.25,108710
2012-05-14,124.04,125.11,123.13,124.02,263288
2012-05-15,124.35,126.49,123.83,124.54,255413
2012-05-16,125.55,126.13,123.62,124.36,250630
2012-05-17,125.02,125.02,120.48,120.95,299894
2012-05-18,121.98,121.98,118.26,118.47,223869
2012-05-21,118.71,119.88,118.5,119.72,256363
2012-05-22,119.69,122.99,119.54,121.92,217063
2012-05-23,121.86,121.86,117.36,120.61,195893
2012-05-24,120.97,121.39,119.37,120.33,90657
2012-05-25,120.41,121.74,119.93,120.46,125302
2012-05-29,120.47,122.7,120.47,122.29,162404
2012-05-30,122.24,122.64,121.03,122.1,239173
2012-05-31,122.69,124.82,122.12,124.77,359372
2012-06-01,122.96,123.29,120.13,120.18,234776
2012-06-04,119.98,120.29,116.86,117.25,180343
2012-06-05,117.08,118.11,117.03,117.22,180243
2012-06-06,118.44,121.64,118.05,120.63,297810
2012-06-07,122.42,124.23,120.01,122.33,202077
2012-06-08,122.18,122.85,120.75,122.12,235336
2012-06-11,123.07,123.07,120.25,120.3,140158
2012-06-12,119.82,121.31,118.5,119.19,324388
2012-06-13,119.35,120.58,118.73,119.29,134105
2012-06-14,119.43,119.53,117.51,118.49,215761
2012-06-15,119.58,121.42,119.17,121.31,269189
2012-06-18,121.21,123.8,120.48,123.24,186041
2012-06-19,123.91,127.18,123.75,126.83,327625
2012-06-20,126.59,128.74,126.59,128.7,226473
2012-06-21,128.42,128.42,125.62,125.86,254286
2012-06-22,126.99,127.2,125.98,126.79,180070
2012-06-25,124.85,126.77,124.66,125.48,355484
2012-06-26,125.94,126.85,122.8,123.93,323564
2012-06-27,124.14,124.4,121.72,121.96,352103
2012-06-28,121.4,121.79,120.23,121.24,208941
2012-06-29,123.57,125.91,123.45,125.89,236883
2012-07-02,127.35,128.46,125.82,127.96,435794
2012-07-03,127.9,128.93,127.73,128.13,139828
2012-07-05,128.08,128.7,127.17,127.48,260921
2012-07-06,126.74,127.5,125.36,125.39,228932
2012-07-09,125.19,125.66,123.85,124.14,138878
2012-07-10,124.49,125.05,121.72,122.13,279121
2012-07-11,122.96,125.17,122.47,124.04,495279
2012-07-12,122.79,123.11,121.34,122.41,215599
2012-07-13,122.61,123.96,122.61,123.49,173025
2012-07-16,124.12,125.5,123.31,123.82,167918
2012-07-17,124.25,124.25,122.18,122.5,228940
2012-07-18,122.14,122.83,120.94,122.5,362399
2012-07-19,122.09,123.31,120.57,121.12,472232
2012-07-20,120.43,120.93,118.4,118.92,394301
2012-07-23,117.66,118.0,116.57,116.8,215898
2012-07-24,116.74,117.08,114.19,114.31,275762
2012-07-25,115.07,115.9,113.05,114.45,546037
2012-07-26,116.73,117.0,115.8,116.52,367920
2012-07-27,117.32,118.96,116.97,118.25,377646
2012-07-30,117.85,119.77,117.75,118.71,506301
2012-07-31,118.52,118.81,115.54,115.94,639552
2012-08-01,116.29,116.89,114.36,114.47,461039
2012-08-02,113.99,115.69,112.18,113.07,741474
2012-08-03,114.63,115.5,114.21,114.35,460837
2012-08-06,114.61,115.04,112.42,112.59,328948
2012-08-07,111.0,113.52,110.15,113.03,567464
2012-08-08,112.77,114.66,111.78,114.52,747521
2012-08-09,114.53,114.66,113.28,113.41,342516
2012-08-10,113.45,113.85,112.21,113.28,216691
2012-08-13,113.28,113.7,112.05,112.55,139526
2012-08-14,112.78,113.2,111.97,112.09,155634
2012-08-15,112.34,112.48,111.61,112.44,124170
2012-08-16,113.13,114.27,112.63,114.1,277838
2012-08-17,118.0,120.06,116.15,119.13,753443
2012-08-20,119.41,120.01,117.57,117.96,260520
2012-08-21,119.3,121.35,117.73,118.55,321574
2012-08-22,118.07,118.46,117.29,117.77,197894
2012-08-23,117.31,118.58,117.25,117.83,168790
2012-08-24,117.03,119.36,116.9,118.97,161058
2012-08-27,119.01,119.49,118.37,118.58,110538
2012-08-28,118.57,120.06,118.13,119.58,201471
2012-08-29,119.5,119.73,118.59,119.58,164378
2012-08-30,118.8,120.17,118.8,119.96,250703
2012-08-31,120.19,120.95,118.98,120.53,214435
2012-09-04,120.18,120.55,118.64,119.09,242429
2012-09-05,118.69,118.72,116.72,117.39,273982
2012-09-06,118.24,121.29,118.24,121.21,162606
2012-09-07,122.8,123.14,121.98,122.56,157121
2012-09-10,122.45,122.99,121.64,121.73,167472
2012-09-11,122.05,122.07,120.62,121.06,235570
2012-09-12,121.88,125.14,121.39,125.0,432368
2012-09-13,125.0,126.99,123.19,126.83,243014
2012-09-14,127.66,131.17,126.85,128.71,309955
2012-09-17,129.33,129.41,127.71,127.79,154727
2012-09-18,128.18,128.22,125.53,126.18,173842
2012-09-19,126.35,127.75,126.26,127.41,161487
2012-09-20,126.25,127.17,125.03,126.13,123444
2012-09-21,127.33,129.17,126.09,126.5,306872
2012-09-24,125.55,126.84,124.64,125.49,246572
2012-09-25,125.6,126.14,124.21,124.25,195900
2012-09-26,122.95,124.2,122.95,123.7,105062
2012-09-27,124.11,125.59,122.91,125.46,146925
2012-09-28,124.59,125.36,123.01,125.28,195788
2012-10-01,125.76,127.7,125.4,126.64,198357
2012-10-02,128.2,129.12,125.97,126.74,266193
2012-10-03,127.03,129.0,125.56,128.06,293240
2012-10-04,128.32,129.38,126.68,127.71,236833
2012-10-05,128.12,128.82,127.23,127.82,136730
2012-10-08,127.12,128.22,126.08,127.96,256334
2012-10-09,127.55,128.7,125.8,126.11,259603
2012-10-10,126.33,127.49,125.98,126.27,125706
2012-10-11,126.68,127.19,125.91,126.24,137107
2012-10-12,125.9,126.2,124.79,125.03,97856
2012-10-15,125.11,125.78,124.79,125.0,192841
2012-10-16,125.85,125.9,124.67,125.48,344155
2012-10-17,125.05,125.66,124.29,125.25,355329
2012-10-18,125.15,125.23,123.77,124.19,324238
2012-10-19,124.2,125.91,124.09,125.7,405493
2012-10-22,125.36,126.53,125.0,125.92,189133
2012-10-23,124.74,124.75,123.98,124.34,200819
2012-10-24,124.8,126.22,124.34,124.96,370125
2012-10-25,126.14,128.35,126.01,127.5,232386
2012-10-26,127.34,128.87,126.89,126.99,169053
2012-10-31,128.75,129.42,128.01,129.34,409699
2012-11-01,129.29,131.93,128.79,131.91,172511
2012-11-02,132.0,132.54,130.85,131.8,330303
2012-11-05,131.62,132.12,130.74,131.37,157127
2012-11-06,131.38,133.23,130.38,132.45,187328
2012-11-07,133.64,133.64,130.07,130.15,193275
2012-11-08,130.44,134.62,130.44,133.45,432967
2012-11-09,132.48,136.01,132.12,135.8,294675
2012-11-12,137.84,140.45,136.24,137.93,577174
2012-11-13,137.11,138.37,136.77,137.34,431306
2012-11-14,139.97,140.0,136.17,136.56,215807
2012-11-15,136.72,137.22,134.91,136.3,221896
2012-11-16,136.16,138.93,135.52,137.79,315450
2012-11-19,137.8,140.33,137.8,139.16,260819
2012-11-20,138.93,139.51,138.0,139.0,157877
2012-11-21,139.2,139.66,138.02,138.86,197757
2012-11-23,140.17,140.19,138.44,139.49,103961
2012-11-26,138.2,139.91,137.74,138.65,273109
2012-11-27,141.42,141.42,137.26,137.77,201797
2012-11-28,137.84,139.24,137.31,138.87,349093
2012-11-29,139.41,142.15,139.41,141.58,269382
2012-11-30,141.8,142.8,138.02,139.9,708544
2012-12-03,140.13,140.67,137.75,138.3,247453
2012-12-04,138.23,139.39,137.88,138.31,133551
2012-12-05,139.0,139.0,136.83,138.28,247849
2012-12-06,138.17,139.15,137.4,138.92,103238
2012-12-07,139.11,139.61,135.91,137.34,268008
2012-12-10,137.31,139.31,136.11,137.62,274884
2012-12-11,137.46,140.75,137.46,140.75,535016
2012-12-12,142.35,143.22,139.98,140.49,480945
2012-12-13,141.0,141.9,139.65,141.5,330956
2012-12-14,141.0,142.33,140.26,141.53,304013
2012-12-17,141.89,143.54,141.63,142.58,430351
2012-12-18,143.68,145.08,142.37,144.17,398594
2012-12-19,144.65,148.31,144.04,145.75,429442
2012-12-20,145.19,147.7,145.16,147.7,199057
2012-12-21,145.45,147.06,145.45,146.5,192013
2012-12-24,146.62,147.89,146.05,147.86,93706
2012-12-26,147.85,148.26,145.93,146.15,86018
2012-12-27,146.53,147.02,145.45,146.53,154104
2012-12-28,145.44,146.56,144.88,146.55,286890
2012-12-31,145.88,147.23,145.45,146.56,137437
2013-01-02,149.89,149.89,147.21,149.19,217263
2013-01-03,149.34,150.9,147.83,150.3,172072
2013-01-04,150.24,151.98,149.67,151.93,182140
2013-01-07,151.03,151.95,149.1,150.48,175537
2013-01-08,150.84,151.25,149.7,151.23,124908
2013-01-09,150.8,152.51,150.8,151.99,171479
2013-01-10,152.39,155.5,151.58,155.44,224798
2013-01-11,155.07,155.24,152.99,153.39,163862
2013-01-14,153.81,155.83,153.64,155.83,153780
2013-01-15,155.69,155.69,153.01,154.41,159142
2013-01-16,154.87,157.59,154.17,157.2,263235
2013-01-17,157.41,160.35,157.12,158.97,347514
2013-01-18,158.01,158.21,155.83,157.59,231963
2013-01-22,157.91,158.8,156.93,158.0,223468
2013-01-23,157.68,158.53,157.45,158.0,254377
2013-01-24,158.19,158.46,155.08,155.59,228497
2013-01-25,155.62,156.62,154.57,156.49,260902
2013-01-28,157.28,157.28,154.0,155.32,176070
2013-01-29,155.42,158.14,155.15,156.98,398684
2013-01-30,156.84,156.95,155.62,156.62,171251
2013-01-31,156.23,156.95,155.53,156.73,459729
2013-02-01,157.7,160.09,157.7,158.8,235539
2013-02-04,153.81,155.73,147.6,150.37,643221
2013-02-05,141.79,150.0,141.79,142.95,1017646
2013-02-06,146.6,147.47,142.17,145.28,541514
2013-02-07,145.0,148.14,145.0,147.19,467576
2013-02-08,147.45,149.91,146.04,146.07,354939
2013-02-11,146.01,147.22,145.49,146.47,146044
2013-02-12,146.6,148.5,146.6,148.09,278276
2013-02-13,148.01,149.48,147.26,148.86,361374
2013-02-14,148.4,149.28,147.73,147.98,171369
2013-02-15,147.74,148.39,146.48,146.61,228281
2013-02-19,147.62,148.25,146.67,147.0,355370
2013-02-20,146.92,148.52,146.44,146.86,309525
2013-02-21,146.41,146.41,143.12,144.73,379943
2013-02-22,145.5,148.14,144.95,148.08,286011
2013-02-25,148.59,149.98,146.83,147.15,538397
2013-02-26,147.85,148.74,146.44,147.6,347089
2013-02-27,147.32,149.7,146.68,148.92,192985
2013-02-28,149.58,150.0,148.42,149.98,293536
2013-03-01,149.36,151.82,149.07,151.82,270397
2013-03-04,150.88,153.75,150.88,153.52,167597
2013-03-05,153.28,157.68,153.28,156.91,434115
2013-03-06,156.94,159.14,156.5,159.02,509587
2013-03-07,159.07,160.7,158.5,159.09,450725
2013-03-08,159.59,160.28,157.44,158.79,361558
2013-03-11,156.09,158.06,155.74,157.88,478413
2013-03-12,157.88,159.5,157.58,158.22,123195
2013-03-13,158.57,159.12,157.28,158.5,199033
2013-03-14,159.19,159.32,157.65,158.89,203157
2013-03-15,159.39,159.56,158.12,159.53,193604
2013-03-18,158.13,159.62,158.13,159.28,189436
2013-03-19,159.24,160.0,158.77,159.13,268224
2013-03-20,159.7,160.8,159.27,160.64,221567
2013-03-21,160.03,161.51,159.19,159.7,209752
2013-03-22,159.75,160.41,159.18,159.93,133438
2013-03-25,160.5,160.5,158.76,159.49,262022
2013-03-26,159.7,163.3,159.51,161.84,225535
2013-03-27,160.02,161.87,159.18,161.83,183567
2013-03-28,162.05,166.1,161.81,166.05,188928
2013-04-01,166.04,167.63,164.58,165.35,200617
2013-04-02,166.15,166.45,164.05,164.91,319349
2013-04-03,164.66,165.1,160.82,161.55,313202
2013-04-04,161.83,162.55,158.92,159.52,298608
2013-04-05,158.15,159.8,156.78,159.56,214762
2013-04-08,159.39,160.55,158.68,160.55,174927
2013-04-09,161.03,161.94,158.64,158.92,329899
2013-04-10,159.59,160.0,158.33,158.71,583282
2013-04-11,158.9,159.23,158.14,158.8,638918
2013-04-12,155.41,155.5,150.78,154.89,709568
2013-04-15,153.84,155.62,152.49,152.61,681430
2013-04-16,153.01,153.28,152.08,152.57,246994
2013-04-17,151.15,152.22,146.77,147.0,621882
2013-04-18,146.82,147.05,144.24,145.21,525441
2013-04-19,145.65,145.89,144.77,145.5,376258
2013-04-22,145.86,146.76,145.51,146.37,268716
2013-04-23,146.0,146.21,144.7,145.41,417727
2013-04-24,145.45,149.22,145.45,148.54,393599
2013-04-25,149.0,150.96,148.54,150.59,255587
2013-04-26,150.14,152.03,148.65,149.5,331753
2013-04-29,145.66,151.84,145.66,150.43,292118
2013-04-30,150.42,152.02,149.68,150.59,581156
2013-05-01,150.35,151.1,149.5,150.42,155359
2013-05-02,150.35,151.83,148.51,148.73,423626
2013-05-03,149.31,150.77,147.51,147.74,259927
2013-05-06,147.8,149.11,147.26,148.34,135360
2013-05-07,149.99,155.3,148.53,154.85,287177
2013-05-08,155.24,155.75,153.27,153.47,317693
2013-05-09,153.11,153.95,149.89,150.0,290185
2013-05-10,150.36,151.18,150.22,150.58,177510
2013-05-13,150.25,150.25,149.28,149.64,121587
2013-05-14,149.4,149.59,148.71,148.94,143157
2013-05-15,148.94,149.42,146.44,147.16,382247
2013-05-16,146.98,147.37,144.88,144.94,207360
2013-05-17,145.53,148.59,144.34,148.49,275438
2013-05-20,148.31,148.87,146.97,148.01,205453
2013-05-21,148.0,149.72,145.86,146.24,181269
2013-05-22,146.23,148.2,145.51,147.68,343678
2013-05-23,147.0,147.0,145.13,145.95,396349
2013-05-24,145.5,146.0,143.29,144.39,157627
2013-05-28,145.78,145.78,143.99,144.82,190471
2013-05-29,144.65,144.65,143.16,144.18,190870
2013-05-30,144.03,145.54,143.5,144.08,150810
2013-05-31,143.97,143.97,137.57,137.62,494079
2013-06-03,137.65,138.24,136.0,137.89,529016
2013-06-04,137.67,140.59,137.46,140.05,338115
2013-06-05,140.16,140.16,136.63,137.26,238963
2013-06-06,137.19,137.66,135.78,136.6,316281
2013-06-07,136.67,138.0,135.02,136.81,145890
2013-06-10,136.83,137.66,135.01,137.22,144624
2013-06-11,135.47,138.12,134.5,135.32,523945
2013-06-12,135.77,136.3,131.09,131.84,422289
2013-06-13,132.09,133.92,128.44,130.26,842479
2013-06-14,130.25,132.62,129.16,130.08,510813
2013-06-17,130.75,132.77,129.86,132.18,330195
2013-06-18,132.31,132.94,130.54,131.3,193879
2013-06-19,131.7,132.76,129.8,129.96,345491
2013-06-20,128.08,128.58,123.4,125.14,418714
2013-06-21,125.39,125.87,123.33,124.64,569594
2013-06-24,122.32,124.72,120.61,123.41,353442
2013-06-25,124.98,125.93,124.01,124.96,262910
2013-06-26,126.02,126.81,124.51,125.99,246865
2013-06-27,126.84,129.04,125.54,127.99,307296
2013-06-28,127.56,128.47,126.2,127.96,598837
2013-07-01,129.02,132.02,127.97,128.49,480620
2013-07-02,128.0,129.07,124.8,127.24,553212
2013-07-03,132.96,132.96,122.74,123.92,400975
2013-07-05,124.87,125.24,122.44,125.11,374519
2013-07-08,126.04,126.21,119.04,119.29,732092
2013-07-09,119.85,120.72,117.26,117.96,1080217
2013-07-10,118.39,118.39,112.05,113.5,1105224
2013-07-11,114.81,119.71,114.32,117.4,813046
2013-07-12,117.36,118.42,115.5,118.21,587882
2013-07-15,119.39,123.4,118.14,119.03,334859
2013-07-16,118.95,119.7,117.91,118.98,210454
2013-07-17,119.81,119.81,116.8,116.97,415385
2013-07-18,117.21,118.72,114.84,116.03,753588
2013-07-19,115.0,116.26,111.05,113.79,1023729
2013-07-22,114.0,117.88,113.5,117.79,709255
2013-07-23,119.0,119.81,116.93,119.14,929274
2013-07-24,119.42,119.78,116.71,116.93,867548
2013-07-25,116.62,117.15,115.27,116.37,344766
2013-07-26,116.12,118.53,115.61,118.31,288937
2013-07-29,118.35,120.0,118.0,119.31,345569
2013-07-30,119.79,121.29,118.73,119.73,535705
2013-07-31,119.72,120.73,117.57,118.79,702502
2013-08-01,120.51,122.64,119.92,120.31,645947
2013-08-02,120.47,122.4,119.84,120.55,712161
2013-08-05,120.59,122.04,120.53,121.63,287370
2013-08-06,122.28,123.61,120.73,121.61,526741
2013-08-07,121.56,122.1,120.81,121.08,402401
2013-08-08,122.74,127.28,121.71,123.28,311862
2013-08-09,122.91,126.89,121.69,125.13,479720
2013-08-12,125.29,132.4,125.29,131.9,877582
2013-08-13,134.7,135.82,131.02,132.6,646319
2013-08-14,132.53,132.75,131.08,132.42,563759
2013-08-15,131.23,132.14,129.78,130.32,188805
2013-08-16,129.49,130.71,127.75,128.43,194035
2013-08-19,128.32,128.32,125.45,125.95,439991
2013-08-20,126.28,127.55,125.33,125.41,210201
2013-08-21,124.16,125.93,123.05,123.56,269512
2013-08-22,123.81,126.27,122.91,125.45,186048
2013-08-23,125.97,127.1,125.12,126.98,162962
2013-08-26,126.92,126.92,124.53,124.86,150523
2013-08-27,123.82,123.82,120.91,122.12,256804
2013-08-28,121.89,122.54,120.4,121.05,211655
2013-08-29,121.0,122.22,120.08,121.82,335320
2013-08-30,121.95,121.95,119.68,121.24,257957
2013-09-03,122.0,123.51,120.29,121.04,408373
2013-09-04,121.03,124.19,120.25,123.95,235232
2013-09-05,123.8,125.93,122.42,125.55,330237
2013-09-06,126.05,126.58,123.88,125.37,324948
2013-09-09,125.83,127.07,124.66,126.87,173011
2013-09-10,127.28,129.5,126.24,129.24,303150
2013-09-11,128.96,129.74,126.4,127.08,221335
2013-09-12,126.75,126.95,124.6,125.88,190502
2013-09-13,126.33,126.62,124.22,125.07,145996
2013-09-16,126.66,126.66,124.7,126.12,165109
2013-09-17,126.49,126.65,125.01,125.39,268025
2013-09-18,125.62,131.73,125.25,130.96,518886
2013-09-19,131.81,133.48,129.51,132.05,975240
2013-09-20,132.05,132.81,131.71,132.17,338936
2013-09-23,131.79,132.57,129.05,130.07,189816
2013-09-24,130.33,131.47,129.29,130.77,210188
2013-09-25,131.09,131.33,129.11,130.72,216230
2013-09-26,131.58,131.65,127.63,128.25,181903
2013-09-27,127.16,130.33,127.16,127.61,360853
2013-09-30,126.7,128.85,125.92,128.46,441041
2013-10-01,129.31,129.77,127.86,128.47,373879
2013-10-02,128.6,129.88,128.6,129.0,394400
2013-10-03,129.2,132.63,128.35,130.49,591845
2013-10-04,131.18,132.77,129.92,131.56,328195
2013-10-07,130.43,131.96,129.95,130.62,236643
2013-10-08,130.6,133.68,130.6,133.5,339597
2013-10-09,133.34,135.79,133.14,135.73,696002
2013-10-10,136.32,138.87,135.63,138.35,353107
2013-10-11,137.86,139.27,137.09,138.33,378536
2013-10-14,138.54,138.54,136.1,136.2,348041
2013-10-15,135.31,137.46,135.31,135.89,426709
2013-10-16,136.95,137.29,134.59,135.34,248125
2013-10-17,135.26,138.3,134.74,138.1,227517
2013-10-18,138.52,139.38,137.14,138.76,308457
2013-10-21,138.08,139.83,137.79,139.14,279507
2013-10-22,139.32,140.39,138.9,139.92,236053
2013-10-23,138.66,139.48,137.37,138.7,304472
2013-10-24,138.87,139.7,138.13,139.7,138544
2013-10-25,139.48,140.81,138.19,138.83,221707
2013-10-28,138.64,142.11,138.63,141.82,366394
2013-10-29,141.71,142.71,140.27,140.91,356265
2013-10-30,140.47,141.95,138.78,139.88,119769
2013-10-31,139.56,139.56,136.5,136.6,280767
2013-11-01,136.32,137.75,134.97,136.0,245960
2013-11-04,136.04,136.82,133.88,134.45,298015
2013-11-05,133.1,135.3,132.74,134.83,262989
2013-11-06,134.89,135.41,133.64,135.14,432977
2013-11-07,135.13,135.57,133.5,135.05,255927
2013-11-08,132.05,135.73,129.65,129.77,601037
2013-11-11,129.82,131.29,128.83,131.21,404330
2013-11-12,130.45,131.71,129.24,130.2,220476
2013-11-13,128.92,130.82,127.51,130.09,154535
2013-11-14,130.1,131.09,129.35,130.52,228024
2013-11-15,130.66,133.01,130.47,132.3,289226
2013-11-18,133.01,133.47,130.29,130.5,132311
2013-11-19,130.6,131.04,126.37,127.26,384330
2013-11-20,126.89,127.54,125.01,126.25,385255
2013-11-21,125.62,126.41,124.32,124.55,583745
2013-11-22,124.62,125.96,124.13,125.19,554179
2013-11-25,125.23,128.38,125.12,126.41,579955
2013-11-26,127.17,128.59,126.01,127.29,480013
2013-11-27,127.36,129.3,127.36,128.46,339918
2013-11-29,128.81,129.74,128.01,128.5,161008
2013-12-02,128.78,130.3,127.82,128.62,350166
2013-12-03,128.63,129.74,124.22,125.71,588295
2013-12-04,126.13,127.13,124.45,125.95,634232
2013-12-05,124.98,128.43,124.98,127.64,293234
2013-12-06,129.51,130.43,128.04,128.27,322810
2013-12-09,130.41,134.03,130.41,131.21,518131
2013-12-10,131.24,132.39,130.9,131.69,344122
2013-12-11,131.48,131.74,130.06,130.75,267500
2013-12-12,130.27,130.5,128.61,129.32,288108
2013-12-13,129.31,130.05,127.72,128.35,312145
2013-12-16,129.54,131.04,128.76,129.74,520261
2013-12-17,130.24,132.97,129.19,130.18,522621
2013-12-18,131.49,133.68,130.99,133.12,577453
2013-12-19,132.24,133.07,131.26,131.68,746075
2013-12-20,132.14,132.39,131.02,131.7,281653
2013-12-23,131.51,131.86,130.78,130.87,225502
2013-12-24,130.5,132.2,129.6,130.58,168385
2013-12-26,131.03,131.5,128.91,130.51,138401
2013-12-27,130.86,130.86,129.57,130.32,130945
2013-12-30,129.95,131.5,128.66,131.06,311173
2013-12-31,130.89,132.73,130.69,132.73,138216
2014-01-02,131.94,132.04,129.87,130.92,642088
2014-01-03,130.78,130.78,129.04,130.53,331915
2014-01-06,130.47,131.2,128.57,129.25,163895
2014-01-07,129.37,131.66,128.51,130.8,545743
2014-01-08,130.73,131.0,129.01,129.88,517637
2014-01-09,129.9,130.33,126.91,128.23,483265
2014-01-10,128.83,131.61,128.56,131.51,405549
2014-01-13,131.0,132.92,130.64,130.93,434097
2014-01-14,131.86,132.99,131.15,131.78,374099
2014-01-15,132.25,132.31,130.94,131.06,257631
2014-01-16,130.28,131.33,130.06,131.24,402574
2014-01-17,130.42,133.63,130.28,132.5,341393
2014-01-21,132.0,134.31,131.44,133.95,712973
2014-01-22,135.19,139.96,134.98,139.89,702714
2014-01-23,138.74,140.61,138.33,140.54,724247
2014-01-24,137.18,138.57,135.01,135.38,648119
2014-01-27,135.23,135.87,132.84,133.7,486122
2014-01-28,134.53,135.22,132.32,132.53,532372
2014-01-29,134.75,134.75,128.5,130.22,712645
2014-01-30,131.38,132.17,130.2,132.09,255940
2014-01-31,130.3,132.68,129.2,131.92,450531
2014-02-03,131.84,132.59,126.04,127.36,906090
2014-02-04,128.3,129.56,126.6,127.98,842674
2014-02-05,128.35,129.13,123.57,125.45,557716
2014-02-06,126.29,126.42,124.76,125.82,714576
2014-02-07,126.04,126.75,124.51,125.14,835621
2014-02-10,125.19,130.94,123.74,128.25,493201
2014-02-11,128.57,133.56,128.53,133.3,563258
2014-02-12,133.22,134.75,131.97,132.0,349898
2014-02-13,130.95,132.15,130.37,131.71,194347
2014-02-14,131.85,134.37,130.55,133.97,421281
2014-02-18,133.82,134.23,128.36,129.22,514081
2014-02-19,129.0,129.67,127.03,127.15,269356
2014-02-20,127.45,128.6,125.74,126.51,320636
2014-02-21,126.78,128.92,125.62,127.8,342705
2014-02-24,128.34,131.75,128.03,131.13,455410
2014-02-25,131.66,131.73,130.35,130.88,289829
2014-02-26,130.94,131.58,128.44,128.84,278999
2014-02-27,128.56,129.33,127.44,128.79,267253
2014-02-28,129.03,131.17,129.01,129.9,313818
2014-03-03,129.02,130.79,128.29,129.14,206036
2014-03-04,130.78,131.88,129.04,129.86,279371
2014-03-05,129.75,131.0,129.32,130.57,244558
2014-03-06,133.64,135.28,131.05,132.69,330982
2014-03-07,132.69,132.74,129.04,129.63,217860
2014-03-10,128.88,130.07,128.14,129.1,239680
2014-03-11,129.59,129.63,127.05,127.32,271792
2014-03-12,127.0,128.75,127.0,127.29,435007
2014-03-13,127.91,128.39,125.01,125.55,296847
2014-03-14,125.25,126.71,125.0,126.57,327372
2014-03-17,126.69,128.09,126.53,127.03,102137
2014-03-18,126.8,128.34,126.57,127.73,184005
2014-03-19,127.88,127.88,125.76,126.18,230158
2014-03-20,126.05,128.36,126.03,127.76,231590
2014-03-21,128.28,129.4,125.9,126.53,366249
2014-03-24,127.11,127.7,124.67,125.9,395640
2014-03-25,125.6,128.5,125.6,128.3,274121
2014-03-26,129.13,131.93,127.84,130.19,339940
2014-03-27,130.52,132.96,130.52,132.83,308472
2014-03-28,133.43,136.04,132.09,134.83,235501
2014-03-31,136.1,137.92,135.21,137.92,456986
2014-04-01,138.33,139.23,137.14,137.39,463229
2014-04-02,137.52,139.37,136.9,137.7,373809
2014-04-03,138.21,139.1,136.85,138.0,428184
2014-04-04,137.9,142.6,137.87,140.78,626864
2014-04-07,140.66,141.66,138.65,140.43,384680
2014-04-08,141.21,142.2,140.06,140.25,290844
2014-04-09,139.98,141.67,138.62,141.44,617908
2014-04-10,141.11,143.4,140.41,140.56,352868
2014-04-11,139.41,140.64,138.94,139.57,340525
2014-04-14,140.67,142.91,140.41,141.52,305235
2014-04-15,141.49,142.46,138.0,138.85,339064
2014-04-16,139.3,141.03,137.64,141.03,284169
2014-04-17,139.13,141.34,138.08,141.21,452621
2014-04-21,141.2,141.2,140.1,140.23,150247
2014-04-22,140.13,141.2,140.0,140.8,288735
2014-04-23,140.79,144.0,140.79,143.75,337383
2014-04-24,144.19,144.4,142.64,142.88,315324
2014-04-25,141.82,144.15,141.53,143.34,223396
2014-04-28,143.42,145.0,142.53,144.55,521422
2014-04-29,145.66,147.79,144.2,145.0,476425
2014-04-30,144.82,149.35,144.32,149.25,409932
2014-05-01,149.18,150.25,147.92,150.21,182274
2014-05-02,151.0,151.76,148.83,150.12,548357
2014-05-05,149.9,150.3,148.75,150.02,215659
2014-05-06,149.75,150.7,148.66,149.69,187831
2014-05-07,150.0,150.62,149.18,150.41,283661
2014-05-08,150.78,152.61,148.73,148.89,252589
2014-05-09,150.0,163.31,150.0,157.05,911946
2014-05-12,157.43,159.64,156.25,158.91,477111
2014-05-13,158.91,159.5,156.92,157.01,498391
2014-05-14,156.96,157.68,156.19,157.05,398640
2014-05-15,157.0,158.21,154.82,155.62,449072
2014-05-16,156.12,157.45,155.26,156.01,425996
2014-05-19,155.07,156.5,154.65,155.57,211539
2014-05-20,155.8,156.37,153.35,153.99,352369
2014-05-21,154.27,159.82,153.7,156.59,436929
2014-05-22,156.6,157.37,155.83,157.05,273085
2014-05-23,156.96,157.52,155.97,156.7,171589
2014-05-26,0.0,0.0,0.0,0.0,0
2014-05-27,157.48,157.48,154.66,155.05,280947
2014-05-28,155.04,157.46,154.06,156.96,208961
2014-05-29,156.96,157.49,154.74,155.17,216440
2014-05-30,155.23,157.26,153.91,156.25,635208
2014-06-02,156.54,157.84,156.24,157.33,413154
2014-06-03,157.24,157.94,155.77,156.79,323389
2014-06-04,156.6,156.69,155.36,156.37,266879
2014-06-05,157.3,157.3,156.41,157.05,298272
2014-06-06,157.98,158.02,155.98,156.75,182393
2014-06-09,157.0,157.5,155.99,157.19,210270
2014-06-10,156.85,157.67,156.14,157.67,384943
2014-06-11,156.67,157.86,155.97,156.99,333124
2014-06-12,156.68,157.35,155.71,157.35,269761
2014-06-13,157.32,157.49,155.92,156.39,110837
2014-06-16,156.27,156.52,155.56,156.5,179887
2014-06-17,156.07,157.54,153.98,154.22,273350
2014-06-18,154.23,155.82,153.15,155.79,322426
2014-06-19,156.19,157.49,155.5,155.81,337699
2014-06-20,155.51,157.19,153.79,155.64,369025
2014-06-23,155.88,157.2,155.7,157.08,267562
2014-06-24,157.25,157.75,154.87,155.18,342523
2014-06-25,155.02,156.65,153.41,156.02,212376
2014-06-26,156.2,157.54,155.05,156.65,204559
2014-06-27,156.76,156.79,155.33,156.21,147755
2014-06-30,156.52,157.0,154.83,155.47,187388
2014-07-01,155.47,157.24,155.47,157.08,224804
2014-07-02,156.75,157.69,155.89,156.77,353437
2014-07-03,156.63,157.12,156.13,156.5,158483
2014-07-07,155.61,157.1,154.83,156.8,218284
2014-07-08,156.9,157.71,156.36,156.67,235823
2014-07-09,157.06,157.89,153.07,154.38,215653
2014-07-10,153.07,153.6,150.63,150.82,292218
2014-07-11,150.8,151.67,149.36,149.99,422640
2014-07-14,150.8,151.66,149.88,150.65,300561
2014-07-15,149.2,150.36,147.37,148.3,386341
2014-07-16,148.8,150.3,147.64,147.95,270065
2014-07-17,147.19,150.42,146.9,149.12,420281
2014-07-18,149.78,152.41,149.78,151.0,281872
2014-07-21,150.22,151.4,149.91,151.04,95878
2014-07-22,151.1,152.01,150.23,150.75,400270
2014-07-23,150.59,153.12,150.3,152.85,295378
2014-07-24,152.96,154.19,152.08,152.59,219697
2014-07-25,151.95,153.05,151.49,152.57,226516
2014-07-28,152.79,152.79,150.48,151.24,168087
2014-07-29,151.4,151.95,150.41,150.78,165933
2014-07-30,150.9,151.68,149.17,149.53,397648
2014-07-31,148.32,149.48,147.01,147.92,378547
2014-08-01,147.85,149.58,147.85,149.18,231693
2014-08-04,149.9,151.45,149.72,150.99,267456
2014-08-05,150.49,151.18,150.0,150.04,195203
2014-08-06,149.42,150.29,148.43,149.02,273516
2014-08-07,149.56,150.34,148.01,148.5,332566
2014-08-08,148.5,153.12,148.5,152.87,241420
2014-08-11,152.74,157.99,152.24,154.45,357318
2014-08-12,154.58,155.69,153.96,155.25,239353
2014-08-13,155.64,156.62,155.22,155.68,334194
2014-08-14,155.92,156.77,154.17,154.65,175953
2014-08-15,155.49,156.21,152.31,153.41,212228
2014-08-18,154.0,156.02,153.46,156.02,170145
2014-08-19,155.82,156.91,152.5,152.91,252297
2014-08-20,152.48,154.95,151.5,154.88,215273
2014-08-21,154.5,156.05,153.41,155.15,205181
2014-08-22,155.4,156.15,154.21,154.88,200140
2014-08-25,154.56,156.44,154.19,154.9,152178
2014-08-26,154.94,155.31,151.79,152.12,189538
2014-08-27,152.26,153.4,151.37,153.26,309471
2014-08-28,153.25,153.64,151.87,153.28,87741
2014-08-29,153.6,155.08,153.27,155.07,122558
2014-09-02,155.21,157.73,155.21,157.59,315351
2014-09-03,158.0,160.14,157.94,159.03,234150
2014-09-04,158.88,160.24,155.66,156.57,112687
2014-09-05,156.82,158.44,156.78,157.96,173936
2014-09-08,157.69,159.13,156.37,156.97,170106
2014-09-09,156.54,157.54,154.48,154.88,163427
2014-09-10,154.87,155.38,152.68,153.62,201001
2014-09-11,153.52,154.2,152.96,153.0,217045
2014-09-12,152.99,153.38,151.43,153.03,269686
2014-09-15,153.1,154.66,153.1,154.46,185877
2014-09-16,154.4,156.63,153.6,154.98,161209
2014-09-17,154.97,155.77,154.04,154.59,483489
2014-09-18,155.26,156.25,154.5,155.33,203601
2014-09-19,155.68,156.04,155.22,155.5,284817
2014-09-22,155.29,155.35,152.9,153.03,360971
2014-09-23,152.33,153.62,150.68,150.68,458577
2014-09-24,151.08,155.1,151.05,154.53,194819
2014-09-25,153.65,153.65,150.99,151.64,276772
2014-09-26,152.12,153.79,150.66,153.62,322900
2014-09-29,151.26,152.0,150.88,151.68,175820
2014-09-30,151.84,153.52,150.6,153.39,314917
2014-10-01,152.63,153.75,150.74,152.27,220316
2014-10-02,152.22,152.22,149.43,150.97,468202
2014-10-03,151.44,152.31,150.07,152.07,410062
2014-10-06,152.93,156.43,152.23,152.7,334502
2014-10-07,152.35,154.02,151.14,151.17,303755
2014-10-08,151.67,155.81,151.1,155.73,322730
2014-10-09,155.44,155.99,153.4,154.9,227087
2014-10-10,154.87,154.89,149.97,149.99,279870
2014-10-13,150.22,152.01,149.76,150.0,186350
2014-10-14,150.27,152.13,148.74,149.98,192844
2014-10-15,148.86,149.35,147.08,148.88,412826
2014-10-16,147.27,152.49,146.54,151.0,303120
2014-10-17,153.26,153.55,150.54,151.24,237828
2014-10-20,151.29,152.37,151.04,151.59,181524
2014-10-21,152.0,153.49,152.0,153.02,162506
2014-10-22,152.76,154.6,151.49,152.63,141691
2014-10-23,154.08,154.08,149.51,149.7,222064
2014-10-24,149.84,151.65,149.84,151.65,227853
2014-10-27,150.48,150.67,149.49,150.63,240827
2014-10-28,151.03,152.07,149.99,151.89,265710
2014-10-29,152.37,154.39,151.98,154.21,193889
2014-10-30,154.17,157.83,154.17,157.54,290431
2014-10-31,159.08,161.21,158.0,161.0,362037
2014-11-03,160.36,161.59,159.22,160.59,175777
2014-11-04,160.29,161.97,160.12,161.79,217930
2014-11-05,161.91,162.53,160.68,161.71,240791
2014-11-06,161.73,162.28,160.76,162.07,302479
2014-11-07,162.68,164.35,160.9,162.18,428735
2014-11-10,162.55,162.57,159.3,159.96,232594
2014-11-11,160.46,162.87,159.11,161.02,247028
2014-11-12,160.9,163.35,160.38,161.85,338958
2014-11-13,162.31,162.58,159.69,160.25,112305
2014-11-14,160.67,160.67,158.61,159.37,130648
2014-11-17,159.0,160.6,158.89,160.0,124840
2014-11-18,160.37,162.18,158.99,161.07,174042
2014-11-19,161.07,161.9,158.39,159.58,197104
2014-11-20,159.85,161.96,159.33,161.56,164066
2014-11-21,163.09,167.0,162.1,167.0,306649
2014-11-24,168.07,169.3,166.87,167.81,239985
2014-11-25,167.46,168.8,166.66,167.31,309491
2014-11-26,168.06,169.7,167.4,169.25,204576
2014-11-28,168.27,169.23,165.6,165.66,204681
2014-12-01,164.68,165.85,163.15,164.6,300356
2014-12-02,164.78,167.87,164.18,167.5,191573
2014-12-03,168.02,170.19,167.91,169.97,235251
2014-12-04,168.87,169.53,165.96,168.86,245710
2014-12-05,169.63,170.09,168.08,168.78,157335
2014-12-08,168.87,170.85,167.88,168.8,172704
2014-12-09,167.08,169.62,167.08,169.29,163661
2014-12-10,169.05,169.94,163.06,163.59,283135
2014-12-11,163.16,163.84,158.0,159.96,553437
2014-12-12,158.91,159.71,153.78,153.85,294354
2014-12-15,154.5,155.3,150.0,152.36,339782
2014-12-16,150.8,152.68,148.52,151.6,488013
2014-12-17,152.1,159.09,151.67,158.62,454411
2014-12-18,161.09,163.03,159.79,162.57,359708
2014-12-19,163.03,163.26,158.85,159.09,260914
2014-12-22,159.77,160.48,157.43,159.72,152920
2014-12-23,159.87,162.94,158.57,161.65,139558
2014-12-24,161.48,162.06,159.63,160.35,43970
2014-12-26,161.32,163.51,160.9,161.66,94825
2014-12-29,162.09,164.14,162.09,162.64,137621
2014-12-30,161.67,162.76,160.6,160.8,98838
2014-12-31,161.48,161.55,159.51,160.18,76083
2015-01-02,160.6,160.6,156.76,159.35,138542
2015-01-05,158.23,158.23,154.62,155.0,240369
2015-01-06,155.61,156.53,153.8,154.78,206170
2015-01-07,156.49,156.5,153.74,155.52,256933
2015-01-08,156.48,157.91,155.02,156.96,282739
2015-01-09,157.06,158.0,155.05,155.2,188452
2015-01-12,154.42,154.91,151.3,151.55,242928
2015-01-13,153.19,153.37,148.15,151.61,351636
2015-01-14,148.9,149.98,145.5,146.52,1104097
2015-01-15,147.44,149.25,144.38,146.95,490228
2015-01-16,147.43,148.89,145.34,145.59,471910
2015-01-20,146.45,146.56,144.04,145.63,893511
2015-01-21,146.0,147.29,145.88,146.65,529651
2015-01-22,147.15,149.16,147.15,149.14,386092
2015-01-23,148.0,150.83,147.92,149.8,583580
2015-01-26,149.31,153.31,149.29,152.4,319957
2015-01-27,150.33,152.8,150.05,151.75,187771
2015-01-28,151.93,151.93,147.0,147.12,463205
2015-01-29,147.2,148.12,145.5,146.25,370321
2015-01-30,145.0,145.98,143.48,144.12,313081
2015-02-02,144.25,147.95,143.8,147.38,269869
2015-02-03,148.54,153.72,148.13,152.3,329925
2015-02-04,151.54,153.06,150.81,152.03,351191
2015-02-05,152.0,154.8,152.0,153.88,255648
2015-02-06,154.42,154.6,150.56,151.14,297746
2015-02-09,151.22,154.56,150.06,154.0,306574
2015-02-10,154.0,155.4,147.04,148.75,757403
2015-02-11,147.62,149.66,146.68,149.21,334152
2015-02-12,150.19,152.24,149.08,150.33,288044
2015-02-13,149.95,152.07,149.85,150.53,215821
2015-02-17,150.66,152.58,149.34,152.58,237483
2015-02-18,152.05,152.05,148.96,149.39,277310
2015-02-19,148.36,150.23,147.96,148.67,374960
2015-02-20,148.54,149.92,148.16,149.31,146012
2015-02-23,149.59,149.59,146.92,148.39,275798
2015-02-24,147.85,148.86,147.2,147.77,226073
2015-02-25,147.33,148.95,147.33,147.7,190181
2015-02-26,147.06,148.08,146.03,146.79,271521
2015-02-27,146.87,148.95,145.18,145.22,218850
2015-03-02,143.39,146.53,143.39,146.27,232940
2015-03-03,146.26,149.42,145.79,149.27,412402
2015-03-04,149.22,150.0,147.61,148.72,202907
2015-03-05,148.33,150.0,148.03,149.36,163713
2015-03-06,148.15,149.68,145.07,145.17,298153
2015-03-09,145.81,146.67,143.25,144.35,259226
2015-03-10,143.38,143.86,140.6,140.62,248225
2015-03-11,141.34,141.65,139.2,139.75,450614
2015-03-12,140.76,142.07,140.02,141.25,241466
2015-03-13,140.44,140.44,137.41,138.9,183182
2015-03-16,140.15,140.95,137.8,137.93,247589
2015-03-17,138.09,138.09,134.24,137.1,463845
2015-03-18,136.63,140.13,135.62,139.93,274296
2015-03-19,139.41,140.19,138.11,139.15,224587
2015-03-20,140.09,140.99,138.89,139.0,325844
2015-03-23,139.23,140.59,138.11,138.17,186631
2015-03-24,137.8,139.8,137.8,138.98,256285
2015-03-25,139.96,141.21,138.17,138.49,265877
2015-03-26,137.83,137.95,134.26,135.46,491276
2015-03-27,135.1,138.94,134.08,138.55,363970
2015-03-30,140.0,141.98,138.61,140.83,247635
2015-03-31,140.77,142.32,139.7,140.63,328190
2015-04-01,145.12,146.75,143.09,146.69,490991
2015-04-02,146.32,151.0,146.32,150.88,413396
2015-04-06,150.99,151.95,149.93,150.0,283946
2015-04-07,149.54,151.5,149.07,149.11,177696
2015-04-08,149.89,151.16,149.0,149.92,316103
2015-04-09,149.56,152.04,149.24,151.87,200865
2015-04-10,151.23,152.05,150.08,150.71,152150
2015-04-13,150.85,150.85,148.66,149.08,126105
2015-04-14,149.64,150.84,148.78,150.08,201024
2015-04-15,150.5,152.17,149.36,151.02,168321
2015-04-16,150.84,153.47,150.73,151.74,298442
2015-04-17,149.52,150.99,146.67,149.16,291914
2015-04-20,149.76,151.36,148.21,148.43,161951
2015-04-21,148.59,149.22,148.24,149.02,256508
2015-04-22,149.68,150.13,147.89,149.3,262122
2015-04-23,148.63,151.15,148.32,150.46,319747
2015-04-24,150.96,152.08,149.78,150.55,336673
2015-04-27,150.71,152.33,150.15,151.68,392244
2015-04-28,152.21,153.78,150.88,152.16,318834
2015-04-29,150.56,152.35,150.56,151.25,289592
2015-04-30,151.45,154.36,150.13,152.55,452463
2015-05-01,153.34,154.64,152.47,154.0,198616
2015-05-04,154.4,157.03,153.54,156.31,339552
2015-05-05,156.61,157.89,154.95,155.28,336347
2015-05-06,155.99,156.53,153.75,154.77,242402
2015-05-07,154.37,154.37,152.18,153.16,417539
2015-05-08,155.39,155.99,151.33,151.57,406247
2015-05-11,152.0,155.62,151.64,154.23,329752
2015-05-12,153.92,155.22,151.55,152.34,628555
2015-05-13,153.39,154.89,152.28,152.6,347354
2015-05-14,153.37,153.44,151.28,151.31,269638
2015-05-15,151.72,152.69,150.1,150.39,346280
2015-05-18,149.95,150.38,146.03,146.5,603169
2015-05-19,146.84,146.84,144.49,146.19,287504
2015-05-20,146.57,148.51,145.77,145.78,304524
2015-05-21,145.05,146.24,144.75,145.35,184560
2015-05-22,144.83,147.14,144.83,146.72,257280
2015-05-26,145.82,146.55,142.85,143.41,309339
2015-05-27,142.57,143.16,140.79,140.97,383576
2015-05-28,140.61,141.87,140.06,141.75,246051
2015-05-29,141.43,142.84,140.41,141.14,391556
2015-06-01,142.17,142.29,140.36,141.68,212843
2015-06-02,142.14,144.78,142.14,143.8,312960
2015-06-03,144.02,144.47,142.33,142.7,184448
2015-06-04,141.58,141.85,140.05,140.7,199564
2015-06-05,140.39,141.22,140.0,140.26,170527
2015-06-08,140.41,142.31,140.17,140.35,255517
2015-06-09,140.36,140.95,138.93,139.1,257708
2015-06-10,140.05,140.68,138.48,138.63,282362
2015-06-11,138.28,139.15,137.0,137.83,441380
2015-06-12,137.0,138.51,136.02,138.19,382045
2015-06-15,137.0,138.12,135.87,136.58,296710
2015-06-16,137.0,137.02,135.99,136.52,395858
2015-06-17,137.32,137.6,135.51,136.75,521673
2015-06-18,137.15,138.65,136.12,138.22,262185
2015-06-19,137.42,138.0,136.6,137.79,299079
2015-06-22,138.64,140.47,138.08,140.05,235909
2015-06-23,140.34,141.68,139.87,141.1,303387
2015-06-24,140.7,142.91,140.7,142.36,506718
2015-06-25,142.31,143.66,141.33,142.04,501972
2015-06-26,142.59,144.0,141.75,143.82,362226
2015-06-29,142.24,142.49,139.19,139.63,217040
2015-06-30,140.15,141.46,138.64,138.92,309330
2015-07-01,139.85,141.67,139.16,140.14,235612
2015-07-02,139.57,140.5,139.15,139.44,162724
2015-07-06,137.62,139.18,136.75,137.85,185748
2015-07-07,137.46,138.01,135.43,137.62,161477
2015-07-08,136.95,137.26,135.68,135.84,159334
2015-07-09,136.4,138.19,136.21,137.18,205958
2015-07-10,138.0,139.78,136.66,139.56,207143
2015-07-13,140.64,142.18,139.24,141.79,250801
2015-07-14,141.19,141.36,139.26,140.39,173669
2015-07-15,140.1,141.38,138.77,138.96,166347
2015-07-16,140.38,141.1,138.38,138.76,154903
2015-07-17,138.93,138.93,136.0,137.0,162350
2015-07-20,136.84,138.15,136.12,137.04,172034
2015-07-21,137.0,138.56,136.05,136.3,215661
2015-07-22,136.0,136.84,134.66,135.1,194896
2015-07-23,135.2,135.7,133.38,133.44,205450
2015-07-24,132.68,133.43,131.46,131.79,238260
2015-07-27,131.43,132.23,130.01,130.18,292937
2015-07-28,131.2,132.08,129.3,130.57,268206
2015-07-29,131.02,131.42,130.06,130.17,330275
2015-07-30,130.25,131.74,129.2,131.34,191273
2015-07-31,132.05,132.27,130.72,131.9,224812
2015-08-03,131.64,132.78,130.94,131.43,181745
2015-08-04,131.55,133.35,131.11,131.74,186946
2015-08-05,132.76,134.2,131.15,131.29,222924
2015-08-06,130.7,131.61,130.36,131.04,199126
2015-08-07,130.93,131.95,129.61,129.89,167751
2015-08-10,130.57,132.52,130.17,131.79,305415
2015-08-11,130.69,132.01,127.31,127.87,449307
2015-08-12,126.78,126.79,123.5,124.48,481034
2015-08-13,124.25,124.78,123.07,123.47,286676
2015-08-14,122.0,122.97,112.82,116.51,1792179
2015-08-17,115.77,116.74,114.45,114.9,691731
2015-08-18,114.9,115.91,113.9,115.49,350301
2015-08-19,114.93,115.76,113.12,115.5,530546
2015-08-20,114.38,114.79,113.25,113.31,341443
2015-08-21,112.47,112.47,110.01,110.24,381244
2015-08-24,105.86,106.89,81.78,105.23,850670
2015-08-25,108.46,108.46,102.84,102.91,1063867
2015-08-26,105.02,105.08,101.45,104.82,915499
2015-08-27,106.29,112.22,105.12,111.2,730774
2015-08-28,110.57,112.09,110.03,111.97,455899
2015-08-31,110.83,111.94,109.49,109.98,551737
2015-09-01,107.52,108.88,105.65,107.13,352241
2015-09-02,108.47,109.12,106.74,108.07,380591
2015-09-03,108.23,111.02,108.23,108.6,234955
2015-09-04,107.33,108.83,106.95,107.39,204622
2015-09-08,109.45,110.73,107.01,108.53,314126
2015-09-09,109.88,111.26,106.83,106.89,418707
2015-09-10,106.93,108.91,106.32,107.96,338423
2015-09-11,108.59,111.01,107.35,110.88,660433
2015-09-14,110.59,111.19,109.56,110.76,177826
2015-09-15,110.81,111.69,108.01,109.11,496225
2015-09-16,109.73,110.07,108.68,110.0,691673
2015-09-17,109.89,110.81,108.03,108.79,548403
2015-09-18,106.77,109.14,106.4,108.06,661736
2015-09-21,108.93,109.54,107.53,108.47,357092
2015-09-22,107.0,107.06,105.19,105.8,346725
2015-09-23,105.8,106.5,103.7,104.73,535400
2015-09-24,103.42,104.6,102.29,104.25,364312
2015-09-25,106.18,106.5,101.41,101.8,800271
2015-09-28,101.02,102.59,100.12,100.7,715081
2015-09-29,100.82,103.97,100.44,103.87,715418
2015-09-30,105.04,106.65,104.97,106.36,567078
2015-10-01,110.01,110.84,105.12,105.7,721225
2015-10-02,103.92,106.76,100.36,106.64,642760
2015-10-05,107.45,111.77,106.98,111.56,410346
2015-10-06,111.83,113.99,111.72,112.06,288387
2015-10-07,113.35,116.17,113.35,114.85,401538
2015-10-08,113.98,115.62,112.76,115.39,288422
2015-10-09,116.25,117.19,115.43,116.82,422400
2015-10-12,116.83,117.72,113.78,114.35,277368
2015-10-13,113.33,115.31,113.09,115.12,397700
2015-10-14,115.22,115.83,114.21,114.51,233066
2015-10-15,114.94,115.61,112.8,114.7,361493
2015-10-16,115.12,115.12,113.19,114.39,305301
2015-10-19,113.68,114.46,113.04,114.14,333848
2015-10-20,113.79,115.15,113.58,115.0,364817
2015-10-21,114.73,115.36,111.52,111.65,299042
2015-10-22,112.83,115.86,112.83,114.48,355701
2015-10-23,115.61,116.5,113.85,114.19,214215
2015-10-26,114.05,115.79,113.87,114.78,257486
2015-10-27,113.83,114.32,112.48,113.5,275576
2015-10-28,113.15,114.57,112.78,114.13,579989
2015-10-29,113.23,114.55,113.23,113.81,218736
2015-10-30,113.38,113.84,112.15,113.18,220337
2015-11-02,113.25,114.8,112.49,114.43,261940
2015-11-03,113.86,115.81,113.51,115.09,264524
2015-11-04,114.59,116.2,113.6,113.98,319037
2015-11-05,114.31,114.87,113.4,113.76,343830
2015-11-06,115.19,118.99,112.87,113.99,542327
2015-11-09,113.54,113.92,111.62,112.07,482346
2015-11-10,112.0,112.99,110.62,112.84,388178
2015-11-11,113.32,115.94,113.28,114.99,525434
2015-11-12,114.08,115.77,111.4,111.49,316870
2015-11-13,110.93,111.49,109.21,109.63,585952
2015-11-16,109.6,112.37,108.97,112.1,357096
2015-11-17,113.02,113.33,110.86,111.05,413181
2015-11-18,111.27,112.03,110.69,111.9,478744
2015-11-19,111.71,112.19,110.04,111.1,317406
2015-11-20,111.73,112.04,110.81,111.86,159744
2015-11-23,111.63,112.34,110.81,110.97,178071
2015-11-24,109.8,112.7,109.8,112.6,377905
2015-11-25,112.22,112.96,109.06,109.29,279261
2015-11-27,109.32,110.86,105.37,106.14,187137
2015-11-30,105.69,107.28,104.03,105.61,1052412
2015-12-01,106.41,107.59,105.02,107.18,470207
2015-12-02,106.9,107.32,103.46,104.44,480719
2015-12-03,105.0,105.72,102.94,103.42,307135
2015-12-04,103.15,106.42,102.68,106.15,473946
2015-12-07,105.57,106.77,104.79,105.97,394242
2015-12-08,104.85,105.28,102.72,103.71,317041
2015-12-09,103.09,106.35,102.56,103.33,411813
2015-12-10,102.94,103.44,100.6,100.91,302963
2015-12-11,99.7,100.9,98.93,98.99,519449
2015-12-14,98.96,100.0,97.67,98.24,301840
2015-12-15,99.5,101.65,99.5,99.94,400871
2015-12-16,101.38,101.59,98.71,101.52,626313
2015-12-17,102.02,102.67,101.21,102.39,300673
2015-12-18,101.5,102.1,96.11,96.14,542805
2015-12-21,97.0,98.43,95.32,97.01,493572
2015-12-22,97.34,98.02,96.35,97.58,288812
2015-12-23,98.59,99.85,98.59,99.28,228562
2015-12-24,99.46,100.98,99.17,99.98,80585
2015-12-28,99.67,100.17,97.82,98.82,121339
2015-12-29,99.35,100.32,98.58,99.48,150544
2015-12-30,98.84,99.16,97.39,97.46,256351
2015-12-31,96.61,98.28,96.2,97.32,160721
2016-01-04,95.46,97.09,94.23,94.7,505391
2016-01-05,94.73,95.52,93.33,94.69,316372
2016-01-06,93.99,95.17,93.26,93.47,504385
2016-01-07,91.49,92.74,89.76,89.76,499682
2016-01-08,90.09,91.24,89.25,89.48,407877
2016-01-11,90.46,90.46,87.81,88.39,253316
2016-01-12,89.52,91.62,89.24,91.39,484087
2016-01-13,92.18,92.85,88.46,88.96,461766
2016-01-14,89.13,90.14,88.21,89.88,388249
2016-01-15,87.23,88.36,86.88,87.51,309058
2016-01-19,88.5,88.72,87.16,87.59,316528
2016-01-20,85.93,88.71,84.72,88.11,344445
2016-01-21,87.79,89.17,86.79,87.11,348613
2016-01-22,88.85,91.25,88.14,91.09,345216
2016-01-25,91.16,91.35,89.13,90.27,340811
2016-01-26,90.68,91.7,89.4,91.57,260091
2016-01-27,92.01,95.36,91.08,94.37,374903
2016-01-28,95.23,99.37,95.23,97.98,500504
2016-01-29,98.68,101.37,98.68,101.36,471432
2016-02-01,100.22,101.71,99.22,101.23,419060
2016-02-02,99.28,99.37,96.67,97.05,353441
2016-02-03,98.19,98.6,95.18,97.99,501291
2016-02-04,97.99,100.98,97.99,100.02,532964
2016-02-05,99.95,99.95,98.24,99.29,251976
2016-02-08,98.67,98.67,96.63,97.57,353714
2016-02-09,96.96,99.17,92.89,98.49,816885
2016-02-10,99.37,104.81,98.15,104.21,618557
2016-02-11,101.21,105.83,100.19,105.18,597851
2016-02-12,107.25,113.18,107.25,110.75,651724
2016-02-16,110.99,112.14,109.81,110.35,432161
2016-02-17,111.63,113.69,110.78,113.1,581863
2016-02-18,112.66,113.68,110.97,110.99,504450
2016-02-19,110.44,112.95,110.1,112.95,300207
2016-02-22,115.98,119.1,114.64,115.52,548799
2016-02-23,114.79,115.91,113.5,115.49,364485
2016-02-24,114.25,117.83,112.94,117.62,402997
2016-02-25,117.56,119.56,116.67,119.53,449428
2016-02-26,120.68,120.9,117.46,118.58,597214
2016-02-29,119.51,120.06,117.05,117.24,434653
2016-03-01,118.23,120.12,117.48,119.87,608728
2016-03-02,120.14,126.3,119.16,125.95,410213
2016-03-03,125.5,127.78,125.09,127.66,350589
2016-03-04,128.88,129.72,127.55,129.71,375860
2016-03-07,129.03,129.84,127.14,127.79,432281
2016-03-08,127.0,127.41,124.92,125.28,440475
2016-03-09,126.22,130.11,125.73,129.23,443204
2016-03-10,129.92,130.34,125.4,128.93,507780
2016-03-11,130.0,130.07,128.05,129.44,359368
2016-03-14,129.01,130.11,128.26,129.39,244986
2016-03-15,128.0,129.61,125.98,127.16,273564
2016-03-16,126.0,127.38,124.97,126.85,485285
2016-03-17,127.13,134.39,126.77,133.13,546622
2016-03-18,133.47,134.89,133.07,134.08,703089
2016-03-21,134.0,134.0,131.29,131.55,769162
2016-03-22,130.4,130.78,127.93,128.06,471161
2016-03-23,127.53,127.91,125.51,126.57,484331
2016-03-24,125.66,125.66,122.76,123.99,367624
2016-03-28,123.95,124.38,123.07,123.89,342226
2016-03-29,123.09,127.19,122.27,127.09,376204
2016-03-30,127.93,131.39,127.93,131.09,323642
2016-03-31,130.55,131.29,129.5,131.01,432736
2016-04-01,129.88,130.81,127.56,127.99,446915
2016-04-04,127.18,128.4,125.77,128.23,498111
2016-04-05,126.87,126.87,124.18,126.08,367846
2016-04-06,125.75,126.03,123.38,124.65,462474
2016-04-07,123.52,124.11,121.91,122.78,547741
2016-04-08,124.26,125.88,121.38,125.62,800798
2016-04-11,130.01,141.63,130.01,138.4,1138217
2016-04-12,138.0,145.0,137.45,144.65,800620
2016-04-13,145.69,147.95,142.75,143.55,519058
2016-04-14,138.18,142.0,138.18,140.35,545740
2016-04-15,140.23,141.32,138.17,138.89,344833
2016-04-18,138.0,140.46,136.64,139.67,472191
2016-04-19,139.83,143.11,139.22,143.11,553430
2016-04-20,141.99,144.0,141.53,143.71,398834
2016-04-21,143.84,144.44,143.02,143.65,308915
2016-04-22,143.1,144.15,141.98,142.43,226191
2016-04-25,141.67,142.45,139.47,141.33,352641
2016-04-26,142.71,143.88,141.7,143.73,309385
2016-04-27,144.6,145.64,144.01,145.41,509781
2016-04-28,142.9,145.77,142.9,145.34,362281
2016-04-29,145.26,146.12,144.24,145.42,323707
2016-05-02,145.51,146.35,144.4,144.99,213314
2016-05-03,142.99,143.66,139.21,139.73,360984
2016-05-04,139.16,139.16,134.47,135.63,1043473
2016-05-05,137.02,138.11,135.57,136.66,462976
2016-05-06,137.2,140.31,133.66,140.02,377798
2016-05-09,139.17,139.77,136.78,137.62,367291
2016-05-10,138.99,144.11,137.67,142.27,606227
2016-05-11,142.63,144.8,141.36,143.09,329283
2016-05-12,143.59,145.31,141.91,143.53,274741
2016-05-13,143.85,153.23,142.69,144.55,706072
2016-05-16,144.77,149.52,144.22,146.92,510341
2016-05-17,146.11,148.17,145.18,146.62,286780
2016-05-18,146.22,147.81,144.01,144.87,345653
2016-05-19,144.2,144.2,138.01,139.68,532361
2016-05-20,141.0,141.24,139.11,139.5,265509
2016-05-23,138.86,142.6,137.51,140.97,225983
2016-05-24,142.66,142.66,140.93,141.16,233439
2016-05-25,142.85,144.36,141.57,144.06,226024
2016-05-26,144.85,145.85,144.58,145.47,326802
2016-05-27,144.98,145.19,141.64,142.38,249098
2016-05-31,142.38,143.55,139.81,140.2,613374
2016-06-01,139.5,143.25,139.31,143.03,305223
2016-06-02,142.14,145.22,141.91,144.82,205037
2016-06-03,144.96,150.12,144.96,149.74,512580
2016-06-06,151.04,153.0,149.8,150.65,363562
2016-06-07,151.76,152.88,150.47,152.53,329977
2016-06-08,153.49,156.89,152.55,152.8,331352
2016-06-09,151.68,154.99,150.87,154.55,313214
2016-06-10,152.82,153.38,146.48,147.18,415837
2016-06-13,145.13,146.04,142.98,145.15,294937
2016-06-14,145.25,145.81,144.05,144.24,350746
2016-06-15,145.63,150.19,143.85,148.41,335874
2016-06-16,146.64,150.0,145.63,149.96,285865
2016-06-17,150.02,153.97,150.02,151.06,352640
2016-06-20,153.0,155.03,151.54,151.84,330478
2016-06-21,151.76,152.79,149.93,151.67,169695
2016-06-22,152.78,152.78,150.35,151.26,230796
2016-06-23,154.09,154.09,151.3,152.94,256177
2016-06-24,141.12,150.1,140.97,146.35,348041
2016-06-27,152.39,152.39,141.05,144.26,436781
2016-06-28,146.65,149.98,145.83,149.26,395358
2016-06-29,152.04,154.68,151.29,152.22,300028
2016-06-30,153.76,155.6,151.68,154.33,523847
2016-07-01,154.82,155.14,153.28,153.92,359512
2016-07-05,152.44,153.74,149.51,150.3,290703
2016-07-06,149.5,150.5,147.79,150.34,242050
2016-07-07,151.83,152.49,149.94,150.2,244819
2016-07-08,151.13,156.95,151.13,156.33,301992
2016-07-11,159.32,159.32,156.48,157.59,218144
2016-07-12,159.2,160.09,154.73,155.22,448129
2016-07-13,155.22,159.19,154.33,158.12,317986
2016-07-14,158.89,159.96,156.64,159.0,324471
2016-07-15,159.0,159.96,155.66,156.08,331077
2016-07-18,156.0,159.05,155.94,159.02,203035
2016-07-19,157.45,159.46,157.26,158.59,223499
2016-07-20,158.19,160.09,157.93,159.51,211033
2016-07-21,159.43,160.5,158.2,159.34,171906
2016-07-22,160.53,162.3,159.24,161.93,260566
2016-07-25,161.02,161.42,159.13,161.38,298077
2016-07-26,161.38,163.14,160.07,162.06,277288
2016-07-27,163.15,163.15,160.64,160.9,193783
2016-07-28,160.82,161.51,158.54,160.1,179781
2016-07-29,159.36,162.16,159.29,160.33,293627
2016-08-01,159.61,161.57,159.61,160.24,284131
2016-08-02,159.73,160.83,157.35,158.84,140931
2016-08-03,158.33,160.05,158.0,159.13,143402
2016-08-04,159.21,161.01,158.09,159.33,187553
2016-08-05,159.33,160.69,158.31,159.86,207973
2016-08-08,160.52,162.87,159.14,160.33,224175
2016-08-09,158.44,159.87,150.42,158.13,692587
2016-08-10,158.4,162.42,158.4,161.52,445772
2016-08-11,161.94,163.96,160.52,162.51,350777
2016-08-12,161.88,163.02,158.73,158.9,207432
2016-08-15,159.2,160.65,158.43,159.12,163854
2016-08-16,159.27,159.83,157.09,157.73,259664
2016-08-17,157.43,158.99,155.48,156.77,336745
2016-08-18,157.66,158.54,156.2,156.98,281273
2016-08-19,156.53,160.19,155.72,159.57,231221
2016-08-22,158.3,160.08,157.71,160.0,144223
2016-08-23,160.56,160.65,159.81,159.85,167719
2016-08-24,159.11,161.31,159.11,160.93,270681
2016-08-25,160.53,162.1,159.64,160.38,320558
2016-08-26,160.64,161.41,156.47,157.0,333390
2016-08-29,157.41,159.4,157.31,159.31,135967
2016-08-30,159.75,159.98,156.93,157.85,199289
2016-08-31,156.93,157.75,155.87,156.68,258351
2016-09-01,156.71,161.99,156.54,160.76,337555
2016-09-02,161.73,162.41,160.36,162.15,234763
2016-09-06,162.83,166.26,161.88,163.77,229760
2016-09-07,162.96,164.14,162.26,162.98,149713
2016-09-08,162.43,163.66,160.65,161.22,195723
2016-09-09,159.9,159.9,154.47,154.53,286519
2016-09-12,153.0,156.12,151.19,155.71,445269
2016-09-13,153.56,153.58,151.2,151.91,560366
2016-09-14,151.06,153.36,151.06,152.67,300542
2016-09-15,152.38,154.61,151.55,154.0,184074
2016-09-16,151.95,152.43,150.48,151.16,303950
2016-09-19,153.66,155.91,152.2,152.41,238208
2016-09-20,153.86,154.37,152.23,153.9,172557
2016-09-21,155.26,157.12,152.78,157.04,266151
2016-09-22,158.48,161.04,158.48,159.72,284674
2016-09-23,157.54,159.56,156.6,156.87,234102
2016-09-26,155.07,155.23,153.54,153.63,195990
2016-09-27,154.13,154.48,151.9,152.97,294166
2016-09-28,152.59,153.88,151.87,153.33,249666
2016-09-29,151.35,153.7,150.94,150.94,207367
2016-09-30,152.03,153.87,151.92,152.22,331211
2016-10-03,152.62,152.98,151.07,151.79,233306
2016-10-04,151.83,152.93,148.46,148.47,284128
2016-10-05,150.02,150.88,146.69,147.0,527452
2016-10-06,146.83,147.34,145.71,146.3,234694
2016-10-07,147.0,148.57,146.01,146.53,252530
2016-10-10,147.58,150.28,147.49,148.57,240877
2016-10-11,148.53,149.6,146.43,147.04,160104
2016-10-12,147.18,148.84,146.05,147.55,261412
2016-10-13,145.81,146.71,144.23,145.98,287069
2016-10-14,146.71,148.87,146.14,146.65,189722
2016-10-17,146.78,147.18,145.02,145.23,289997
2016-10-18,147.5,148.94,146.72,148.67,319791
2016-10-19,149.32,151.52,147.97,151.06,421685
2016-10-20,150.65,153.09,150.21,151.67,420336
2016-10-21,148.66,152.2,148.66,151.01,156877
2016-10-24,152.31,152.35,150.0,150.52,194966
2016-10-25,150.07,151.5,149.94,150.08,226370
2016-10-26,149.1,151.55,148.76,150.65,190363
2016-10-27,151.2,152.26,148.1,148.16,213944
2016-10-28,148.49,148.99,147.13,148.31,150714
2016-10-31,149.33,149.36,147.76,148.68,249176
2016-11-01,149.42,150.69,147.13,149.16,211763
2016-11-02,148.83,148.99,146.64,147.15,301906
2016-11-03,147.79,149.85,146.18,146.96,305252
2016-11-04,149.27,157.69,148.0,155.82,772364
2016-11-07,159.0,163.56,158.21,163.1,703804
2016-11-08,163.0,165.0,159.44,162.65,699322
2016-11-09,162.64,163.95,156.54,162.7,542303
2016-11-10,163.29,164.5,159.19,159.45,484017
2016-11-11,158.29,159.54,154.13,155.05,555962
2016-11-14,155.43,156.64,152.01,152.65,799491
2016-11-15,154.07,154.07,151.57,153.46,400607
2016-11-16,152.29,153.79,151.59,151.75,277984
2016-11-17,151.75,151.92,148.46,149.09,383002
2016-11-18,149.17,153.84,146.03,152.7,569039
2016-11-21,154.17,154.55,150.12,150.35,398468
2016-11-22,151.31,153.07,150.02,151.26,249719
2016-11-23,149.35,151.72,149.29,149.66,324525
2016-11-25,150.27,153.21,148.44,152.69,256836
2016-11-28,152.0,154.41,151.05,151.11,354121
2016-11-29,150.75,154.84,150.21,153.41,369988
2016-11-30,154.29,157.56,154.29,156.69,683843
2016-12-01,157.56,161.07,157.56,159.13,514824
2016-12-02,158.83,159.39,155.01,155.08,300096
2016-12-05,156.09,158.4,155.27,157.85,279550
2016-12-06,158.82,159.49,156.96,157.71,241429
2016-12-07,158.61,159.19,155.93,158.41,314037
2016-12-08,157.17,159.49,156.66,157.35,241937
2016-12-09,158.23,160.3,157.05,159.91,291706
2016-12-12,159.14,159.74,155.53,155.74,322306
2016-12-13,156.0,158.4,155.14,158.07,225644
2016-12-14,156.96,159.72,155.77,156.08,203865
2016-12-15,156.02,157.6,155.24,156.83,256220
2016-12-16,156.34,158.02,155.99,156.8,241947
2016-12-19,156.8,157.67,155.12,155.77,246274
2016-12-20,155.91,157.49,154.96,157.17,217883
2016-12-21,157.51,158.69,156.6,158.32,177694
2016-12-22,157.83,158.61,155.99,156.71,240365
2016-12-23,157.0,158.2,155.54,155.78,69708
2016-12-27,155.44,156.46,155.44,156.11,50991
2016-12-28,156.52,158.33,154.1,158.11,112514
2016-12-29,158.07,159.73,157.65,157.65,153142
2016-12-30,158.3,159.18,157.21,157.86,155961
2017-01-03,160.0,164.0,157.41,161.49,220611
2017-01-04,162.18,163.88,161.84,163.79,221750
2017-01-05,163.62,164.29,162.78,164.18,199710
2017-01-06,163.96,164.94,162.83,164.69,264604
2017-01-09,165.02,165.37,163.14,163.2,169891
2017-01-10,164.5,165.79,163.6,165.0,199750
2017-01-11,164.09,164.53,161.45,163.58,162934
2017-01-12,163.58,164.24,162.0,163.33,156263
2017-01-13,163.36,163.56,160.69,161.25,209350
2017-01-17,159.59,161.27,158.14,160.72,225609
2017-01-18,161.44,162.65,159.82,161.69,238799
2017-01-19,161.77,162.34,158.43,159.01,144917
2017-01-20,159.26,160.16,158.02,160.12,183693
2017-01-23,160.92,164.19,159.77,164.12,216028
2017-01-24,165.0,166.58,163.54,165.75,348080
2017-01-25,165.39,168.88,164.84,168.1,276862
2017-01-26,168.79,168.8,164.87,164.99,359905
2017-01-27,165.85,166.92,164.93,166.13,202400
2017-01-30,165.01,166.82,163.79,164.07,137843
2017-01-31,163.11,164.39,162.13,163.68,141029
2017-02-01,165.37,165.69,162.87,163.3,166237
2017-02-02,163.26,163.27,161.81,162.28,192566
2017-02-03,163.55,164.55,163.04,163.96,211949
2017-02-06,162.99,164.37,161.82,162.46,425454
2017-02-07,163.0,169.95,163.0,166.85,822873
2017-02-08,167.45,168.5,165.87,168.25,444049
2017-02-09,167.7,170.11,167.7,169.99,380511
2017-02-10,169.52,172.48,169.52,172.11,252703
2017-02-13,172.71,173.8,169.4,169.52,171494
2017-02-14,168.68,169.67,166.65,166.81,317478
2017-02-15,167.29,168.51,166.85,167.93,291080
2017-02-16,167.8,169.11,166.11,166.66,147755
2017-02-17,166.23,167.28,165.02,166.24,246308
2017-02-21,168.06,171.07,167.63,170.7,270663
2017-02-22,170.0,171.21,169.7,170.9,200815
2017-02-23,170.6,171.36,169.62,170.12,204459
2017-02-24,166.9,168.46,166.0,167.69,278103
2017-02-27,168.03,168.61,166.39,166.47,298536
2017-02-28,165.47,166.91,163.33,164.62,262755
2017-03-01,166.76,168.22,166.33,167.44,196449
2017-03-02,166.31,166.78,164.95,165.16,278197
2017-03-03,166.58,168.04,165.38,167.54,245734
2017-03-06,167.89,168.39,165.13,165.77,218741
2017-03-07,165.29,165.82,162.56,162.85,271845
2017-03-08,163.04,163.04,160.08,160.48,311698
2017-03-09,161.45,161.71,158.56,159.28,361853
2017-03-10,158.98,160.03,156.87,158.22,457353
2017-03-13,158.51,159.05,156.8,158.35,334249
2017-03-14,157.93,158.34,156.98,157.58,312082
2017-03-15,157.16,160.21,156.17,160.16,576806
2017-03-16,161.32,164.05,160.72,163.62,412188
2017-03-17,164.0,165.1,163.39,164.0,569634
2017-03-20,164.0,164.51,163.43,163.95,421099
2017-03-21,165.1,165.1,159.25,160.31,523388
2017-03-22,159.21,161.59,158.64,161.35,417188
2017-03-23,161.72,165.17,161.21,164.07,423296
2017-03-24,165.0,166.82,163.95,164.21,367838
2017-03-27,162.15,164.45,161.12,163.86,463508
2017-03-28,163.68,167.98,163.68,166.12,442596
2017-03-29,165.6,166.54,163.7,165.41,315708
2017-03-30,164.34,165.67,164.02,165.23,335020
2017-03-31,164.33,165.53,161.69,163.3,340511
2017-04-03,164.33,164.33,162.23,163.4,343296
2017-04-04,163.64,165.68,161.95,165.13,144964
2017-04-05,166.11,166.6,164.0,164.37,148655
2017-04-06,163.74,164.33,161.24,161.72,341408
2017-04-07,161.77,161.77,160.03,160.18,211257
2017-04-10,160.05,160.74,159.35,160.03,195045
2017-04-11,159.96,162.13,158.66,160.06,284191
2017-04-12,160.08,161.62,158.08,158.84,252840
2017-04-13,155.31,155.82,152.72,152.86,281567
2017-04-17,153.86,156.05,153.07,155.11,252251
2017-04-18,154.11,154.5,152.03,153.36,324847
2017-04-19,151.98,153.64,151.58,152.31,742987
2017-04-20,153.74,155.97,152.74,155.56,333971
2017-04-21,155.13,155.95,152.71,153.06,155977
2017-04-24,155.22,156.14,151.8,152.42,373774
2017-04-25,154.03,154.03,151.84,152.53,191451
2017-04-26,152.88,153.71,151.59,152.69,246731
2017-04-27,152.21,152.35,150.71,151.96,299257
2017-04-28,152.53,153.72,151.48,153.66,233754
2017-05-01,153.78,156.25,153.05,155.88,289288
2017-05-02,156.34,157.42,155.6,157.33,249886
2017-05-03,157.25,157.85,156.77,157.28,207972
2017-05-04,156.11,158.0,156.11,157.06,313410
2017-05-05,155.87,157.41,152.13,157.34,286387
2017-05-08,156.79,158.1,155.02,157.31,274328
2017-05-09,158.15,159.64,157.49,159.6,241356
2017-05-10,160.5,163.74,159.48,162.75,445413
2017-05-11,162.98,165.45,162.34,163.67,417996
2017-05-12,162.64,168.29,162.48,167.26,542281
2017-05-15,168.94,171.59,166.27,171.32,632078
2017-05-16,170.78,171.76,169.15,170.7,264924
2017-05-17,168.76,172.11,168.01,171.81,448714
2017-05-18,170.1,171.97,168.09,170.35,561671
2017-05-19,171.76,173.62,170.5,172.52,412385
2017-05-22,172.26,174.82,172.18,173.94,595930
2017-05-23,175.2,176.24,172.77,173.16,290006
2017-05-24,172.25,173.85,171.68,172.0,287782
2017-05-25,172.7,172.7,169.16,169.87,339855
2017-05-26,169.21,170.38,168.36,169.0,354827
2017-05-30,167.37,168.85,167.06,167.75,303487
2017-05-31,167.42,170.0,166.7,167.52,327861
2017-06-01,168.76,169.64,167.0,168.58,209177
2017-06-02,168.62,168.79,167.39,167.76,181374
2017-06-05,168.38,169.23,167.48,169.2,105790
2017-06-06,168.6,172.05,167.21,172.0,304688
2017-06-07,171.68,173.53,171.41,173.41,295496
2017-06-08,174.02,175.07,171.7,172.42,336039
2017-06-09,171.89,174.02,171.7,173.63,393514
2017-06-12,173.0,174.69,170.53,172.86,237211
2017-06-13,173.24,177.88,173.03,177.87,363986
2017-06-14,179.17,180.92,176.77,179.96,375321
2017-06-15,177.06,179.66,177.06,178.8,364424
2017-06-16,178.95,179.63,177.9,178.57,328821
2017-06-19,179.3,182.5,179.0,181.55,208390
2017-06-20,180.69,183.02,179.53,182.01,356093
2017-06-21,182.93,184.88,182.1,182.96,280752
2017-06-22,183.24,185.1,180.56,180.89,287295
2017-06-23,180.66,181.61,178.77,180.35,375565
2017-06-26,181.41,183.01,179.49,180.29,137153
2017-06-27,179.84,180.78,175.91,179.92,460061
2017-06-28,180.29,181.66,179.58,180.08,534097
2017-06-29,181.08,181.08,178.87,180.54,424311
2017-06-30,180.71,181.87,178.73,179.39,397487
2017-07-03,180.29,182.94,179.76,182.78,100587
2017-07-05,181.7,182.63,180.0,182.37,219465
2017-07-06,182.45,182.91,180.77,180.96,165818
2017-07-07,181.26,182.88,179.66,182.03,136855
2017-07-10,182.37,182.99,181.0,182.34,139002
2017-07-11,182.76,184.94,181.53,184.52,191605
2017-07-12,185.78,188.3,183.7,185.92,347399
2017-07-13,186.16,186.59,183.62,185.39,323991
2017-07-14,185.92,187.18,184.45,186.5,131238
2017-07-17,185.87,186.58,184.64,185.46,138928
2017-07-18,185.31,186.49,184.4,186.29,210071
2017-07-19,186.92,187.0,184.12,185.56,203106
2017-07-20,185.84,187.06,184.84,185.16,238194
2017-07-21,184.58,186.03,184.58,185.6,105670
2017-07-24,185.98,187.91,183.79,183.99,215845
2017-07-25,184.51,185.52,183.35,185.35,165138
2017-07-26,186.03,187.85,185.67,187.38,222243
2017-07-27,187.8,188.15,186.27,188.05,216092
2017-07-28,187.63,188.95,187.14,188.91,156542
2017-07-31,188.94,189.83,185.0,185.14,344595
2017-08-01,185.71,189.84,185.61,189.7,248983
2017-08-02,188.59,189.61,186.6,187.98,284354
2017-08-03,187.17,189.98,186.4,189.45,190666
2017-08-04,190.0,190.5,188.3,189.11,118542
2017-08-07,189.46,190.64,187.19,187.97,174983
2017-08-08,188.24,195.65,188.1,195.48,266117
2017-08-09,195.25,202.66,192.23,200.72,376921
2017-08-10,199.5,199.5,193.44,193.56,176266
2017-08-11,194.43,195.05,191.76,194.77,169376
2017-08-14,195.06,197.42,194.51,197.37,177095
2017-08-15,198.12,199.29,196.5,199.19,141527
2017-08-16,200.0,200.77,198.15,200.63,167404
2017-08-17,200.63,201.31,199.15,199.25,395787
2017-08-18,199.26,203.1,195.99,201.98,267480
2017-08-21,202.45,204.68,201.03,204.37,326137
2017-08-22,204.93,205.87,202.22,203.07,294277
2017-08-23,202.81,203.51,200.95,201.79,463539
2017-08-24,202.29,203.87,200.67,203.21,288292
2017-08-25,203.79,206.25,202.99,206.02,167770
2017-08-28,205.43,206.0,202.07,202.77,166040
2017-08-29,201.0,203.9,201.0,202.38,298575
2017-08-30,202.84,202.92,200.93,201.54,159089
2017-08-31,202.24,203.11,200.9,202.84,264139
2017-09-01,203.62,206.55,203.35,204.78,155615
2017-09-05,203.58,204.38,200.5,200.98,178578
2017-09-06,202.22,208.05,201.72,206.76,341237
2017-09-07,206.91,206.91,203.14,203.22,223709
2017-09-08,203.09,204.99,203.09,203.56,170914
2017-09-11,205.0,208.61,204.96,208.35,232850
2017-09-12,208.13,209.82,207.64,208.15,179992
2017-09-13,208.48,211.49,207.5,211.21,223583
2017-09-14,210.87,212.31,209.92,211.09,164457
2017-09-15,210.75,212.97,210.11,212.85,366597
2017-09-18,211.43,213.83,208.98,211.65,348275
2017-09-19,211.5,211.5,203.47,203.72,384932
2017-09-20,204.0,205.24,203.08,203.92,511268
2017-09-21,204.91,205.99,203.33,204.49,275321
2017-09-22,203.2,203.93,201.68,202.38,193541
2017-09-25,201.31,202.92,200.61,202.51,133903
2017-09-26,202.01,204.5,201.79,203.66,209400
2017-09-27,204.0,205.03,202.06,204.16,330243
2017-09-28,203.68,205.52,202.11,203.96,340511
2017-09-29,204.54,207.01,202.76,205.02,260059
2017-10-02,205.59,211.11,204.99,210.95,218993
2017-10-03,211.41,211.8,208.75,211.7,145777
2017-10-04,210.99,211.42,208.4,208.85,165895
2017-10-05,209.75,210.56,208.42,209.32,198474
2017-10-06,208.41,208.99,204.67,206.18,197035
2017-10-09,205.46,206.0,202.01,203.5,168539
2017-10-10,203.97,204.28,201.16,202.06,316413
2017-10-11,202.46,203.59,201.52,203.58,186089
2017-10-12,203.4,205.3,203.25,205.0,215132
2017-10-13,205.54,208.76,204.67,208.66,252825
2017-10-16,208.92,209.24,207.01,208.34,202248
2017-10-17,208.4,209.36,205.05,207.15,294560
2017-10-18,206.59,208.98,206.59,207.86,100811
2017-10-19,205.6,207.87,204.86,206.63,124354
2017-10-20,208.3,209.22,207.74,208.62,112804
2017-10-23,208.78,208.78,206.56,207.35,73217
2017-10-24,207.27,208.72,206.02,208.19,195137
2017-10-25,208.95,209.39,206.4,206.41,234050
2017-10-26,208.15,208.76,206.02,207.01,260272
2017-10-27,207.57,211.03,204.56,210.66,208791
2017-10-30,209.69,210.28,208.57,209.69,210955
2017-10-31,210.15,212.0,208.42,209.44,422865
2017-11-01,211.26,213.1,207.98,208.6,167439
2017-11-02,207.83,209.58,206.57,207.04,126704
2017-11-03,206.82,207.8,204.27,207.32,129037
2017-11-06,208.02,211.99,205.17,211.68,219750
2017-11-07,210.36,210.47,195.97,207.45,933215
2017-11-08,206.55,210.0,205.37,206.43,248480
2017-11-09,206.69,209.32,204.77,208.8,407612
2017-11-10,208.11,209.65,205.72,206.56,279025
2017-11-13,201.0,201.86,197.65,201.09,325905
2017-11-14,201.16,203.79,200.09,203.0,203546
2017-11-15,201.53,203.5,201.07,202.97,304024
2017-11-16,204.15,205.35,202.95,203.9,266460
2017-11-17,203.84,209.07,203.63,208.62,312432
2017-11-20,209.42,210.11,207.87,209.96,250431
2017-11-21,211.01,212.2,209.87,212.07,222836
2017-11-22,213.2,214.28,211.18,212.31,257486
2017-11-24,212.0,214.15,210.73,213.79,85416
2017-11-27,211.34,214.38,211.34,213.24,276898
2017-11-28,214.71,215.69,213.08,214.13,266322
2017-11-29,214.06,215.26,213.11,213.61,255362
2017-11-30,214.34,214.58,210.96,211.03,676938
2017-12-01,212.09,213.11,207.95,211.22,203222
2017-12-04,214.21,214.32,208.06,209.11,243137
2017-12-05,210.3,210.3,205.07,207.33,215692
2017-12-06,205.86,206.98,204.83,205.3,358962
2017-12-07,205.78,207.65,205.17,206.92,311518
2017-12-08,208.3,210.99,206.56,209.07,216930
2017-12-11,208.66,210.09,207.2,208.83,200519
2017-12-12,208.55,211.17,207.37,210.61,204391
2017-12-13,211.11,211.48,207.95,208.13,287289
2017-12-14,208.03,208.03,196.02,196.74,810461
2017-12-15,198.11,199.48,189.69,192.0,1127280
2017-12-18,193.75,202.4,192.32,202.25,490269
2017-12-19,202.43,206.11,201.12,204.63,447538
2017-12-20,206.0,206.5,203.05,204.91,395492
2017-12-21,204.0,204.45,199.91,200.08,404341
2017-12-22,208.75,210.32,206.0,206.84,213508
2017-12-26,205.79,207.24,203.79,206.33,133126
2017-12-27,205.57,207.72,204.44,206.59,112635
2017-12-28,206.99,207.86,205.91,207.25,82406
2017-12-29,206.76,209.28,206.38,207.43,117370
2018-01-02,209.5,214.56,208.25,213.58,150321
2018-01-03,213.62,218.88,211.67,217.46,368716
2018-01-04,217.45,221.99,216.89,219.4,201599
2018-01-05,220.14,223.91,220.14,223.17,195446
2018-01-08,223.11,223.78,219.49,219.59,171678
2018-01-09,220.2,220.78,219.74,220.13,133275
2018-01-10,220.39,221.77,218.7,220.22,133241
2018-01-11,220.95,223.49,217.73,220.19,197177
2018-01-12,219.57,224.36,217.84,222.88,188834
2018-01-16,223.0,226.47,219.03,223.94,163064
2018-01-17,223.81,226.89,223.81,225.49,102788
2018-01-18,225.95,228.7,223.63,228.29,254466
2018-01-19,228.24,230.0,227.15,229.99,213587
2018-01-22,230.0,230.34,227.05,230.34,229921
2018-01-23,230.44,234.71,229.46,232.95,200947
2018-01-24,233.91,237.47,232.0,236.53,223825
2018-01-25,237.3,237.3,233.41,234.42,182460
2018-01-26,235.9,236.88,231.47,236.23,341049
2018-01-29,234.42,237.99,234.42,237.07,518568
2018-01-30,234.8,237.88,233.98,235.91,265116
2018-01-31,235.91,237.85,231.39,231.63,300853
2018-02-01,232.21,232.29,228.49,231.41,334175
2018-02-02,228.7,231.0,220.78,224.0,272734
2018-02-05,222.67,224.01,215.03,217.84,218141
2018-02-06,213.93,224.55,208.98,221.9,383740
2018-02-07,221.18,224.55,219.62,219.8,242747
2018-02-08,220.25,220.25,208.97,208.97,279661
2018-02-09,210.8,211.97,207.03,211.0,409759
2018-02-12,212.7,215.68,211.2,214.39,137789
2018-02-13,213.55,217.12,212.9,217.02,112082
2018-02-14,216.48,221.06,215.96,220.23,137916
2018-02-15,222.04,225.63,221.13,222.5,142861
2018-02-16,220.51,222.5,218.12,218.22,183638
2018-02-20,217.12,218.52,214.09,216.73,150273
2018-02-21,217.6,220.8,215.58,217.51,517324
2018-02-22,218.61,222.12,218.12,219.38,228448
2018-02-23,220.08,220.08,217.05,217.95,94003
2018-02-26,218.6,218.6,215.99,217.69,198076
2018-02-27,217.12,217.8,215.19,216.76,424969
2018-02-28,216.75,217.46,215.19,216.45,758942
2018-03-01,217.0,217.0,214.02,215.9,576553
2018-03-02,214.59,218.55,212.87,217.43,453259
2018-03-05,216.53,223.39,213.52,223.28,285294
2018-03-06,224.17,226.44,223.04,224.52,332828
2018-03-07,223.57,224.26,221.67,223.25,128307
2018-03-08,224.63,224.66,219.8,220.98,218249
2018-03-09,222.9,223.99,220.65,221.11,160396
2018-03-12,221.76,222.56,219.78,220.58,160718
2018-03-13,220.17,220.98,218.88,220.57,283063
2018-03-14,222.54,222.54,214.96,215.89,150432
2018-03-15,216.38,218.13,214.33,215.48,166297
2018-03-16,216.4,217.41,214.9,216.0,349467
2018-03-19,215.13,219.28,214.52,218.14,200989
2018-03-20,219.73,222.48,218.73,222.39,173622
2018-03-21,216.23,225.24,216.23,223.48,443366
2018-03-22,220.7,222.03,215.51,217.86,231809
2018-03-23,218.57,220.47,217.0,217.72,223338
2018-03-26,220.7,224.22,220.63,223.99,161592
2018-03-27,223.84,224.67,221.15,221.68,303761
2018-03-28,223.2,225.03,220.29,224.65,224726
2018-03-29,227.2,228.25,224.38,227.04,199070
2018-04-02,226.29,229.5,226.29,229.19,331285
2018-04-03,230.82,233.58,229.04,233.16,338682
2018-04-04,229.8,234.34,228.01,233.9,252453
2018-04-05,236.48,239.04,235.23,237.12,254435
2018-04-06,234.85,237.05,232.74,234.68,225959
2018-04-09,236.97,238.21,233.05,233.05,460722
2018-04-10,234.21,239.54,232.69,237.09,560107
2018-04-11,236.1,238.73,233.59,236.21,344182
2018-04-12,236.45,237.35,228.43,233.43,445212
2018-04-13,234.22,235.21,229.76,231.0,252106
2018-04-16,231.5,231.5,227.62,229.32,221060
2018-04-17,220.86,229.55,220.86,228.54,258064
2018-04-18,228.28,230.17,226.15,229.21,265800
2018-04-19,229.92,230.73,228.42,230.38,201240
2018-04-20,230.76,231.79,229.99,230.94,193435
2018-04-23,230.19,233.86,229.99,232.66,253236
2018-04-24,233.0,236.44,232.37,234.63,282992
2018-04-25,234.65,234.78,229.73,231.89,203879
2018-04-26,232.8,234.7,232.73,234.04,144118
2018-04-27,233.67,235.57,232.81,234.71,211675
2018-04-30,234.9,234.92,230.69,232.49,154122
2018-05-01,231.45,232.28,228.81,229.42,200588
2018-05-02,229.98,233.35,228.24,229.71,182019
2018-05-03,229.4,229.4,220.05,223.15,215563
2018-05-04,223.75,229.75,222.39,228.02,258216
2018-05-07,228.74,229.03,224.74,228.6,256181
2018-05-08,230.0,230.43,227.03,230.05,336811
2018-05-09,231.0,231.0,225.75,226.5,296160
2018-05-10,227.5,229.46,226.77,228.0,137881
2018-05-11,228.91,229.79,227.01,227.01,110548
2018-05-14,227.28,228.21,225.44,226.12,117269
2018-05-15,223.64,226.14,220.91,224.97,270098
2018-05-16,224.76,224.76,220.91,221.56,176109
2018-05-17,220.9,223.91,216.88,223.26,231022
2018-05-18,222.27,224.79,220.81,221.43,409086
2018-05-21,222.2,224.79,222.2,223.25,158163
2018-05-22,223.5,224.45,222.9,222.97,209723
2018-05-23,222.34,222.34,217.21,218.6,219881
2018-05-24,218.0,220.25,216.72,219.56,260903
2018-05-25,219.16,224.59,217.92,224.19,305393
2018-05-29,222.72,224.28,216.98,218.14,258138
2018-05-30,219.34,221.0,216.41,220.77,188640
2018-05-31,220.82,224.3,219.95,221.42,462709
2018-06-01,223.3,227.19,221.88,226.55,214835
2018-06-04,227.11,228.99,226.36,228.74,146881
2018-06-05,227.41,228.38,227.15,227.46,155801
2018-06-06,227.95,231.58,225.76,231.21,313202
2018-06-07,231.21,232.4,226.99,228.41,142717
2018-06-08,229.59,232.47,227.48,230.0,145305
2018-06-11,231.54,231.54,228.2,228.78,132850
2018-06-12,229.8,232.36,228.75,231.22,587827
2018-06-13,232.3,232.3,229.81,229.98,138915
2018-06-14,230.59,230.59,225.61,225.95,163660
2018-06-15,224.89,224.89,221.35,223.54,494836
2018-06-18,221.27,224.2,219.83,223.33,332210
2018-06-19,221.33,224.19,218.42,223.5,259032
2018-06-20,224.39,224.5,220.49,222.48,253614
2018-06-21,220.7,221.63,218.38,219.85,421129
2018-06-22,221.32,221.32,218.0,220.53,305473
2018-06-25,220.71,220.71,216.43,219.24,143505
2018-06-26,220.27,222.39,218.67,222.05,171191
2018-06-27,220.89,222.77,219.17,219.52,243845
2018-06-28,219.25,221.8,217.63,221.32,228720
2018-06-29,224.44,225.85,221.02,225.12,381249
2018-07-02,224.43,228.57,223.24,224.47,224099
2018-07-03,230.15,230.15,225.86,228.7,166096
2018-07-05,228.88,230.28,226.33,227.13,263487
2018-07-06,226.27,229.25,226.13,228.54,144578
2018-07-09,230.15,232.12,229.35,230.07,149007
2018-07-10,230.28,231.97,228.4,229.78,171942
2018-07-11,228.72,229.79,227.16,228.7,148688
2018-07-12,230.3,230.3,228.25,228.84,249293
2018-07-13,228.42,228.66,226.37,227.33,151641
2018-07-16,227.32,229.84,227.14,229.09,172335
2018-07-17,229.0,229.9,227.38,228.08,197848
2018-07-18,227.42,228.88,227.24,228.44,142607
2018-07-19,227.09,228.08,226.11,226.74,83269
2018-07-20,228.79,230.88,226.83,229.57,175183
2018-07-23,229.38,230.2,227.71,227.98,111959
2018-07-24,229.82,231.08,228.04,229.95,187138
2018-07-25,231.0,232.72,230.09,232.42,132758
2018-07-26,231.75,234.79,229.5,229.82,155021
2018-07-27,231.09,232.21,227.19,229.54,137668
2018-07-30,230.54,230.9,228.01,229.47,215419
2018-07-31,229.47,231.17,227.54,228.77,210558
2018-08-01,228.73,229.97,226.55,228.58,184501
2018-08-02,226.9,228.94,223.44,226.25,342861
2018-08-03,228.52,231.64,228.35,230.8,215984
2018-08-06,229.86,231.71,229.03,229.31,77313
2018-08-07,231.2,232.19,229.68,231.17,430792
2018-08-08,231.98,232.18,229.73,230.02,103699
2018-08-09,230.05,231.0,224.24,230.07,183167
2018-08-10,225.5,228.32,221.61,226.46,404713
2018-08-13,223.43,227.12,223.43,224.62,206192
2018-08-14,225.84,226.18,223.77,225.77,227435
2018-08-15,223.62,224.49,220.03,222.25,299801
2018-08-16,222.9,226.24,221.3,222.6,178415
2018-08-17,221.87,222.24,219.06,221.76,114310
2018-08-20,222.95,224.92,221.22,222.35,169318
2018-08-21,223.0,223.82,219.84,219.84,158728
2018-08-22,220.01,220.99,218.4,220.4,160779
2018-08-23,220.21,223.04,220.21,221.7,246721
2018-08-24,222.69,224.05,220.71,222.61,107537
2018-08-27,230.67,230.67,222.93,223.5,208536
2018-08-28,223.27,223.27,221.49,222.04,119390
2018-08-29,221.61,222.41,219.45,221.95,190471
2018-08-30,221.57,221.57,215.82,216.45,197060
2018-08-31,216.51,218.34,213.42,218.02,255058
2018-09-04,216.05,217.27,211.42,211.79,205499
2018-09-05,210.78,211.63,209.25,210.39,284839
2018-09-06,210.86,212.71,208.72,209.81,352491
2018-09-07,210.04,211.43,208.61,209.85,203134
2018-09-10,209.64,210.65,208.64,210.36,169601
2018-09-11,209.22,210.74,207.96,208.44,203334
2018-09-12,208.27,213.56,207.41,212.4,263276
2018-09-13,214.29,215.98,212.1,212.65,253052
2018-09-14,212.82,213.72,210.75,213.34,160906
2018-09-17,213.25,216.35,213.25,215.11,106211
2018-09-18,218.0,218.0,213.79,216.73,191355
2018-09-19,216.74,222.2,215.16,220.5,157293
2018-09-20,221.42,226.71,221.42,226.39,185042
2018-09-21,227.1,228.5,225.4,227.0,385575
2018-09-24,226.5,227.94,223.44,224.7,152690
2018-09-25,225.43,227.14,223.28,226.94,135510
2018-09-26,227.24,229.55,226.43,226.58,254069
2018-09-27,226.39,228.92,226.08,227.0,174679
2018-09-28,226.0,226.7,222.43,223.08,162806
2018-10-01,224.2,228.06,224.2,226.66,127839
2018-10-02,226.82,227.82,224.38,226.32,121419
2018-10-03,227.55,228.3,225.31,226.74,107152
2018-10-04,227.15,228.49,221.05,223.06,151097
2018-10-05,224.74,224.74,220.17,221.76,99776
2018-10-08,221.4,222.57,219.28,220.07,86136
2018-10-09,219.05,223.15,217.03,222.28,134905
2018-10-10,221.1,222.78,216.97,217.17,170028
2018-10-11,216.84,218.48,213.62,214.29,176393
2018-10-12,217.57,234.18,215.32,217.85,111796
2018-10-15,216.46,220.28,216.16,218.43,124121
2018-10-16,220.88,224.82,220.5,224.74,119010
2018-10-17,224.73,224.87,222.76,223.68,157381
2018-10-18,219.79,225.57,219.79,220.02,103881
2018-10-19,221.93,224.28,219.15,219.16,123725
2018-10-22,220.06,221.53,216.88,217.4,86791
2018-10-23,213.59,218.93,212.8,218.16,120652
2018-10-24,217.24,219.32,213.9,213.9,87948
2018-10-25,214.89,217.21,214.46,215.23,87978
2018-10-26,212.34,216.5,212.08,215.73,148270
2018-10-29,218.48,221.03,214.38,215.77,229223
2018-10-30,217.44,221.67,217.15,220.53,220876
2018-10-31,222.46,226.95,221.68,225.71,230068
2018-11-01,226.86,230.63,224.87,229.24,227849
2018-11-02,231.8,233.26,226.45,229.21,147167
2018-11-05,228.06,232.27,227.69,229.82,202694
2018-11-06,229.76,230.69,227.2,230.0,144226
2018-11-07,231.86,231.86,228.59,228.85,221418
2018-11-08,228.09,230.46,223.66,224.93,109657
2018-11-09,224.24,225.68,220.97,224.23,219143
2018-11-12,224.06,224.67,220.6,220.6,77437
2018-11-13,221.77,226.18,219.78,223.59,172252
2018-11-14,224.1,225.3,218.82,219.97,168495
2018-11-15,218.5,225.83,217.44,225.47,158163
2018-11-16,222.51,227.01,219.01,226.08,156142
2018-11-19,226.54,228.78,224.93,226.2,95396
2018-11-20,224.73,224.73,216.0,217.56,185114
2018-11-21,220.39,224.57,218.33,223.67,127058
2018-11-23,220.46,220.99,215.93,218.04,104896
2018-11-26,219.08,222.11,217.82,221.9,121680
2018-11-27,221.89,223.9,220.38,221.46,175750
2018-11-28,222.75,225.87,221.66,225.08,228161
2018-11-29,222.61,226.05,221.38,224.38,138006
2018-11-30,222.2,222.89,217.55,219.29,263347
2018-12-03,226.78,230.0,221.28,224.14,228200
2018-12-04,223.1,226.0,219.3,222.69,308979
2018-12-06,217.99,222.52,215.22,222.04,234795
2018-12-07,222.95,226.53,220.65,220.68,200256
2018-12-10,220.45,221.01,214.61,216.16,164414
2018-12-11,219.98,222.35,219.74,221.19,175153
2018-12-12,224.27,224.98,217.36,217.78,236505
2018-12-13,218.27,220.17,216.26,218.54,232515
2018-12-14,216.3,218.97,215.0,217.94,144505
2018-12-17,216.7,218.92,215.36,215.68,194870
2018-12-18,216.28,218.53,215.02,215.1,199994
2018-12-19,215.75,221.38,214.02,215.83,202592
2018-12-20,215.75,219.93,215.42,216.36,228477
2018-12-21,216.3,217.0,213.11,213.67,621479
2018-12-24,211.44,215.48,210.78,213.26,118567
2018-12-26,213.6,218.01,210.54,217.9,127005
2018-12-27,215.11,219.71,214.1,219.68,210920
2018-12-28,220.64,223.11,219.28,221.77,144274
2018-12-31,221.51,223.68,220.59,221.67,82112
2019-01-02,220.19,226.57,220.05,226.45,157642
2019-01-03,225.88,226.3,221.03,222.67,217316
2019-01-04,224.1,229.15,224.1,228.5,293883
2019-01-07,228.97,228.97,226.59,226.75,221990
2019-01-08,226.77,228.78,226.12,227.49,232065
2019-01-09,229.13,231.99,225.96,226.35,375857
2019-01-10,226.38,231.15,224.64,230.47,314089
2019-01-11,230.01,230.91,228.16,229.76,139011
2019-01-14,227.37,231.54,223.64,230.85,256832
2019-01-15,231.38,231.62,229.57,229.97,282827
2019-01-16,231.0,233.71,229.36,232.14,253066
2019-01-17,231.47,234.26,230.94,233.59,196352
2019-01-18,234.0,234.89,229.51,232.05,400095
2019-01-22,230.33,232.29,227.27,232.29,250277
2019-01-23,233.5,237.25,232.18,234.41,235966
2019-01-24,234.96,238.57,232.98,234.73,199359
2019-01-25,235.26,239.51,233.78,236.23,161302
2019-01-28,234.66,237.43,227.77,236.57,207802
2019-01-29,237.51,239.72,236.15,239.68,233954
2019-01-30,240.07,242.58,235.94,236.3,317288
2019-01-31,236.19,243.13,235.19,242.78,247972
2019-02-01,242.01,244.75,241.82,242.95,139101
2019-02-04,243.48,246.54,241.56,246.42,153420
2019-02-05,246.6,249.67,245.85,248.49,184736
2019-02-06,247.32,250.41,246.38,246.79,178161
2019-02-07,242.97,245.39,233.54,237.45,260362
2019-02-08,237.78,240.7,236.18,239.61,175688
2019-02-11,237.3,240.99,228.94,236.5,609686
2019-02-12,238.5,241.85,238.5,240.13,353112
2019-02-13,240.17,241.95,238.07,240.14,323314
2019-02-14,238.59,238.59,234.16,236.34,214921
2019-02-15,236.76,239.36,236.35,239.08,155411
2019-02-19,237.65,240.59,236.32,239.71,170136
2019-02-20,241.0,242.42,239.61,240.97,174757
2019-02-21,240.96,240.96,237.45,239.13,195354
2019-02-22,240.49,242.69,238.88,242.61,169479
2019-02-25,244.54,244.54,240.42,241.8,185084
2019-02-26,241.52,243.28,238.6,241.81,161163
2019-02-27,242.43,244.4,240.12,243.44,271093
2019-02-28,242.81,245.2,237.81,243.09,223398
2019-03-01,242.93,244.77,238.93,239.1,218423
2019-03-04,239.0,241.66,238.86,241.59,120973
2019-03-05,242.0,242.0,237.73,237.93,132597
2019-03-06,238.87,241.26,237.85,240.6,157141
2019-03-07,239.91,239.91,235.15,236.25,133443
2019-03-08,234.96,236.32,232.85,235.61,123170
2019-03-11,236.96,242.44,236.96,242.41,158746
2019-03-12,243.09,243.87,239.96,240.34,166686
2019-03-13,241.29,244.01,240.0,243.57,99541
2019-03-14,242.07,246.92,241.76,246.47,181269
2019-03-15,246.47,250.59,245.88,248.19,451319
2019-03-18,248.48,251.24,248.48,250.7,204182
2019-03-19,251.68,252.49,248.33,249.31,187120
2019-03-20,248.32,250.18,247.0,248.11,203620
2019-03-21,247.06,247.83,243.49,244.27,197502
2019-03-22,241.93,243.08,239.62,241.43,136770
2019-03-25,241.91,242.93,239.64,239.88,121918
2019-03-26,241.48,242.39,239.61,240.78,96292
2019-03-27,241.11,243.2,237.31,239.29,168077
2019-03-28,239.2,241.36,236.36,238.99,140232
2019-03-29,240.37,240.94,236.77,239.95,217268
2019-04-01,243.18,244.18,241.06,242.56,152725
2019-04-02,242.01,243.56,240.72,243.1,224739
2019-04-03,244.18,245.3,242.23,243.54,162103
2019-04-04,243.07,245.23,242.4,243.47,144405
2019-04-05,244.58,246.15,242.71,245.28,187225
2019-04-08,244.61,246.37,243.14,245.47,374409
2019-04-09,243.01,244.13,240.0,240.05,221728
2019-04-10,239.76,242.22,239.16,241.63,195570
2019-04-11,241.8,242.55,240.41,241.0,127129
2019-04-12,242.64,242.81,239.0,241.85,167344
2019-04-15,235.0,235.87,233.04,233.99,203323
2019-04-16,234.7,235.34,232.69,234.6,202343
2019-04-17,234.72,235.24,231.7,232.36,241333
2019-04-18,232.69,232.85,228.03,231.34,198433
2019-04-22,229.81,233.3,229.27,233.18,215696
2019-04-23,233.55,235.39,231.96,233.76,225117
2019-04-24,232.96,233.53,230.05,233.27,323676
2019-04-25,233.0,234.4,231.57,233.7,147823
2019-04-26,232.84,236.55,231.67,236.39,198780
2019-04-29,236.94,239.17,235.81,237.39,168751
2019-04-30,237.34,238.43,235.76,236.9,250285
2019-05-01,238.06,239.51,236.42,236.8,104325
2019-05-02,236.16,239.53,235.82,237.8,198646
2019-05-03,239.36,239.94,235.94,238.17,203068
2019-05-06,237.53,238.89,234.0,237.44,174621
2019-05-07,235.73,238.05,233.43,234.26,436114
2019-05-08,234.06,234.06,226.39,226.47,439343
2019-05-09,223.93,226.18,220.59,225.23,204508
2019-05-10,225.28,225.53,220.25,223.85,259718
2019-05-13,220.04,221.41,215.67,215.78,251548
2019-05-14,217.94,220.09,214.66,218.59,399756
2019-05-15,217.78,218.81,215.76,216.38,264069
2019-05-16,216.6,218.39,216.38,217.51,247432
2019-05-17,217.05,218.71,216.02,217.83,440883
2019-05-20,217.45,220.76,215.77,220.29,530594
2019-05-21,220.3,224.55,219.98,223.93,1009472
2019-05-22,223.98,226.24,222.39,225.54,440763
2019-05-23,225.0,226.3,220.9,223.76,379104
2019-05-24,224.68,225.0,220.87,221.08,332624
2019-05-28,221.3,222.45,219.38,219.6,678834
2019-05-29,218.42,220.39,216.55,219.71,383194
2019-05-30,219.59,223.37,219.59,221.78,218205
2019-05-31,220.83,224.38,218.64,223.8,406957
2019-06-03,224.59,225.38,221.42,222.33,168501
2019-06-04,223.76,224.65,221.17,223.84,414890
2019-06-05,223.82,224.53,221.55,222.39,164764
2019-06-06,223.08,225.15,223.07,224.74,430525
2019-06-07,224.99,229.41,224.99,228.97,244274
2019-06-10,230.12,230.57,226.73,228.88,146859
2019-06-11,230.43,232.4,227.09,227.93,168791
2019-06-12,226.96,227.72,222.8,223.6,289800
2019-06-13,223.15,224.09,220.25,220.58,309784
2019-06-14,220.1,221.05,218.16,220.92,197476
2019-06-17,221.22,221.32,218.41,218.5,425590
2019-06-18,219.55,221.22,218.3,220.25,367819
2019-06-19,220.5,222.03,218.84,219.55,477989
2019-06-20,222.45,225.48,220.01,222.66,608049
2019-06-21,222.0,227.61,220.77,225.87,3298383
2019-06-24,224.37,227.86,224.37,227.0,264300
2019-06-25,226.66,230.91,226.3,227.06,804484
2019-06-26,227.27,228.94,226.19,228.87,874848
2019-06-27,229.57,231.47,227.94,231.0,403616
2019-06-28,231.87,231.87,227.36,228.91,558600
2019-07-01,231.04,231.69,228.5,230.86,179107
2019-07-02,230.98,233.61,229.7,232.53,333107
2019-07-03,232.11,235.1,231.75,234.77,183885
2019-07-05,235.1,238.73,235.07,238.37,434314
2019-07-08,237.97,240.88,236.47,238.19,390064
2019-07-09,237.23,239.04,235.82,238.79,398323
2019-07-10,239.57,239.57,235.51,235.82,216941
2019-07-11,235.5,238.06,234.58,236.28,205081
2019-07-12,237.04,237.04,234.78,235.86,232654
2019-07-15,236.09,238.18,233.16,233.3,379478
2019-07-16,233.0,236.96,231.19,236.28,374886
2019-07-17,236.34,238.19,235.01,235.26,204626
2019-07-18,234.62,237.38,233.9,236.38,366187
2019-07-19,236.6,238.24,230.05,230.55,260046
2019-07-22,230.86,231.37,227.82,227.99,607923
2019-07-23,227.94,228.84,225.61,226.48,438180
2019-07-24,226.01,229.16,226.01,228.53,172707
2019-07-25,228.6,228.89,226.74,228.14,152937
2019-07-26,228.5,230.48,228.06,229.59,164185
2019-07-29,228.97,229.64,222.65,224.42,308019
2019-07-30,222.83,223.34,218.5,218.96,188674
2019-07-31,218.84,219.66,217.3,217.99,491889
2019-08-01,218.16,221.2,216.0,217.19,220339
2019-08-02,216.24,216.96,212.73,214.6,209389
2019-08-05,211.83,212.59,208.03,209.16,277119
2019-08-06,210.57,212.19,208.36,210.11,337034
2019-08-07,207.43,214.35,206.25,213.54,238461
2019-08-08,213.63,215.5,212.52,214.84,271622
2019-08-09,216.99,216.99,206.77,207.4,561397
2019-08-12,205.79,207.42,201.97,202.15,404100
2019-08-13,203.41,209.88,202.07,207.93,525946
2019-08-14,204.65,206.69,201.19,201.19,300294
2019-08-15,202.4,203.43,200.34,202.18,450378
2019-08-16,204.17,207.83,204.02,206.25,568798
2019-08-19,207.97,208.4,205.36,206.47,323198
2019-08-20,205.75,207.37,204.89,205.53,357605
2019-08-21,206.57,207.87,205.23,206.15,328478
2019-08-22,206.65,208.85,203.59,203.71,236804
2019-08-23,203.54,205.76,201.11,201.33,350333
2019-08-26,202.33,203.46,199.83,200.78,142729
2019-08-27,200.23,203.73,200.2,201.2,481713
2019-08-28,200.15,202.2,200.15,201.6,238996
2019-08-29,202.91,204.62,202.59,203.34,207518
2019-08-30,204.11,207.12,203.16,207.12,269004
2019-09-03,206.06,206.48,204.38,205.01,252073
2019-09-04,206.8,207.48,204.14,205.38,276951
2019-09-05,208.75,212.67,207.24,211.61,406371
2019-09-06,212.55,214.44,210.67,212.73,247564
2019-09-09,213.68,213.95,209.36,211.72,405703
2019-09-10,211.47,212.94,210.47,212.24,201368
2019-09-11,213.42,213.8,211.83,213.8,187718
2019-09-12,213.53,215.13,211.82,214.41,138185
2019-09-13,215.74,216.71,213.45,215.45,175500
2019-09-16,215.15,216.69,214.18,216.61,170471
2019-09-17,215.78,215.78,211.88,214.2,228110
2019-09-18,213.67,214.91,212.8,214.22,174988
2019-09-19,213.99,214.81,210.18,212.12,212136
2019-09-20,212.29,213.89,209.17,209.37,559475
2019-09-23,209.95,210.57,206.32,207.7,309901
2019-09-24,206.28,207.76,203.4,207.26,978248
2019-09-25,207.26,210.38,206.23,209.97,400781
2019-09-26,209.8,212.33,208.72,212.12,236047
2019-09-27,213.81,214.98,211.22,212.65,635964
2019-09-30,212.57,212.9,208.44,208.44,364923
2019-10-01,205.37,205.67,200.79,204.11,601925
2019-10-02,204.15,204.15,200.22,202.04,475025
2019-10-03,202.1,205.37,200.47,203.56,176379
2019-10-04,203.99,208.33,203.99,207.65,284172
2019-10-07,206.71,210.12,206.23,207.03,247950
2019-10-08,205.79,208.28,204.85,205.14,329372
2019-10-09,206.41,206.75,203.96,204.0,239291
2019-10-10,203.65,205.17,203.0,203.13,380924
2019-10-11,204.6,210.86,204.23,208.78,144388
2019-10-14,207.62,209.55,207.22,208.56,152409
2019-10-15,209.4,210.52,208.28,209.97,443758
2019-10-16,209.88,211.04,206.5,209.28,213312
2019-10-17,210.35,211.81,209.14,209.25,161156
2019-10-18,209.21,213.2,209.21,209.83,174318
2019-10-21,211.21,211.34,207.94,209.96,170049
2019-10-22,208.15,209.77,206.38,207.66,180859
2019-10-23,207.44,212.42,207.21,212.05,244592
2019-10-24,213.0,215.54,211.73,214.97,561087
2019-10-25,215.15,215.58,211.52,212.64,168430
2019-10-28,212.76,214.74,212.23,213.84,164866
2019-10-29,213.86,214.8,212.27,213.72,182039
2019-10-30,213.55,213.78,209.35,211.99,229708
2019-10-31,211.34,214.16,209.38,214.04,299241
2019-11-01,215.0,216.56,213.19,216.56,200019
2019-11-04,218.69,219.12,213.88,214.94,208808
2019-11-05,214.43,215.64,210.22,212.54,284546
2019-11-06,211.61,212.63,210.23,212.52,171508
2019-11-07,213.9,217.52,213.33,217.33,314666
2019-11-08,217.57,217.57,204.41,206.75,351130
2019-11-11,205.25,207.52,204.68,205.82,406295
2019-11-12,206.52,206.52,203.54,203.77,349786
2019-11-13,203.05,206.1,202.5,204.67,259393
2019-11-14,204.76,204.98,202.96,203.94,166490
2019-11-15,204.41,210.85,204.41,210.61,231144
2019-11-18,210.66,212.16,209.37,210.82,173919
2019-11-19,210.86,210.86,205.6,208.19,200736
2019-11-20,207.7,208.18,205.74,207.08,155121
2019-11-21,208.18,208.4,205.29,208.02,160778
2019-11-22,208.81,209.29,206.11,207.76,159759
2019-11-25,208.48,210.46,207.8,209.67,149035
2019-11-26,208.98,209.35,206.63,207.64,433696
2019-11-27,208.08,211.14,206.42,210.53,259682
2019-11-29,209.55,211.6,207.99,211.19,128956
2019-12-02,211.54,212.97,208.87,211.58,211579
2019-12-03,209.66,209.89,206.17,206.51,195689
2019-12-04,206.28,208.63,205.45,207.12,160716
2019-12-05,207.26,207.33,203.64,206.43,276516
2019-12-06,207.21,209.32,206.8,207.73,195468
2019-12-09,207.7,208.9,206.9,207.58,137455
2019-12-10,207.02,208.17,203.28,203.89,486686
2019-12-11,204.32,205.44,203.25,204.67,459378
2019-12-12,204.81,210.62,204.81,208.38,169715
2019-12-13,208.41,210.35,206.56,207.9,289307
2019-12-16,208.81,209.91,207.08,207.2,209202
2019-12-17,207.98,210.8,206.78,210.56,276132
2019-12-18,211.07,212.17,210.59,211.98,316191
2019-12-19,211.84,214.9,211.21,214.63,195896
2019-12-20,213.5,215.46,212.85,214.33,439965
2019-12-23,214.35,216.42,212.72,215.55,149941
2019-12-24,215.5,215.64,213.25,213.6,45205
2019-12-26,213.76,215.8,213.61,215.03,73738
2019-12-27,215.21,215.96,214.34,215.34,71984
2019-12-30,215.38,215.38,213.46,214.03,104144
2019-12-31,213.56,214.26,212.24,213.13,107630
2020-01-02,213.69,219.44,213.69,219.23,173411
2020-01-03,216.64,218.35,215.51,217.9,142664
2020-01-06,216.63,216.78,214.61,216.61,189461
2020-01-07,215.24,216.05,209.49,209.5,309839
2020-01-08,208.85,212.43,208.85,210.51,193200
2020-01-09,211.69,213.19,209.79,212.78,326118
2020-01-10,213.34,213.43,209.83,210.57,193411
2020-01-13,211.03,212.77,208.63,211.56,236061
2020-01-14,211.2,212.8,208.84,210.95,228228
2020-01-15,211.35,214.83,209.97,213.58,313209
2020-01-16,214.59,219.81,213.9,215.85,274663
2020-01-17,215.88,217.18,212.41,216.85,262129
2020-01-21,216.32,218.5,214.74,218.0,187460
2020-01-22,218.8,220.25,218.44,219.48,265329
2020-01-23,218.85,219.93,217.51,219.22,122924
2020-01-24,219.76,219.76,216.32,217.47,147527
2020-01-27,214.32,214.32,211.13,211.13,166674
2020-01-28,212.37,214.23,211.95,213.38,166961
2020-01-29,214.04,214.69,212.48,213.13,238688
2020-01-30,211.74,212.54,207.24,210.39,295612
2020-01-31,208.9,209.17,205.16,206.58,328936
2020-02-03,207.89,210.4,206.89,208.84,151619
2020-02-04,211.18,214.63,210.65,214.39,170935
2020-02-05,216.34,219.5,215.09,215.63,233790
2020-02-06,215.57,215.57,198.93,203.01,989259
2020-02-07,203.0,203.96,199.54,201.25,280352
2020-02-10,200.88,205.39,200.6,204.49,242024
2020-02-11,205.61,207.68,204.35,204.82,274382
2020-02-12,204.06,211.01,204.0,208.56,348565
2020-02-13,208.57,209.01,206.69,206.83,221309
2020-02-14,207.0,207.12,203.0,204.05,250324
2020-02-18,202.58,203.42,201.23,201.41,395325
2020-02-19,202.76,203.37,200.76,201.24,216243
2020-02-20,201.09,201.51,198.88,199.01,293970
2020-02-21,198.99,200.79,198.35,199.22,313846
2020-02-24,195.53,196.89,192.87,193.92,359903
2020-02-25,194.47,195.22,187.55,187.85,249678
2020-02-26,189.62,191.53,188.3,189.38,350183
2020-02-27,187.85,189.67,182.8,182.81,221169
2020-02-28,180.14,182.03,175.04,181.27,570576
2020-03-02,181.96,191.14,180.94,190.14,356081
2020-03-03,190.35,193.48,184.9,187.3,306419
2020-03-04,189.86,198.99,188.63,198.98,314100
2020-03-05,194.4,196.92,190.0,192.26,397806
2020-03-06,188.37,189.01,181.96,186.55,455087
2020-03-09,175.0,177.82,172.71,174.62,318302
2020-03-10,180.5,182.6,173.21,181.98,488543
2020-03-11,177.67,178.63,170.72,170.96,407466
2020-03-12,147.5,159.18,147.1,153.37,507061
2020-03-13,165.01,174.83,156.43,173.85,481036
2020-03-16,155.88,162.53,148.56,149.41,442670
2020-03-17,151.89,155.68,145.78,146.7,332398
2020-03-18,138.72,139.96,126.91,135.29,374776
2020-03-19,134.19,138.49,128.09,135.07,395518
2020-03-20,137.95,145.0,131.37,132.83,759988
2020-03-23,131.6,134.6,121.24,124.16,430789
2020-03-24,129.7,131.75,125.18,128.25,596280
2020-03-25,128.76,131.95,126.75,128.0,1213673
2020-03-26,128.67,134.74,126.65,129.62,1710041
2020-03-27,125.27,129.6,118.0,125.85,830838
2020-03-30,126.62,133.91,123.23,133.1,433997
2020-03-31,131.48,147.48,131.11,143.07,726991
2020-04-01,138.28,139.91,131.35,133.88,479275
2020-04-02,133.88,139.5,132.9,136.64,619727
2020-04-03,135.44,136.86,129.41,129.55,322243
2020-04-06,134.58,137.41,132.56,133.84,678913
2020-04-07,138.99,141.55,132.07,132.32,409671
2020-04-08,133.21,137.22,130.98,136.36,365840
2020-04-09,131.68,136.22,129.75,135.62,439148
2020-04-13,136.03,136.03,129.18,134.29,179281
2020-04-14,138.44,138.44,132.72,137.75,995183
2020-04-15,133.72,141.02,131.86,138.93,690783
2020-04-16,138.93,142.48,138.5,141.51,583379
2020-04-17,145.4,146.97,140.79,144.02,622151
2020-04-20,141.74,145.15,141.04,142.87,562539
2020-04-21,138.95,141.59,136.06,138.21,456802
2020-04-22,140.65,141.52,136.34,138.62,427012
2020-04-23,138.66,141.03,135.75,137.04,384610
2020-04-24,136.77,137.49,133.62,134.21,339518
2020-04-27,135.04,139.16,134.2,137.65,298478
2020-04-28,141.0,141.9,139.32,139.93,272462
2020-04-29,143.04,150.2,142.84,149.09,543861
2020-04-30,147.34,149.5,147.13,149.02,525892
2020-05-01,146.25,147.11,138.67,139.57,184171
2020-05-04,137.67,142.33,135.27,141.8,214501
2020-05-05,142.9,147.88,141.65,142.57,498900
2020-05-06,143.09,144.22,140.39,142.21,155896
2020-05-07,144.39,146.98,141.37,143.62,362913
2020-05-08,147.86,148.47,145.0,145.66,366605
2020-05-11,143.63,144.06,140.1,141.92,318834
2020-05-12,143.11,144.3,140.73,141.01,469737
2020-05-13,141.29,141.29,134.93,135.6,346436
2020-05-14,134.16,138.18,131.89,135.99,418708
2020-05-15,135.02,136.35,132.55,133.65,224619
2020-05-18,137.16,140.41,133.95,135.81,436854
2020-05-19,135.59,136.42,132.65,132.91,605156
2020-05-20,134.9,135.86,132.5,133.01,343566
2020-05-21,133.43,134.52,132.9,134.34,294935
2020-05-22,133.35,134.19,131.37,132.51,252104
2020-05-26,136.57,138.89,134.54,136.26,360049
2020-05-27,140.57,143.95,139.07,141.64,480214
2020-05-28,142.63,142.84,139.53,142.43,457586
2020-05-29,140.77,141.22,134.5,137.82,808992
2020-06-01,138.92,142.65,138.68,140.55,391565
2020-06-02,142.5,144.5,141.6,144.05,303477
2020-06-03,146.91,152.72,145.97,151.95,457237
2020-06-04,151.11,156.57,149.84,155.17,449424
2020-06-05,161.31,166.83,159.89,166.35,1060958
2020-06-08,168.72,172.12,167.61,169.65,398853
2020-06-09,165.0,166.68,161.42,165.98,461761
2020-06-10,164.42,165.89,160.09,160.34,653564
2020-06-11,154.85,158.09,153.66,154.01,483808
2020-06-12,158.71,158.95,152.47,156.38,380413
2020-06-15,152.13,159.74,151.49,157.72,397180
2020-06-16,162.58,163.53,155.44,156.33,484687
2020-06-17,155.57,157.95,151.63,154.47,981648
2020-06-18,153.73,155.39,149.4,149.92,359941
2020-06-19,152.29,152.29,147.65,147.93,1102762
2020-06-22,147.49,147.49,144.83,145.21,361777
2020-06-23,146.32,147.05,141.63,142.87,622835
2020-06-24,140.88,140.88,137.09,139.77,508789
2020-06-25,138.74,139.74,136.18,136.79,592035
2020-06-26,135.6,137.29,134.75,135.1,301086
2020-06-29,135.3,136.13,133.49,135.3,253588
2020-06-30,134.29,135.4,132.94,133.67,269981
2020-07-01,133.44,137.28,133.21,133.89,270273
2020-07-02,135.39,137.6,131.54,132.13,425983
2020-07-06,135.0,135.42,132.25,133.24,881614
2020-07-07,132.23,133.34,130.47,133.29,809942
2020-07-08,133.83,134.72,129.41,129.58,700510
2020-07-09,129.08,129.16,125.0,125.1,358601
2020-07-10,125.41,129.21,124.72,128.74,421322
2020-07-13,129.82,130.36,125.59,127.69,599112
2020-07-14,127.53,127.68,124.3,127.0,444045
2020-07-15,129.17,131.43,127.98,130.51,335305
2020-07-16,129.69,132.23,128.54,128.82,240671
2020-07-17,129.01,129.01,126.29,128.51,249754
2020-07-20,127.4,128.73,126.24,126.25,201314
2020-07-21,127.34,129.59,126.71,127.99,739299
2020-07-22,126.9,129.35,125.41,126.83,372680
2020-07-23,126.67,129.42,126.5,128.69,460001
2020-07-24,128.41,129.25,126.75,127.27,116951
2020-07-27,126.33,126.63,123.88,126.42,200592
2020-07-28,126.5,127.74,124.9,125.92,305538
2020-07-29,126.33,129.19,125.99,129.14,572668
2020-07-30,127.85,129.23,126.02,129.11,328165
2020-07-31,128.94,128.94,124.95,127.17,352333
2020-08-03,126.93,128.66,125.25,127.27,358576
2020-08-04,127.74,127.74,124.56,124.61,305782
2020-08-05,125.83,127.34,124.82,125.08,458977
2020-08-06,123.48,125.15,122.36,124.2,372169
2020-08-07,124.24,129.42,122.63,128.45,551148
2020-08-10,128.28,129.33,126.39,128.84,280369
2020-08-11,130.85,132.38,129.15,129.23,269591
2020-08-12,130.81,131.88,128.66,130.88,248188
2020-08-13,130.64,132.7,127.7,131.83,264102
2020-08-14,130.62,132.37,130.55,131.86,232183
2020-08-17,131.59,131.87,128.69,129.25,841930
2020-08-18,128.8,130.93,128.8,130.28,255534
2020-08-19,130.07,131.43,129.35,129.43,305403
2020-08-20,128.35,129.77,127.0,128.03,538567
2020-08-21,127.03,127.39,125.32,126.15,271694
2020-08-24,126.42,128.96,126.42,128.75,192766
2020-08-25,129.78,130.17,128.64,130.0,160233
2020-08-26,130.21,130.21,128.21,129.63,224533
2020-08-27,129.47,131.58,129.03,130.39,192073
2020-08-28,130.33,131.04,128.7,130.0,260085
2020-08-31,130.25,130.68,128.56,130.48,239125
2020-09-01,130.11,132.44,129.04,131.24,207931
2020-09-02,131.75,132.62,131.0,131.51,246010
2020-09-03,131.39,134.24,131.39,132.78,196839
2020-09-04,133.75,133.96,129.54,132.39,188078
2020-09-08,130.99,131.98,129.0,129.69,413955
2020-09-09,130.51,133.13,129.3,130.84,262173
2020-09-10,130.98,132.51,128.65,128.65,218113
2020-09-11,128.8,129.31,126.58,127.76,186621
2020-09-14,128.61,130.51,127.68,129.72,239230
2020-09-15,130.12,131.57,129.08,129.79,277305
2020-09-16,129.77,132.0,129.77,130.08,394114
2020-09-17,129.13,132.16,129.13,131.48,213325
2020-09-18,131.08,131.54,128.42,128.85,577510
2020-09-21,126.78,127.99,125.54,126.08,237641
2020-09-22,126.07,127.56,124.64,125.14,238994
2020-09-23,125.14,126.73,123.15,123.27,255993
2020-09-24,123.3,126.92,121.13,125.28,388627
2020-09-25,124.22,125.16,122.09,123.29,145035
2020-09-28,124.55,126.67,123.28,123.53,211111
2020-09-29,123.15,123.7,121.64,123.25,328342
2020-09-30,124.16,125.69,123.41,123.99,198788
2020-10-01,123.84,125.94,122.16,123.46,290479
2020-10-02,122.98,124.55,122.42,124.03,212123
2020-10-05,125.23,125.25,123.64,124.15,215524
2020-10-06,125.0,130.35,124.62,128.67,475416
2020-10-07,129.0,129.82,125.13,125.43,356771
2020-10-08,125.99,127.89,125.4,127.71,1047575
2020-10-09,128.15,129.71,126.4,126.51,493754
2020-10-12,126.05,126.29,123.73,124.21,403659
2020-10-13,125.0,125.0,121.94,121.99,297982
2020-10-14,121.81,123.01,120.07,120.78,276227
2020-10-15,119.84,121.05,119.47,120.71,206235
2020-10-16,120.71,121.13,119.4,120.04,176326
2020-10-19,120.82,122.2,120.15,120.46,301115
2020-10-20,121.91,122.38,120.1,120.48,406592
2020-10-21,120.95,124.98,120.51,123.47,417693
2020-10-22,123.86,126.41,121.59,121.77,717477
2020-10-23,122.74,123.37,120.3,121.43,1108174
2020-10-26,120.91,121.29,118.86,120.22,300727
2020-10-27,121.57,121.57,119.36,119.96,465152
2020-10-28,118.72,118.72,113.64,115.2,479340
2020-10-29,114.36,115.0,111.4,114.21,378119
2020-10-30,114.16,114.76,112.32,114.68,493464
2020-11-02,115.76,118.76,114.1,117.36,311598
2020-11-03,119.02,120.28,118.49,119.74,404546
2020-11-04,117.99,122.06,117.99,118.86,663165
2020-11-05,120.0,122.33,119.02,121.69,486769
2020-11-06,122.76,122.78,117.8,118.75,398830
2020-11-09,125.14,141.54,123.89,137.5,1026263
2020-11-10,126.0,126.0,110.47,112.92,2112376
2020-11-11,114.04,119.7,114.0,119.42,1034396
2020-11-12,118.05,122.92,116.44,119.9,645641
2020-11-13,120.94,126.43,120.94,125.18,939437
2020-11-16,122.0,128.49,121.02,127.53,441382
2020-11-17,126.41,134.4,124.41,134.08,832444
2020-11-18,135.19,137.4,133.29,135.01,492209
2020-11-19,134.41,134.89,131.02,133.59,307430
2020-11-20,132.89,134.58,132.06,133.23,205465
2020-11-23,135.0,136.52,132.81,136.36,590290
2020-11-24,139.07,146.98,137.8,146.39,475203
2020-11-25,145.07,151.91,144.27,151.63,649426
2020-11-27,152.56,155.1,151.0,155.05,282475
2020-11-30,154.03,154.96,151.23,153.91,1235110
2020-12-01,156.57,157.62,153.32,157.3,548727
2020-12-02,157.52,161.34,155.73,161.3,479101
2020-12-03,162.33,166.96,161.32,164.56,635866
2020-12-04,166.11,168.68,163.67,166.4,450710
2020-12-07,165.16,166.13,161.95,163.95,343345
2020-12-08,162.74,164.67,161.6,163.72,264508
2020-12-09,164.91,165.0,160.76,162.86,263009
2020-12-10,162.03,165.81,161.18,162.72,412522
2020-12-11,161.07,164.05,160.15,160.63,222501
2020-12-14,162.71,164.79,161.09,161.54,419586
2020-12-15,162.15,166.0,161.4,164.14,365755
2020-12-16,163.53,163.53,158.49,162.4,241847
2020-12-17,163.54,163.79,160.72,161.63,230988
2020-12-18,161.41,162.93,159.8,161.57,456034
2020-12-21,160.95,161.63,156.89,158.3,267084
2020-12-22,159.02,162.29,158.4,161.9,436342
2020-12-23,163.0,165.59,162.76,165.13,284952
2020-12-24,166.0,166.0,163.3,165.0,72570
2020-12-28,165.12,166.0,163.71,165.0,166109
2020-12-29,165.97,166.99,164.35,164.9,158975
2020-12-30,166.0,167.3,163.01,163.65,203958
2020-12-31,164.24,164.3,159.55,164.02,242773
2021-01-04,164.47,164.5,156.55,157.6,309506
2021-01-05,157.75,159.46,156.02,156.81,368348
2021-01-06,158.81,164.67,158.81,162.67,274245
2021-01-07,164.39,165.4,161.94,164.34,287957
2021-01-08,164.34,166.52,162.51,165.8,336060
2021-01-11,164.61,167.48,164.0,164.98,232889
2021-01-12,166.0,166.21,163.72,165.28,170755
2021-01-13,164.51,165.99,158.49,159.53,580108
2021-01-14,159.94,162.45,158.5,158.57,308317
2021-01-15,157.05,157.84,151.86,153.9,509299
2021-01-19,154.1,157.43,154.1,155.49,271251
2021-01-20,155.68,156.9,154.9,155.67,205182
2021-01-21,154.76,155.88,151.83,154.05,260375
2021-01-22,152.48,155.05,151.91,154.84,461599
2021-01-25,154.02,154.76,153.19,154.02,321440
2021-01-26,154.74,155.54,151.76,155.06,266055
2021-01-27,153.37,154.2,150.79,152.69,810759
2021-01-28,152.67,153.35,150.0,152.1,533443
2021-01-29,152.12,155.16,150.13,150.33,630931
2021-02-01,152.06,152.95,151.02,152.0,385898
2021-02-02,154.18,154.97,152.63,153.64,173768
2021-02-03,153.94,157.34,153.65,155.5,299160
2021-02-04,156.56,156.99,155.13,155.9,222825
2021-02-05,156.99,158.57,156.11,158.09,137982
2021-02-08,158.34,159.51,157.78,159.06,204172
2021-02-09,157.93,166.28,156.61,165.89,361127
2021-02-10,165.75,168.55,165.75,167.42,506306
2021-02-11,166.66,166.87,161.87,162.67,269239
2021-02-12,163.34,165.97,161.71,165.73,125691
2021-02-16,167.41,169.5,164.91,165.19,202100
2021-02-17,165.7,168.48,164.19,167.94,307011
2021-02-18,167.31,168.21,162.01,162.25,724419
2021-02-19,162.44,164.19,161.06,163.71,396708
2021-02-22,163.62,165.15,161.65,162.94,335153
2021-02-23,163.82,164.8,162.27,164.08,236671
2021-02-24,164.46,165.09,163.65,164.38,330226
2021-02-25,165.29,165.29,160.98,162.02,369510
2021-02-26,162.12,163.01,158.59,160.01,397819
2021-03-01,162.47,163.71,158.71,158.76,316739
2021-03-02,158.4,159.81,157.5,158.94,239447
2021-03-03,159.48,159.91,157.26,158.32,475222
2021-03-04,159.46,159.78,154.91,156.02,287219
2021-03-05,158.31,158.56,152.35,155.51,574280
2021-03-08,155.82,157.89,152.34,152.7,407192
2021-03-09,152.23,155.58,150.39,152.34,536897
2021-03-10,152.57,155.2,151.93,153.32,325753
2021-03-11,153.47,155.19,152.39,152.99,354184
2021-03-12,153.56,154.39,150.72,151.91,347600
2021-03-15,151.89,153.91,151.62,153.01,450861
2021-03-16,152.58,154.12,151.4,151.64,200594
2021-03-17,151.86,152.94,147.91,149.56,637758
2021-03-18,149.94,150.61,147.34,147.66,357774
2021-03-19,146.72,148.2,145.26,146.79,535363
2021-03-22,146.67,146.67,143.5,144.38,431852
2021-03-23,143.35,144.24,140.1,140.75,263166
2021-03-24,138.15,141.86,138.1,138.75,479357
2021-03-25,138.12,139.42,135.46,137.92,390825
2021-03-26,138.99,141.44,136.85,139.23,345948
2021-03-29,137.54,139.37,136.1,137.07,196604
2021-03-30,137.27,138.77,136.64,138.77,224063
2021-03-31,138.0,139.0,136.43,136.57,414608
2021-04-01,136.47,138.38,136.47,137.54,281084
2021-04-05,139.08,140.4,136.95,140.01,259995
2021-04-06,139.68,146.77,138.96,146.55,547253
2021-04-07,146.54,148.0,143.99,145.39,616681
2021-04-08,145.67,153.41,145.35,153.21,474389
2021-04-09,152.77,154.0,148.53,150.0,730491
2021-04-12,145.0,147.24,140.75,146.53,976882
2021-04-13,143.71,147.16,142.47,145.17,624400
2021-04-14,145.82,145.9,142.68,143.93,302157
2021-04-15,144.74,145.0,140.08,141.84,517763
2021-04-16,142.44,143.28,138.65,141.04,705999
2021-04-19,141.31,141.31,133.69,134.09,753206
2021-04-20,131.42,131.87,126.55,127.02,1134837
2021-04-21,124.19,126.64,122.06,125.18,1219850
2021-04-22,124.91,125.4,122.5,122.59,642045
2021-04-23,122.09,122.69,118.51,120.16,965979
2021-04-26,121.28,122.43,118.01,121.76,1308930
2021-04-27,122.91,123.55,121.04,121.35,682439
2021-04-28,120.87,121.91,119.02,120.68,948496
2021-04-29,121.35,121.4,119.04,120.42,678517
2021-04-30,119.45,121.61,119.23,119.4,1066529
2021-05-03,119.99,120.9,118.95,119.24,966855
2021-05-04,119.45,120.14,116.59,117.72,429300
2021-05-05,118.25,118.25,115.52,116.02,423844
2021-05-06,115.49,116.87,113.31,116.72,876244
2021-05-07,118.32,123.0,117.41,121.12,1359945
2021-05-10,121.1,133.95,121.1,133.5,1401556
2021-05-11,131.53,133.7,130.07,133.29,767766
2021-05-12,134.4,143.06,134.4,139.93,1588347
2021-05-13,139.52,144.47,139.52,141.93,770766
2021-05-14,142.18,145.87,142.05,145.78,640379
2021-05-17,146.16,146.77,142.35,144.27,813094
2021-05-18,144.77,145.04,140.28,141.02,624802
2021-05-19,139.08,140.2,137.46,139.75,398063
2021-05-20,140.0,140.11,138.08,138.28,461199
2021-05-21,137.16,137.16,130.58,135.01,1182105
2021-05-24,134.47,134.47,130.85,132.01,773159
2021-05-25,132.52,132.52,130.18,130.58,417904
2021-05-26,130.39,130.9,128.11,129.82,610013
2021-05-27,131.54,132.99,130.1,131.5,1137264
2021-05-28,134.8,144.32,133.52,137.47,989125
2021-06-01,137.94,142.34,137.02,138.56,646674
2021-06-02,138.44,142.2,137.69,141.34,657405
2021-06-03,141.26,142.39,139.0,141.84,910544
2021-06-04,142.49,150.3,142.44,149.51,1111504
2021-06-07,139.28,141.81,131.52,134.64,1999563
2021-06-08,133.89,134.85,132.96,134.04,1032634
2021-06-09,129.5,130.0,123.8,125.39,1786561
2021-06-10,126.92,131.01,125.0,125.35,957281
2021-06-11,125.93,126.38,124.3,125.0,388062
2021-06-14,124.84,125.52,121.9,122.01,650513
2021-06-15,122.63,123.49,120.2,120.34,446932
2021-06-16,118.8,119.84,117.54,117.95,571587
2021-06-17,118.15,121.33,117.33,119.99,714550
2021-06-18,119.23,119.86,115.0,116.33,1017760
2021-06-21,117.36,117.36,114.96,116.58,378109
2021-06-22,115.95,117.08,114.6,116.76,295396
2021-06-23,117.14,119.29,116.26,116.53,299320
2021-06-24,116.63,118.98,115.93,118.04,509279
2021-06-25,118.1,119.79,117.75,119.53,261106
2021-06-28,117.9,123.86,117.62,123.71,779343
2021-06-29,123.48,126.04,121.72,121.99,418298
2021-06-30,122.58,122.58,119.3,121.11,504933
2021-07-01,121.46,122.75,120.46,120.96,359190
2021-07-02,121.14,121.78,118.79,121.19,532657
2021-07-06,120.56,121.3,119.26,119.33,357147
2021-07-07,118.81,119.94,117.89,119.47,266792
2021-07-08,117.38,119.52,117.13,118.31,341343
2021-07-09,120.56,120.82,118.61,119.4,285985
2021-07-12,118.55,120.75,118.2,120.54,172874
2021-07-13,120.98,121.07,119.35,119.55,313290
2021-07-14,120.38,120.88,118.04,118.74,213677
2021-07-15,118.19,119.22,117.49,118.59,277652
2021-07-16,119.61,121.18,117.51,118.8,429534
2021-07-19,116.91,118.54,115.84,116.66,401774
2021-07-20,116.75,118.51,116.75,118.06,360302
2021-07-21,118.96,122.7,118.12,121.85,301247
2021-07-22,121.85,123.25,121.06,122.49,515487
2021-07-23,122.5,123.17,118.25,119.15,397504
2021-07-26,119.79,121.15,118.75,121.14,223894
2021-07-27,120.88,121.64,119.93,121.43,404352
2021-07-28,122.28,124.41,121.4,122.89,301530
2021-07-29,122.91,123.51,119.61,120.69,716258
2021-07-30,118.82,118.82,99.42,100.96,2286398
2021-08-02,107.72,110.77,103.42,103.99,1390953
2021-08-03,104.13,106.39,101.0,101.11,688590
2021-08-04,101.19,103.04,99.56,100.7,816130
2021-08-05,99.81,102.1,99.7,102.01,481947
2021-08-06,102.2,104.0,101.17,102.51,729777
2021-08-09,103.13,103.99,101.74,102.26,607176
2021-08-10,104.0,106.88,104.0,105.62,403159
2021-08-11,106.73,107.0,104.11,104.59,715436
2021-08-12,104.5,105.01,102.55,103.5,710464
2021-08-13,103.42,107.51,99.89,100.33,2351848
2021-08-16,100.01,102.2,99.2,100.58,884637
2021-08-17,99.75,100.94,94.7,96.8,613159
2021-08-18,96.41,97.64,92.34,92.43,964706
2021-08-19,92.33,93.67,88.67,92.3,1048603
2021-08-20,92.94,94.5,92.57,94.45,457483
2021-08-23,94.61,100.09,93.77,100.0,675236
2021-08-24,100.53,103.81,99.78,103.34,823770
2021-08-25,103.97,105.04,102.13,104.89,333039
2021-08-26,104.44,105.18,101.66,102.65,326630
2021-08-27,104.09,105.53,102.55,103.7,222362
2021-08-30,103.02,104.19,102.22,103.38,180987
2021-08-31,104.06,107.15,103.34,106.63,550460
2021-09-01,107.39,109.87,104.94,105.02,340390
2021-09-02,104.18,105.7,104.16,104.78,262045
2021-09-03,104.41,106.4,103.55,104.61,275805
2021-09-07,104.98,106.91,104.93,105.09,305762
2021-09-08,105.33,105.92,103.15,103.96,281271
2021-09-09,103.5,105.5,103.31,104.19,376343
2021-09-10,104.82,106.91,104.57,104.97,323507
2021-09-13,105.56,108.05,105.29,107.36,287612
2021-09-14,104.74,106.74,104.06,106.27,255893
2021-09-15,106.62,106.96,105.3,105.71,345073
2021-09-16,106.04,106.39,104.63,105.62,304101
2021-09-17,105.73,107.69,105.2,107.25,594227
2021-09-20,104.58,105.72,103.01,105.23,489489
2021-09-21,106.3,106.32,104.41,104.8,193881
2021-09-22,105.19,107.3,105.19,106.11,199121
2021-09-23,106.83,109.25,105.66,108.83,359594
2021-09-24,108.64,110.64,108.08,109.62,413802
2021-09-27,111.22,115.27,110.1,114.25,1229858
2021-09-28,114.25,114.78,112.83,113.99,1163944
2021-09-29,114.31,115.8,111.35,113.1,469832
2021-09-30,114.07,114.76,110.78,110.94,478960
2021-10-01,110.75,114.17,109.81,113.29,292080
2021-10-04,112.98,113.8,110.34,110.58,214694
2021-10-05,111.24,113.93,111.2,113.08,324327
2021-10-06,112.39,115.26,111.37,115.13,256036
2021-10-07,119.15,126.87,118.37,125.66,1092398
2021-10-08,126.0,127.88,125.34,126.94,566566
2021-10-11,126.82,128.85,126.01,128.79,454434
2021-10-12,129.0,130.29,128.63,129.84,712802
2021-10-13,129.51,130.46,128.5,129.84,527401
2021-10-14,130.27,130.27,128.2,129.26,552092
2021-10-15,131.08,134.64,130.47,134.26,431980
2021-10-18,133.05,134.51,132.0,132.5,372795
2021-10-19,133.62,134.68,132.42,132.73,254011
2021-10-20,131.83,132.51,130.64,131.61,350264
2021-10-21,130.38,132.95,130.38,132.75,199588
2021-10-22,132.86,133.13,130.0,130.49,296368
2021-10-25,131.69,131.69,129.68,131.48,292961
2021-10-26,131.72,131.86,128.49,128.93,849223
2021-10-27,128.18,131.04,127.6,130.03,345944
2021-10-28,129.87,132.32,129.23,130.43,268453
2021-10-29,130.19,130.64,128.77,129.66,474393
2021-11-01,130.08,134.82,129.53,134.28,275178
2021-11-02,133.77,134.44,130.66,132.25,491923
2021-11-03,131.5,133.35,129.95,130.23,533651
2021-11-04,129.75,132.39,126.73,127.7,498576
2021-11-05,129.99,131.06,126.32,127.69,447638
2021-11-08,127.94,128.61,126.24,127.11,403970
2021-11-09,125.97,127.88,124.37,124.75,338619
2021-11-10,124.98,126.59,124.95,125.8,662262
2021-11-11,126.64,128.17,125.7,127.61,254527
2021-11-12,127.21,128.27,127.02,128.23,178408
2021-11-15,127.55,129.16,126.07,126.32,313252
2021-11-16,126.03,127.96,124.72,124.9,257206
2021-11-17,123.66,123.66,119.73,120.92,261355
2021-11-18,120.28,122.09,120.13,120.4,634983
2021-11-19,119.91,121.2,118.91,120.35,430321
2021-11-22,121.34,121.34,117.6,118.03,279878
2021-11-23,118.97,121.1,117.74,120.46,295832
2021-11-24,120.16,122.24,118.98,121.86,277719
2021-11-26,120.04,120.05,113.59,116.78,266696
2021-11-29,118.26,119.55,115.36,118.48,311677
2021-11-30,117.2,119.94,115.35,118.0,689396
2021-12-01,119.78,120.0,112.73,113.12,690549
2021-12-02,114.53,116.26,113.01,115.19,418047
2021-12-03,115.58,118.14,112.86,113.69,241050
2021-12-06,114.73,116.47,114.52,115.11,483860
2021-12-07,115.88,117.61,115.7,116.26,685396
2021-12-08,116.3,117.87,114.48,114.99,279563
2021-12-09,113.62,116.09,113.42,114.57,376562
2021-12-10,115.0,115.0,111.81,112.37,581449
2021-12-13,111.78,113.5,109.68,110.31,425920
2021-12-14,110.27,111.07,108.41,109.28,607134
2021-12-15,109.19,109.94,108.05,108.98,1420563
2021-12-16,109.95,115.78,109.49,114.71,805002
2021-12-17,114.29,116.99,113.44,116.87,469152
2021-12-20,114.46,116.6,113.97,115.46,314081
2021-12-21,116.77,119.89,116.6,118.46,197035
2021-12-22,118.14,119.35,116.66,118.72,168487
2021-12-23,119.17,120.86,119.17,119.89,143528
2021-12-27,119.92,122.92,119.54,122.8,186437
2021-12-28,122.33,123.41,121.13,122.84,289433
2021-12-29,122.85,123.7,121.32,121.77,181086
2021-12-30,122.55,125.46,122.35,125.1,231415
2021-12-31,124.99,125.12,121.96,122.07,114597
2022-01-03,121.93,124.89,121.17,124.19,183372
2022-01-04,124.86,129.18,124.86,128.52,269509
2022-01-05,129.5,131.3,128.85,129.4,425559
2022-01-06,130.55,133.73,129.47,132.06,229720
2022-01-07,132.62,135.75,132.13,134.12,505885
2022-01-10,134.82,134.94,131.14,131.98,255025
2022-01-11,132.0,138.92,132.0,138.09,316687
2022-01-12,138.81,143.84,138.35,143.75,412445
2022-01-13,143.96,147.03,142.47,145.25,518600
2022-01-14,143.94,145.93,143.62,145.02,247407
2022-01-18,144.7,145.76,142.24,142.58,311859
2022-01-19,143.0,144.0,141.9,142.42,403632
2022-01-20,142.36,144.88,140.51,140.75,374645
2022-01-21,140.07,140.35,136.49,137.29,378462
2022-01-24,134.5,137.8,131.73,137.56,326036
2022-01-25,135.13,139.28,133.44,138.1,280670
2022-01-26,139.35,139.86,134.0,135.88,205401
2022-01-27,137.95,139.04,134.75,136.24,348490
2022-01-28,136.15,139.79,135.01,139.59,196332
2022-01-31,139.44,144.24,139.0,143.22,298209
2022-02-01,142.0,143.52,136.7,138.12,603048
2022-02-02,138.1,139.96,133.44,138.35,617135
2022-02-03,136.92,137.02,133.45,133.95,478585
2022-02-04,133.95,136.93,132.8,135.24,692626
2022-02-07,135.28,136.63,134.76,135.0,242762
2022-02-08,135.0,153.23,132.73,145.29,1133847
2022-02-09,145.58,153.75,145.58,150.8,669948
2022-02-10,150.0,157.66,149.82,154.68,843562
2022-02-11,153.7,158.54,152.64,153.82,525994
2022-02-14,154.22,156.62,152.29,152.95,563283
2022-02-15,155.02,160.36,155.02,159.19,325752
2022-02-16,158.73,160.8,157.63,158.09,359855
2022-02-17,156.01,156.97,153.03,154.8,686759
2022-02-18,153.67,156.4,152.69,153.92,293802
2022-02-22,154.19,155.78,150.98,151.56,290520
2022-02-23,152.39,153.92,149.82,150.13,265471
2022-02-24,143.0,145.63,142.07,145.19,532733
2022-02-25,147.36,151.28,147.29,150.98,133764
2022-02-28,148.01,151.46,146.37,151.25,296068
2022-03-01,150.86,152.97,148.76,150.15,219476
2022-03-02,150.92,153.51,148.76,152.51,577520
2022-03-03,152.57,156.49,152.57,156.0,451584
2022-03-04,153.6,157.62,152.63,154.84,768203
2022-03-07,152.01,153.19,146.91,147.91,784466
2022-03-08,149.0,156.44,148.94,153.09,1405939
2022-03-09,156.45,163.42,154.84,162.08,656921
2022-03-10,159.51,161.85,158.68,160.51,616970
2022-03-11,162.15,163.98,160.34,161.62,292723
2022-03-14,163.17,166.3,161.23,163.19,542907
2022-03-15,163.39,164.74,160.1,164.7,383657
2022-03-16,165.0,169.79,163.97,167.82,338337
2022-03-17,167.99,171.13,167.02,168.65,574259
2022-03-18,168.63,168.99,165.6,167.85,1001030
2022-03-21,168.53,171.6,166.81,168.93,329287
2022-03-22,170.89,175.7,169.19,174.94,405809
2022-03-23,174.39,179.07,172.76,177.92,834511
2022-03-24,177.57,178.38,173.72,174.66,595037
2022-03-25,175.32,179.38,175.14,176.6,493594
2022-03-28,175.89,177.83,173.13,177.63,238741
2022-03-29,179.23,179.98,176.38,177.01,432175
2022-03-30,177.61,182.11,172.73,173.0,664681
2022-03-31,173.34,175.32,170.9,171.87,433444
2022-04-01,175.6,176.61,169.65,170.5,515083
2022-04-04,170.96,172.34,169.08,169.39,323836
2022-04-05,169.44,170.69,167.24,167.64,299747
2022-04-06,165.68,165.9,160.61,162.12,482850
2022-04-07,162.47,162.54,156.88,159.03,825914
2022-04-08,159.11,159.54,145.74,146.29,2212129
2022-04-11,146.84,150.1,144.77,148.34,774746
2022-04-12,148.8,150.62,144.5,144.79,701612
2022-04-13,144.51,146.36,142.82,144.6,286824
2022-04-14,144.45,146.44,144.15,144.81,187083
2022-04-18,143.38,145.07,140.91,142.3,272347
2022-04-19,143.6,146.18,143.15,146.07,983094
2022-04-20,147.28,152.65,146.83,151.67,1117828
2022-04-21,152.88,155.5,151.51,153.84,1778546
2022-04-22,154.06,154.98,147.12,147.13,391631
2022-04-25,145.35,145.45,137.71,139.84,515344
2022-04-26,137.71,139.37,134.24,136.03,549299
2022-04-27,136.03,139.12,134.68,138.38,459624
2022-04-28,139.38,139.63,134.75,138.89,244617
2022-04-29,139.52,140.5,138.41,138.89,567309
2022-05-02,139.24,139.86,136.22,138.11,212589
2022-05-03,138.48,141.48,138.07,140.63,729928
2022-05-04,141.18,143.17,138.49,142.91,466644
2022-05-05,141.44,141.44,132.04,132.8,838197
2022-05-06,130.0,136.9,128.71,132.82,556408
2022-05-09,131.54,132.39,125.62,125.87,286273
2022-05-10,126.34,129.24,123.62,126.63,282893
2022-05-11,126.14,128.76,124.44,124.5,344099
2022-05-12,122.0,124.49,118.81,120.7,734297
2022-05-13,122.55,133.33,122.4,131.94,606056
2022-05-16,132.81,135.44,132.11,132.59,439946
2022-05-17,134.5,141.39,134.19,140.05,785864
2022-05-18,138.19,140.31,131.59,132.09,336641
2022-05-19,126.68,134.77,126.0,133.42,364152
2022-05-20,135.42,137.41,131.78,134.16,506260
2022-05-23,135.73,139.98,133.95,138.77,360203
2022-05-24,137.39,139.28,135.21,138.33,338290
2022-05-25,137.37,140.17,137.37,139.22,405714
2022-05-26,140.74,143.48,139.97,140.68,576403
2022-05-27,140.25,144.89,140.25,142.41,339468
2022-05-31,142.57,144.61,140.01,140.38,1748097
2022-06-01,140.53,142.15,136.91,137.63,385623
2022-06-02,138.64,143.28,138.28,143.24,174262
2022-06-03,141.07,141.41,139.07,140.13,176808
2022-06-06,141.11,141.11,136.38,136.79,288017
2022-06-07,135.38,137.12,134.67,135.95,199717
2022-06-08,135.29,136.59,134.04,135.07,174775
2022-06-09,134.9,134.9,131.4,131.46,192407
2022-06-10,128.71,129.9,125.7,125.78,203892
2022-06-13,122.1,125.55,120.27,123.88,334753
2022-06-14,123.81,124.48,122.3,123.14,315071
2022-06-15,124.42,129.6,123.71,127.31,244807
2022-06-16,123.88,126.05,121.17,122.53,204872
2022-06-17,123.87,125.94,122.44,124.9,580510
2022-06-21,128.13,132.27,125.55,126.54,308530
2022-06-22,123.45,125.76,123.32,124.63,240460
2022-06-23,124.86,125.05,123.07,123.87,333905
2022-06-24,123.98,126.94,123.73,124.91,273088
2022-06-27,125.04,125.78,123.43,124.55,252394
2022-06-28,126.06,128.99,122.49,123.73,297621
2022-06-29,124.12,124.4,121.98,122.7,136720
2022-06-30,121.18,121.63,118.23,119.91,357876
2022-07-01,119.53,122.49,118.85,122.49,322694
2022-07-05,120.02,121.02,117.21,120.61,382749
2022-07-06,119.6,121.46,115.21,116.97,436464
2022-07-07,118.89,125.35,118.89,122.93,435624
2022-07-08,123.44,126.5,122.35,122.88,547443
2022-07-11,122.05,123.04,119.93,120.39,152865
2022-07-12,120.28,122.25,119.61,119.74,190721
2022-07-13,117.98,118.72,116.63,118.11,231897
2022-07-14,115.61,117.21,113.21,115.03,201981
2022-07-15,116.95,117.11,113.34,115.95,425304
2022-07-18,117.76,121.3,117.56,119.58,273965
2022-07-19,123.15,126.77,123.01,126.71,244659
2022-07-20,126.26,127.79,125.52,125.74,455605
2022-07-21,124.82,126.07,124.18,125.54,165245
2022-07-22,125.41,126.97,124.22,125.35,229009
2022-07-25,126.49,130.8,125.77,130.5,289992
2022-07-26,129.3,130.88,128.3,129.51,242469
2022-07-27,129.05,129.89,125.72,127.82,518472
2022-07-28,129.25,131.33,128.39,131.09,274227
2022-07-29,131.74,132.59,129.28,129.4,369786
2022-08-01,128.61,131.55,128.32,129.97,569402
2022-08-02,130.64,132.06,128.5,129.06,311863
2022-08-03,130.8,130.93,127.35,130.5,369954
2022-08-04,132.5,133.34,128.99,129.92,429361
2022-08-05,128.92,132.15,128.92,131.65,523827
2022-08-08,133.2,138.85,133.2,138.08,539335
2022-08-09,138.01,139.2,135.05,136.54,250038
2022-08-10,138.14,142.46,136.25,141.8,466616
2022-08-11,143.2,143.8,140.85,141.85,401702
2022-08-12,138.88,139.52,135.96,138.63,410735
2022-08-15,136.22,138.18,135.7,136.3,250699
2022-08-16,135.61,138.6,135.61,138.29,173118
2022-08-17,137.26,138.32,136.41,137.09,333798
2022-08-18,136.1,136.8,134.22,135.06,204205
2022-08-19,133.5,133.5,131.63,132.37,86609
2022-08-22,129.59,132.64,128.03,131.77,211095
2022-08-23,132.16,133.4,131.02,132.04,177977
2022-08-24,131.78,132.92,130.12,130.35,204735
2022-08-25,131.51,133.59,130.68,133.46,132880
2022-08-26,133.59,134.43,130.26,130.88,267495
2022-08-29,128.6,130.43,128.01,129.44,209115
2022-08-30,129.81,130.29,127.33,128.18,203411
2022-08-31,128.91,131.29,128.57,128.89,494923
2022-09-01,128.54,128.72,123.71,126.46,289746
2022-09-02,127.67,129.56,126.22,126.85,201465
2022-09-06,127.39,128.64,126.08,126.42,156439
2022-09-07,125.98,127.81,124.44,127.54,165150
2022-09-08,127.12,129.5,127.1,129.38,120151
2022-09-09,131.51,132.7,130.75,130.85,226006
2022-09-12,132.1,132.83,130.61,131.58,423567
2022-09-13,128.83,129.7,126.8,127.23,201214
2022-09-14,128.01,128.77,126.87,127.58,117562
2022-09-15,126.77,130.43,126.62,127.6,413476
2022-09-16,126.55,129.78,125.57,129.23,485484
2022-09-19,127.93,130.71,127.74,130.11,433711
2022-09-20,129.04,131.76,129.04,131.04,211217
2022-09-21,130.91,133.0,130.0,131.23,368934
2022-09-22,131.42,131.42,128.8,129.01,448876
2022-09-23,126.55,126.98,122.54,122.93,602604
2022-09-26,122.0,123.24,118.33,118.4,279610
2022-09-27,118.82,120.95,118.62,119.91,370046
2022-09-28,119.74,126.63,119.48,125.54,409150
2022-09-29,123.54,123.92,121.71,122.55,227515
2022-09-30,122.93,125.25,122.09,122.8,287361
2022-10-03,124.29,127.3,122.9,126.4,211209
2022-10-04,129.96,133.57,128.58,133.51,356602
2022-10-05,131.34,132.28,130.5,130.61,247761
2022-10-06,129.69,130.88,128.51,129.71,190019
2022-10-07,129.08,132.49,128.77,130.68,281488
2022-10-10,131.13,131.59,127.5,127.85,162049
2022-10-11,127.29,129.4,125.98,127.85,247154
2022-10-12,127.98,130.53,126.78,129.38,312777
2022-10-13,127.87,131.63,126.75,130.42,554220
2022-10-14,131.33,132.27,126.17,127.91,313296
2022-10-17,130.15,132.04,129.58,130.28,329077
2022-10-18,132.35,133.52,131.22,133.3,290662
2022-10-19,132.22,132.9,130.43,132.08,187052
2022-10-20,132.0,133.33,131.57,132.08,583872
2022-10-21,132.5,134.1,131.09,133.15,818035
2022-10-24,133.25,134.7,130.77,134.49,351767
2022-10-25,133.97,139.66,133.93,137.79,373093
2022-10-26,137.55,140.86,137.55,140.07,484171
2022-10-27,140.34,143.24,139.76,143.08,341712
2022-10-28,143.45,144.42,142.07,143.94,246354
2022-10-31,143.0,146.77,142.72,146.36,369589
2022-11-01,148.04,152.38,148.04,152.27,435172
2022-11-02,151.43,151.62,143.89,144.15,411921
2022-11-03,142.15,145.4,141.71,144.5,210850
2022-11-04,147.51,154.99,147.14,152.65,479115
2022-11-07,153.04,155.25,151.64,153.56,418009
2022-11-08,153.38,155.3,152.07,154.05,324592
2022-11-09,152.2,152.2,149.68,152.0,294755
2022-11-10,156.32,156.46,152.36,154.98,431697
2022-11-11,155.7,157.46,154.79,156.98,300867
2022-11-14,156.99,158.21,155.73,156.38,154276
2022-11-15,158.61,158.95,154.84,157.0,328412
2022-11-16,157.0,157.5,155.02,155.83,222692
2022-11-17,153.36,155.46,149.82,151.71,332814
2022-11-18,152.06,153.14,149.79,151.14,203268
2022-11-21,151.01,151.01,148.51,150.16,204546
2022-11-22,151.21,154.03,150.22,153.32,215608
2022-11-23,153.29,155.48,152.49,153.92,231320
2022-11-25,152.35,154.99,148.44,153.48,192342
2022-11-28,152.99,152.99,147.56,147.64,437208
2022-11-29,148.25,150.1,146.59,146.93,309720
2022-11-30,148.27,153.58,146.29,153.55,642866
2022-12-01,153.45,154.26,148.94,151.22,294950
2022-12-02,149.3,151.23,147.83,150.04,207071
2022-12-05,148.31,149.12,146.29,149.07,553144
2022-12-06,149.73,149.97,145.8,148.29,395537
2022-12-07,147.39,147.71,138.05,144.6,1489805
2022-12-08,147.05,148.48,144.26,145.21,414689
2022-12-09,145.0,148.41,143.64,147.78,392853
2022-12-12,146.8,147.7,138.67,139.16,415402
2022-12-13,143.59,143.59,138.07,138.51,341293
2022-12-14,138.35,140.93,135.64,135.78,491517
2022-12-15,135.0,135.08,132.26,133.91,546513
2022-12-16,133.09,134.69,132.07,133.77,865986
2022-12-19,133.69,135.4,132.75,134.29,358296
2022-12-20,135.83,137.16,134.68,135.44,392287
2022-12-21,136.39,136.99,135.14,135.99,344093
2022-12-22,134.76,135.56,131.64,133.4,357568
2022-12-23,133.4,135.04,131.85,134.67,629150
2022-12-27,134.62,135.0,133.29,133.82,320583
2022-12-28,133.82,135.68,133.68,134.69,342896
2022-12-29,135.84,136.39,133.35,135.61,354651
2022-12-30,134.32,136.15,133.71,135.66,364328
2023-01-03,137.0,139.03,136.36,138.12,334808
2023-01-04,140.0,141.25,139.42,140.14,344089
2023-01-05,140.5,142.81,139.44,142.81,583727
2023-01-06,143.49,146.38,142.88,146.0,303652
2023-01-09,147.26,149.1,147.2,147.71,379069
2023-01-10,146.54,149.63,146.54,148.0,391901
2023-01-11,147.99,148.47,144.26,145.02,472659
2023-01-12,145.16,148.41,143.59,148.4,347220
2023-01-13,148.28,149.77,147.45,148.68,378706
2023-01-17,148.76,148.76,143.35,143.44,398613
2023-01-18,144.37,144.87,142.83,142.93,274094
2023-01-19,141.86,144.11,140.81,142.87,365207
2023-01-20,143.64,143.64,139.76,140.27,347635
2023-01-23,140.61,141.95,139.93,140.63,236385
2023-01-24,141.41,141.41,138.5,139.55,189843
2023-01-25,138.99,139.8,138.19,138.95,456009
2023-01-26,139.72,143.92,139.25,143.49,177047
2023-01-27,142.88,142.92,139.68,140.73,238410
2023-01-30,139.7,139.7,131.73,133.59,1124079
2023-01-31,132.81,135.22,132.02,134.3,829495
2023-02-01,134.0,134.8,132.61,134.72,868696
2023-02-02,135.02,135.51,133.67,135.2,338021
2023-02-03,134.02,136.22,133.34,135.73,466805
2023-02-06,135.4,136.35,134.28,135.46,442860
2023-02-07,135.94,137.94,135.41,137.33,316040
2023-02-08,137.31,138.55,136.95,137.97,219429
2023-02-09,138.21,139.24,136.98,137.1,248021
2023-02-10,132.22,134.18,124.86,127.1,1517204
2023-02-13,127.27,132.45,127.07,132.4,659108
2023-02-14,132.01,133.37,129.61,129.73,298570
2023-02-15,127.0,129.79,125.01,129.78,555793
2023-02-16,129.25,129.77,127.32,129.03,374254
2023-02-17,128.9,129.62,127.45,129.57,302042
2023-02-21,129.15,131.35,128.62,129.9,377149
2023-02-22,129.54,130.56,128.27,129.9,547687
2023-02-23,131.06,131.69,129.05,129.05,358347
2023-02-24,128.6,129.79,126.42,128.57,226790
2023-02-27,130.0,130.23,126.64,127.49,292849
2023-02-28,127.89,127.89,125.86,127.42,462213
2023-03-01,128.17,131.41,127.43,131.27,457532
2023-03-02,130.28,130.99,129.78,130.61,416266
2023-03-03,130.72,132.0,129.81,131.91,229052
2023-03-06,131.94,133.21,131.5,132.5,204493
2023-03-07,131.92,132.7,130.4,131.65,558748
2023-03-08,131.85,133.01,131.02,132.84,412626
2023-03-09,132.46,132.81,129.88,130.0,1072663
2023-03-10,129.11,131.25,127.23,128.77,432392
2023-03-13,125.61,127.15,124.33,126.57,482112
2023-03-14,129.27,131.45,128.47,129.85,673539
2023-03-15,126.3,127.38,123.88,127.34,771833
2023-03-16,125.73,128.57,124.62,127.04,837980
2023-03-17,123.95,125.68,120.99,124.61,1382438
2023-03-20,125.11,125.11,120.8,124.35,469691
2023-03-21,127.64,129.61,126.73,127.99,471003
2023-03-22,128.42,128.42,124.58,124.79,336645
2023-03-23,125.91,127.89,124.24,124.86,587236
2023-03-24,123.19,125.0,121.71,124.28,308714
2023-03-27,125.85,129.42,124.7,128.3,240066
2023-03-28,128.35,131.56,128.26,131.44,252862
2023-03-29,131.75,135.45,130.98,135.25,322154
2023-03-30,136.3,136.3,131.91,132.12,472024
2023-03-31,133.3,133.85,131.67,132.39,587916
2023-04-03,132.74,134.05,130.59,131.32,237829
2023-04-04,130.85,131.56,129.11,130.36,269882
2023-04-05,129.72,131.12,128.46,129.61,187532
2023-04-06,129.39,130.01,128.74,129.49,113761
2023-04-10,129.14,130.23,128.3,128.84,307661
2023-04-11,129.25,130.45,127.78,129.26,282368
2023-04-12,130.47,131.16,129.07,130.17,286802
2023-04-13,130.39,131.91,129.44,131.24,202642
2023-04-14,132.41,132.8,130.53,131.62,234564
2023-04-17,131.26,133.28,129.68,132.5,225592
2023-04-18,132.4,132.7,131.55,132.43,314525
2023-04-19,131.6,133.39,130.21,132.74,254424
2023-04-20,132.67,134.29,131.5,133.63,201045
2023-04-21,133.08,133.62,131.69,133.22,196346
2023-04-24,133.49,134.76,132.61,133.99,148284
2023-04-25,132.85,134.54,131.94,134.43,187915
2023-04-26,134.58,135.54,133.19,133.4,235098
2023-04-27,132.59,134.52,132.49,134.0,174778
2023-04-28,133.07,135.48,133.07,135.48,207462
2023-05-01,135.65,137.56,135.54,136.57,177857
2023-05-02,135.87,136.11,131.45,132.7,515020
2023-05-03,133.51,136.25,133.09,134.1,261126
2023-05-04,134.04,134.84,131.34,133.91,282212
2023-05-05,135.54,141.72,135.35,141.35,298034
2023-05-08,139.64,148.13,137.34,147.12,579046
2023-05-09,146.67,147.51,144.4,145.42,445126
2023-05-10,146.44,146.82,141.76,141.93,581522
2023-05-11,140.57,142.39,139.71,141.0,302729
2023-05-12,140.6,141.53,136.58,136.96,215940
2023-05-15,137.61,137.98,135.71,137.13,536163
2023-05-16,137.51,137.51,134.78,134.79,406852
2023-05-17,136.19,137.23,135.15,136.51,271983
2023-05-18,129.49,130.55,126.64,128.93,249291
2023-05-19,129.68,132.83,129.1,132.75,430373
2023-05-22,133.7,133.99,132.0,132.72,227358
2023-05-23,133.81,135.61,132.73,133.28,373357
2023-05-24,132.25,134.54,131.92,133.43,241441
2023-05-25,133.28,134.96,132.74,134.04,357658
2023-05-26,134.93,134.93,131.98,132.0,352197
2023-05-30,131.44,131.74,128.33,130.31,502906
2023-05-31,129.02,130.53,127.22,129.45,1021630
2023-06-01,130.89,132.89,130.31,132.24,287791
2023-06-02,134.39,138.04,133.13,136.97,394735
2023-06-05,137.86,138.35,136.97,137.96,178164
2023-06-06,138.42,140.75,138.11,140.49,279677
2023-06-07,140.41,141.35,139.3,140.02,441187
2023-06-08,140.03,140.91,139.35,140.73,353167
2023-06-09,140.05,140.63,138.72,140.5,375915
2023-06-12,140.11,142.48,140.05,141.7,213045
2023-06-13,142.54,143.85,140.57,143.64,292473
2023-06-14,144.15,147.1,144.15,146.07,480228
2023-06-15,146.2,148.75,144.41,148.4,337944
2023-06-16,149.14,149.73,147.08,149.29,610284
2023-06-20,149.0,149.58,147.03,149.05,514140
2023-06-21,148.56,149.92,147.16,148.25,218549
2023-06-22,147.8,147.92,145.14,146.24,322148
2023-06-23,144.91,145.25,142.11,144.3,454545
2023-06-26,145.04,145.92,144.3,144.63,197726
2023-06-27,145.38,146.09,144.5,145.0,180691
2023-06-28,144.75,145.7,142.88,144.94,217631
2023-06-29,145.77,146.64,144.49,146.0,130776
2023-06-30,147.18,148.9,146.16,147.64,307763
2023-07-03,147.54,149.05,147.1,147.88,68225
2023-07-05,146.93,150.61,146.02,150.48,362915
2023-07-06,149.09,150.56,147.38,147.5,234174
2023-07-07,149.65,153.38,148.92,151.71,384955
2023-07-10,151.0,152.98,149.95,150.59,277663
2023-07-11,151.65,152.26,147.43,149.73,342163
2023-07-12,151.08,151.65,149.7,150.02,205854
2023-07-13,150.08,153.35,148.41,152.1,306256
2023-07-14,151.82,152.67,150.5,151.63,212518
2023-07-17,151.05,155.96,150.36,155.44,297268
2023-07-18,154.73,157.23,153.2,156.25,295660
2023-07-19,156.17,157.07,154.83,156.29,161156
2023-07-20,156.2,156.85,154.77,156.81,196974
2023-07-21,157.5,157.78,156.03,156.73,149719
2023-07-24,156.15,157.34,154.8,154.91,136690
2023-07-25,155.09,156.31,154.36,155.5,205262
2023-07-26,155.39,157.8,155.16,157.2,112892
2023-07-27,157.4,157.4,152.99,154.96,183637
2023-07-28,157.31,158.37,155.03,158.03,94215
2023-07-31,158.15,158.53,156.01,157.05,241577
2023-08-01,156.27,159.11,156.27,158.47,193893
2023-08-02,157.19,158.33,153.4,154.21,270224
2023-08-03,153.56,155.26,151.5,153.38,148540
2023-08-04,153.38,154.84,153.17,153.88,74224
2023-08-07,154.38,156.51,154.09,155.57,149048
2023-08-08,153.6,156.9,152.46,156.43,143544
2023-08-09,155.69,158.33,155.69,158.08,182550
2023-08-10,159.06,160.15,157.72,157.72,321086
2023-08-11,154.01,156.59,149.5,149.93,389454
2023-08-14,149.01,150.61,144.28,145.32,321483
2023-08-15,144.63,145.83,142.52,142.53,194061
2023-08-16,141.85,143.0,139.45,139.99,370459
2023-08-17,140.24,140.66,137.97,138.93,272460
2023-08-18,137.97,139.22,136.5,138.8,169926
2023-08-21,139.34,140.57,137.5,139.8,253991
2023-08-22,139.76,141.77,139.76,140.28,216306
2023-08-23,140.41,143.58,139.21,143.42,145230
2023-08-24,142.88,144.21,141.24,141.27,153054
2023-08-25,141.06,141.86,139.54,141.52,158905
2023-08-28,142.45,143.53,140.46,142.36,180442
2023-08-29,142.53,146.15,141.62,145.5,216320
2023-08-30,144.95,146.27,144.43,144.7,191614
2023-08-31,144.26,145.12,139.64,141.43,496693
2023-09-01,142.19,143.81,141.26,142.94,112944
2023-09-05,142.43,143.81,138.35,138.4,152604
2023-09-06,137.89,139.21,136.89,137.56,140397
2023-09-07,136.88,136.89,135.03,135.23,173033
2023-09-08,135.92,137.6,134.23,134.52,117619
2023-09-11,135.76,137.15,134.46,136.24,75600
2023-09-12,136.28,137.9,135.05,137.28,109168
2023-09-13,137.55,138.61,136.47,136.88,109562
2023-09-14,139.14,139.14,136.39,137.86,140140
2023-09-15,136.83,137.9,134.35,136.39,602671
2023-09-18,136.25,137.83,135.45,136.89,176551
2023-09-19,136.98,137.23,135.61,136.14,110742
2023-09-20,137.1,138.38,134.52,135.0,136298
2023-09-21,133.62,135.4,132.21,132.39,187919
2023-09-22,132.41,135.25,131.46,131.71,189011
2023-09-25,132.19,134.41,130.65,132.16,212834
2023-09-26,131.99,133.39,128.92,129.37,346074
2023-09-27,130.16,130.56,128.25,129.65,210575
2023-09-28,129.81,130.43,128.5,128.95,261947
2023-09-29,130.02,131.05,127.53,127.97,229300
2023-10-02,128.1,129.02,122.97,123.69,303570
2023-10-03,123.18,125.15,121.5,124.71,322298
2023-10-04,124.77,125.29,122.82,123.62,273337
2023-10-05,123.26,125.01,123.26,123.85,142864
2023-10-06,123.83,127.36,123.2,126.9,355950
2023-10-09,125.67,127.71,125.23,127.01,193382
2023-10-10,128.04,128.23,126.52,126.81,187413
2023-10-11,127.49,130.09,127.49,128.31,210064
2023-10-12,127.72,129.49,125.13,125.44,164421
2023-10-13,125.77,127.44,124.62,124.67,220211
2023-10-16,126.61,127.66,124.98,127.11,299993
2023-10-17,125.84,127.44,125.26,126.18,174531
2023-10-18,125.65,127.54,124.23,125.99,248747
2023-10-19,126.19,127.52,124.76,125.96,273060
2023-10-20,125.53,126.4,123.85,123.89,203347
2023-10-23,123.49,124.63,122.43,123.34,182967
2023-10-24,123.9,126.23,122.75,125.48,227452
2023-10-25,124.84,128.29,124.52,127.53,246840
2023-10-26,127.42,129.86,125.88,128.02,206289
2023-10-27,128.42,128.42,124.39,125.12,188343
2023-10-30,126.37,126.44,124.14,125.15,179622
2023-10-31,124.76,126.14,123.98,124.96,293045
2023-11-01,125.72,126.66,124.49,126.55,106500
2023-11-02,127.51,128.72,126.38,128.5,200326
2023-11-03,124.18,126.6,118.98,121.57,894589
2023-11-06,121.92,123.57,120.73,121.36,266967
2023-11-07,120.24,122.5,119.29,120.85,384233
2023-11-08,120.41,121.07,119.64,120.59,222688
2023-11-09,120.79,122.33,119.36,119.36,233045
2023-11-10,119.08,122.72,118.5,122.53,194718
2023-11-13,121.68,122.8,116.42,116.42,320297
2023-11-14,118.87,121.73,117.15,121.53,306157
2023-11-15,120.98,123.69,120.62,123.61,232470
2023-11-16,123.61,126.15,122.91,124.87,421289
2023-11-17,125.6,128.43,125.29,127.76,243670
2023-11-20,128.06,131.82,127.68,131.05,287198
2023-11-21,130.61,131.76,128.63,129.26,354408
2023-11-22,129.26,130.14,127.11,127.71,211894
2023-11-24,128.21,130.08,127.96,128.62,131471
2023-11-27,127.86,128.06,125.26,125.56,269896
2023-11-28,125.79,128.22,124.77,125.72,804215
2023-11-29,126.33,127.91,125.56,125.93,367384
2023-11-30,125.93,126.73,123.91,125.53,553228
2023-12-01,125.5,129.62,124.43,128.35,415767
2023-12-04,127.15,128.63,126.5,126.82,214503
2023-12-05,126.94,129.04,126.5,128.61,201920
2023-12-06,129.29,130.41,124.92,124.92,364461
2023-12-07,125.19,126.22,123.65,124.93,398292
2023-12-08,125.05,125.05,122.73,124.67,176468
2023-12-11,123.82,126.11,123.82,124.53,176875
2023-12-12,124.25,125.62,123.8,125.3,157570
2023-12-13,125.83,130.66,124.52,130.29,243065
2023-12-14,132.19,140.45,132.19,140.33,606315
2023-12-15,143.13,150.59,142.22,150.36,1107198
2023-12-18,149.54,151.54,146.38,151.51,797500
2023-12-19,152.06,154.3,150.04,153.97,670709
2023-12-20,154.14,155.13,151.26,151.36,622537
2023-12-21,152.18,153.2,149.05,152.6,314325
2023-12-22,152.6,153.68,151.24,151.54,155236
2023-12-26,151.75,153.21,151.44,152.39,90082
2023-12-27,152.49,152.95,151.62,152.12,97804
2023-12-28,152.53,153.29,150.03,150.91,91685
2023-12-29,150.43,151.12,147.85,149.93,206290
